,window_size_1_RMSE,window_size_2_RMSE,window_size_3_RMSE,window_size_5_RMSE,window_size_10_RMSE,window_size_15_RMSE,Plain_wAll,Exp_w200
0,0.768015265639571,0.7274706939878198,0.7420733670543425,0.7856677240264024,0.8084221454732338,0.8305487015325432,1.5304439571685302,0.9301149868309844
1,1.5346417274475075,1.0878899904003119,1.1517941645594767,1.0875476463365057,1.0229553272506842,1.0090374194518021,1.2826364238590526,1.0548871881610495
2,1.324174598746648,1.1695050951214307,1.1427540196039587,1.1181482115909585,1.055237947193977,1.0609750413355272,1.4215606106634295,1.063919609732911
3,1.2418098684452787,1.116692471013513,1.097685222184745,1.0744238947598808,1.030621656238925,1.0181786577227578,1.6545944714056184,1.1075425474655625
4,1.6016363585525337,1.1524610106295672,1.1210340971229005,1.0361549135175083,0.98007913332736,0.969609621795499,1.6866857622863043,1.2535463032886052
5,1.4880418332137146,1.147070224258049,1.1115242843530597,1.0554302969511482,1.0278818128093774,1.0121100071304288,1.293706467058974,1.1501441729612578
6,1.1262375969142773,1.0347181442738143,1.0206628284364068,0.9976066620625933,0.9667894435655107,0.9521934829129471,1.4813901411722823,1.0492870158549537
7,1.2992624309199607,1.097539964015667,1.0833570385754399,1.0840055527286092,1.047100799192323,1.054943799521027,1.4531958815570107,1.1067004120118766
8,1.101022901961957,1.0244218009169896,1.009634621316758,0.9894027664382306,1.0166634130312941,1.032300937898529,1.399094915733402,1.0568303240711128
9,1.2973858911806873,1.16833653727415,1.1352919386076687,1.1035214560936297,1.0856974681021336,1.064748282424345,1.4355614889087187,1.0555834801574024
10,0.9080986044438787,0.8636502389088513,0.9062919873258446,0.9587508562772765,1.0122749940409939,1.058577546942957,1.2185649842402149,1.043809914546317
11,0.771987814873543,0.7717519904547517,0.8091106323556914,0.8528518150652806,0.8767097389720666,0.8644318755151903,1.6427807063302595,0.9200641933632808
12,1.088509973702239,1.0391254923317852,1.0400056833394615,1.0290784780825286,0.9908104741181109,0.9935445334403639,1.6400285649241535,1.0755129296095722
13,1.0945850920036935,1.0632587412399732,1.044856657030492,1.048225211439528,1.0514621467100793,1.0310558987712004,1.3224281398597475,1.0265179146924006
14,1.3840871740338774,1.0764799501553315,1.0387846270839494,1.0130631150244092,0.9698947443614816,0.9542756708427927,1.7076290877515534,1.0655969842302948
15,1.6647280339208446,1.3001291862127247,1.2773116605967938,1.1811205967639153,1.1171120286709126,1.0971430425211612,1.4792761992291263,1.1905561432304097
16,1.325967286677811,1.2229823238554827,1.2267598134510138,1.262914027861224,1.279123713496294,1.2823291044992706,1.4681893418405112,1.1261063433481966
17,0.7778763028968328,0.7085438129032282,0.7279767193593294,0.7648942456388212,0.8000419162650905,0.8194873279072039,0.9851621649320724,0.8939695927169237
18,1.3645109986342998,1.100182799289034,1.107581837028338,1.0456176470126937,0.9912974126372238,0.9762292155139396,1.5108635386905096,1.052369576047447
19,0.9348379803198376,0.9538486784452787,1.0409952550077053,1.1373429845920668,1.2043230165224126,1.2128120243454563,1.2840014660465584,1.0472860487335165
20,1.1837095385067458,1.0623287533249899,1.0516141287672813,1.0209184527989492,1.013041011623163,1.0171453204284941,1.6841273761917364,1.1244077641423749
21,1.0647558901128609,0.8288932311472045,0.8356024808185781,0.8072573840135827,0.7897311085318119,0.7863120154732618,1.089022182640237,0.9028127228652424
22,1.1845255842794322,1.1358735146149515,1.0840153817558646,1.0537611835053315,1.0195517691902305,1.0052916850107483,1.3672790837247026,1.0073430615799073
23,1.3763959649728483,1.1240144643124705,1.1524018165340977,1.1399474555289395,1.1386280633921424,1.1303453243881825,1.5118609516511758,1.2121239453343045
24,1.4225643580319782,1.205349578168063,1.1372250639212538,1.1188278531040303,1.1096608210476697,1.1013603099177767,1.3866777539434123,1.1028944614161715
25,1.211576713930339,1.138913551487572,1.1326704926033833,1.100991132211085,1.0243490275237357,1.0159425109930997,1.7523513968376856,1.1663021521604349
26,0.8186669758724515,0.8054970296641617,0.8002654976877229,0.8259055965164581,0.9088018586007415,0.9784837884649398,1.4027225390150475,1.173269157274332
27,1.1667847707510983,1.105096698252478,1.132165534313986,1.2034512951714005,1.2403427221007493,1.2639971785169812,1.336265372158262,1.1000312740103138
28,1.2168947818311158,1.142569447635118,1.1100393106765025,1.0833570139294806,1.0270344415116313,1.0176705819022758,2.865187986007608,1.02721276308609
29,1.3422092573609692,1.1273657736559524,1.0973791809470321,1.0586075736417753,1.037351643531704,1.0203181430861057,1.6131189194786089,1.0336560984147922
30,1.097676785996226,1.080253738375495,1.0637778805922107,1.0542961255193126,1.0382072764286274,1.0356126912173913,1.4157436143012725,1.0691207500858335
31,1.3124828770663837,1.0134294596613234,1.017595965973229,0.9598383342205254,0.9342298223632441,0.9231945976393359,1.3839166932850646,0.9665711746434228
32,1.2566184159235527,1.0625683114227091,1.0514255140916293,1.0046437895927762,0.9608576194944395,0.9561126070538463,1.3727736351144155,1.0484891875575648
33,1.3185447583391319,1.1532723124945499,1.155617096147058,1.1613311413499972,1.1313168345248337,1.1439353973291115,1.3650204544475444,1.0889384058494116
34,1.2756598684365847,1.016224690557395,1.019347961694495,1.0001088607077389,0.9919796542074368,0.9850725863675489,1.3068993519388843,1.1555516048600964
35,1.4598326180488015,1.2572032538557025,1.202521865099357,1.1751443048938441,1.1265784622441355,1.1322626533369784,1.7813915918912837,1.1763962791506468
36,1.255268895805455,1.132930857741917,1.0981043076633363,1.0581575201219755,1.0283753590464648,1.0107950509777486,1.7512640002134654,1.0703388285981243
37,0.8202504673181175,0.8014798259934715,0.831835914424651,0.918884279506098,1.033721043256277,1.0800956659692453,1.2655296865025347,1.1213517826448602
38,1.3313789620179588,1.169818690897115,1.114900751998342,1.0792033851464984,1.0377542025018696,1.0169490008312048,1.340484203985958,1.1305590780422696
39,1.2155157654826065,1.1516546692793894,1.1393540037515593,1.1650891439187516,1.0807891848699087,1.0641045093192538,1.5571170594483617,1.0609807259684434
40,1.3079444971575145,1.100945009075256,1.1227243273964147,1.1091520348511958,1.0567177745782375,1.0404859668144888,1.4507456574793662,1.0097534022730696
41,1.3505240301492525,1.2488625094042232,1.1432180336238313,1.1093086520586284,1.075048239707158,1.0592575036808993,1.4119968820968547,1.148311586148104
42,1.1573483296149456,1.0745649473288004,1.0614845219811226,1.0561895087301962,1.0317847279008205,1.034938489103416,1.3597103139387672,1.113016994233784
43,1.4398840949975078,1.1389840378479776,1.1512074517445425,1.1171061842599175,1.116297057922932,1.1071341063569822,1.206760659494913,1.1861277059183828
44,0.8474274257270527,0.807236962802576,0.8384606457978974,0.8741687053195971,0.8760546840527972,0.8631911267530239,1.2909065273119529,0.9693601436221172
45,1.3566970927384339,1.1879277929892602,1.1254496259932822,1.0754726257719325,1.0334054644011967,1.017559876306593,1.299306164663171,1.088429347663745
46,1.0812169351923133,1.0826733559948205,1.0810244413411039,1.0653425131480434,1.0578625356627014,1.0437036743835748,1.5574947346434846,1.0976716526560426
47,1.2013224777534166,1.0539355205115764,1.0576044199325745,0.9981026599160494,0.9696180185996729,0.9525026349165097,1.273563257809922,0.9996512735826738
48,1.3206673113403073,1.1563366543770266,1.2406650227867064,1.2209664153993458,1.1482664359378494,1.1275644359093315,1.4812812609274637,1.1156558298510597
49,1.208568695095023,1.0747861631018798,1.04404294186394,1.0096080703866035,1.0025328101932838,0.9926721910435169,1.5507157094936703,1.0511271478330562
50,1.3464296834692575,1.1687465982413072,1.105834190761944,1.0721755660299659,1.0437519931349772,1.0330940910519402,1.4290988805801033,1.042155453415522
51,1.4304641686712567,1.0712489624226218,1.0749389250972048,1.0160161626008017,0.9574428525230757,0.9527434669068877,1.371258707888385,0.9922018156695444
52,1.2583851741625578,1.1776185845467644,1.126316784561229,1.1042213705111141,1.0870753798119623,1.0669974893702812,1.5780881053682732,1.1104988942798353
53,0.8931467345343009,0.7946451929216461,0.7749047998421764,0.7932559352598735,0.8368607636969698,0.8600664169520432,1.0785061164293732,1.6021171705918484
54,1.5280969126895907,1.253823243568986,1.2413960516995344,1.1789596045180393,1.140435099916371,1.1307418139743621,1.4402785295331055,1.276806553193712
55,0.7683493018519671,0.7710971043477288,0.7902191285313725,0.8205783706422162,0.8652628525611303,0.9234644276587606,1.5953699904513612,1.024600590701393
56,1.4191519530313388,1.194413253974968,1.160266190010842,1.0875018349593475,1.0439034345625169,1.0220121468223313,1.6646808219566225,1.0691863892110944
57,0.8036490906772147,0.841048924064528,0.9443116411847424,1.1053395988494414,1.2655076456362941,1.3035938458810783,1.2148842714538388,1.0480428897391438
58,1.1827217688736826,1.124642371243735,1.0687732630317661,1.0354546106896105,1.0133552235370749,0.9949633948845555,1.5800746105849257,1.0909243615020323
59,1.0597064006655836,1.0163823784868469,1.0344781574813904,1.0498971357935942,1.0284819951242277,1.0155763285679222,1.3177975946852056,1.115179280141469
60,1.304398017978653,1.191869244918223,1.11324413023058,1.0362225438615147,0.9941767835106884,0.976609406273938,1.3453241225045167,1.0662402408832832
61,1.2093302951373759,1.1184739932579455,1.081695674245729,1.0426376038750096,1.0124011648194668,1.009393773537565,1.2689156946802784,1.056198429837104
62,0.9385621702667298,0.9536938451517625,0.9649155389495472,0.9389023845804054,0.8852864456510798,0.8932809246000716,1.325755707267432,1.0834781401168407
63,1.4844536515901416,1.1243050560865964,1.097983470837443,1.03747827150378,0.988676998028387,0.9814243939557358,1.2254809871513628,1.0362655746005835
64,1.2175946067939942,1.1992099274557093,1.19240749035494,1.1698876112029897,1.1496264877652822,1.1167313915432702,1.3644503322587085,1.1134175787325824
65,1.5736082266168234,1.289414018575502,1.2080007225923384,1.1501098321381797,1.1222460787053556,1.0976964533403435,1.4635557495257394,1.15256222732546
66,1.1181607647194765,1.1400539306936952,1.1864243956882565,1.2519807685230238,1.2494806405621877,1.2662318359430393,1.600053648921829,1.3474716121974013
67,1.3987594014290723,1.3049461819464363,1.2355595010849454,1.1965702596393393,1.1545547548898458,1.1292827335686995,1.581005178543495,1.1989333146582144
68,1.341333982035189,1.0833316744075985,1.1078768489333937,1.0884468409166015,1.0614287721582876,1.0511450208323172,1.5342298653230966,1.0759055847214791
69,1.1285447160082926,0.9616971044953049,0.9776141824307484,0.986146677175788,1.047271797166433,1.0630942548946531,1.2253584923694318,1.2328841298071265
70,1.32786217354617,1.1678678728385488,1.1001378537523192,1.0705094647283233,1.0540045866286143,1.043008933491644,1.7032953485724462,1.212833732595015
71,1.2392177599455814,1.1300959561379647,1.064592408156902,1.0227629082612062,0.988556296481978,0.9798214351300608,1.630831371113752,1.0112033831172893
72,1.336471625961499,1.0840644855124155,1.1541375286184887,1.159810670979705,1.1132410611239,1.119114341196708,1.3340206630433524,1.017373457606359
73,1.76572003932208,1.2813449290684793,1.2974599411441585,1.2116148373294346,1.1701685243233246,1.1532878954186652,1.7709937224387675,1.1994078410781766
74,0.9991663324016831,0.917285247063121,0.8940020880987082,0.8712540180482252,0.8816330324623056,0.8982076114007236,1.8117247905023848,0.9342653097565834
75,0.6007537245922775,0.6171081054769101,0.6293947174349895,0.6560189718667568,0.6914097969705748,0.7017796377243711,1.2722128885160553,0.8219295131743841
76,1.2513531570342262,1.1722510660300995,1.1189356869874925,1.1145074605007,1.1180323622771928,1.0751650209540213,1.6486524045719555,1.0479742091896538
77,0.7695460321891078,0.7430564526576835,0.7570974432920491,0.7941576010038538,0.8617636116093211,0.8806475773257721,1.1705465624906972,1.135889957066592
78,0.9259144346615364,0.8732865661362863,0.872715186021932,0.8641281681821094,0.8935181447093835,0.9103342213301211,1.2131773708038704,1.0017837859124417
79,1.3936560014303372,1.1838839262696352,1.1642385474743278,1.1614638768621541,1.1395991861085188,1.1127439254250457,1.7676400728772097,1.1081730947435209
80,1.4157277079012454,1.2054728681776083,1.160606445310419,1.098566466641183,1.0760584732581921,1.072431270272964,1.6756767264443253,1.1011459131118746
81,1.2879877785302387,1.2033172789065307,1.1569289367395328,1.0994262289768642,1.0617586631027183,1.060863124098988,1.550251841379263,1.105751396738152
82,1.0887188353115156,1.044190394671908,1.0383097409257018,1.0437554799531545,1.0272822783673703,1.0100941094990636,1.508214571496222,1.0316867955552365
83,1.2516143152946035,1.080313083671032,1.0419122820885336,1.0153519240612485,0.9971501941727354,0.9941186086613925,1.4655788108781005,1.0015589099830258
84,0.9742894519955957,0.8828974678718852,0.8769729437878744,0.8758788293758495,0.9203087929467372,0.927629009241742,1.2303293150293744,0.947345620827193
85,0.9094978464805201,0.9656148995946175,1.033713185908828,1.100529371143739,1.064202350642155,1.0379116629455463,1.5962038443888853,1.0467457997361105
86,1.2370139196503276,1.0059816028816444,1.0249209320756207,0.9861456197150013,0.9437871618074306,0.9421336596902068,1.4152710044952448,1.153294957972199
87,1.2118533365753075,1.0818866196099863,1.0414740766291444,0.9953126563137992,0.9642481111329068,0.9605021414069556,1.3624868686319396,1.01808208590947
88,0.8843844401658317,0.9372108171344866,1.012639422435395,1.0622209646199061,1.0862006103977035,1.0542862645865045,1.3990584052847268,1.1110229997585053
89,1.2269301773364205,1.0416242092089083,1.0032309797277772,0.9936787557302484,0.9945298634894982,0.9940042446209971,1.3930607556696877,1.0579093864914997
90,1.140029879000936,0.8779542697969165,0.8529884025942949,0.8069173246500777,0.7839027719761789,0.777694353102788,1.217491711549414,0.9260154579755449
91,1.335782890293142,1.1711995616318718,1.1578947584235255,1.0958366892056568,1.0858525837446444,1.086771369286366,1.8651099058231415,1.054132530654407
92,0.9698546589140735,0.8622186454807947,0.8938652353086017,0.9612625053510565,1.015287309746387,1.0160117421489059,1.2471208968573,0.9409493820284216
93,1.2505231579115919,1.11633081173436,1.092389663881644,1.0650098887594706,1.0503219743506569,1.0339983199237497,1.7095324477453009,1.073562637514009
94,1.2682912385645921,1.0207623363833929,0.9979159155628881,0.9378958452367322,0.8918734324258178,0.8780729875249488,1.2978216650533918,0.9582880683093244
95,1.0029065428084116,0.9663406425081176,0.9541498144608279,0.9641161917255877,0.9704503755410779,0.9468640189095794,1.379117193971044,1.0517905799154303
96,1.2720923520867646,1.1622770823845463,1.1588765630187965,1.119737621329398,1.0969637379379777,1.0890045246044417,1.325567774547141,1.1197536813034876
97,1.2055062773780734,1.116844536620977,1.106635794770241,1.0740645008150085,1.1022336430691408,1.067514747269925,1.4747069949180998,1.1261045899224964
98,1.1859892440841204,1.1817968169261244,1.2108525957842657,1.181632814651302,1.2394568237552472,1.2202878410374356,1.189320068150913,1.1512504472331244
99,1.267236324820644,1.152476983885573,1.1751025214721764,1.1514269190738853,1.1219169977376005,1.1127653484358926,1.4296121208113737,1.0712285321541284
100,1.378384171670666,1.0719554049309419,1.0831189793689018,1.0439924090924633,1.0215888105463466,1.0080012448607947,2.389155747263169,1.0923946459547555
101,1.1733773034270463,1.11444340286109,1.0844952842378401,1.0725611381540692,1.0633876999575065,1.0638194635703644,1.6010710423183414,1.0894985295650377
102,1.2941438514257881,1.1572088241271208,1.11373767595419,1.0767163499258925,1.0331362492922926,1.004475874314453,1.3265333511131123,1.0220252602818425
103,1.3333435206134865,1.2307150635201727,1.1798954327718754,1.1536301861940796,1.109493728499459,1.1013387911856265,1.5254417450972466,1.2543943160818118
104,1.4256654106101756,1.2886826413343486,1.3596583078809825,1.4141507190535298,1.414876436541177,1.4059594846047325,2.866209566060791,1.2031763087684235
105,1.2978612134487546,1.1531600194010267,1.1367419252521087,1.110101715722728,1.0577570059076664,1.0549520165658903,1.3185336954982432,1.0886049470757797
106,1.3868333986919856,1.2056496134649217,1.1396816032772168,1.0858082971666754,1.0281367994186907,1.0185922781598862,1.6070652940446064,1.116130372730875
107,1.0037871880539575,0.864402226073223,0.8698064612378883,0.867332572366123,0.8746995494522182,0.9006690998645877,1.4783344225169333,0.999320177403926
108,0.8715983441879063,0.9055710070662576,0.9601281814120242,1.0575277073944362,1.039893439379248,1.0561238922493195,1.5697589007174506,1.0633598442397003
109,1.0821466384071587,1.0431264185134033,1.0433238137338905,1.0545797555159344,1.050284302587445,1.066981794599273,1.546014264327047,1.0304563941204243
110,1.2898277245280163,1.1231218626584245,1.1037301477164838,1.0504820923861669,1.0572350774823622,1.049071704198783,1.360295949122758,1.0428239291995325
111,1.2661347000171526,1.0201196581301213,1.0242442418666422,0.9744233474842893,0.9470173272242246,0.9325487195817088,1.2220644544956651,1.0325373191940517
112,0.9971012197614199,1.001097992255616,1.0336841162279025,1.0821654562327954,1.1077432591421348,1.0524571782687677,1.4238233687214523,1.0406747718404556
113,0.9551601009877022,0.8029105309326712,0.8279178288772066,0.7940435714224762,0.7630502000866323,0.7598446178337381,1.3449467020455603,0.7880648257122158
114,0.6654089191484039,0.7104472402745947,0.7759641365427731,0.8692465091128443,0.9025149686957233,0.884544468298001,1.2394207793653325,0.9242453087120028
115,0.654401862807412,0.6912081731741249,0.7060664109799996,0.7264649937943374,0.7629385768998962,0.7788687547380848,1.260778023380096,0.9746584252693452
116,1.184363254812619,1.1569395754857836,1.1645220831138623,1.1501976370190738,1.0979671819757801,1.0769466622066846,1.4309149734702962,1.0653077354621336
117,1.07240426898904,0.8860615296461921,0.9121508403380179,0.911834481088842,0.9110322144222275,0.9035045818756011,1.8866540488026269,1.0024087426303137
118,0.8145968743643108,0.7545306487578612,0.7460593567708287,0.7441525716100212,0.7283520276378852,0.7195550475506274,1.044027777965974,0.9847105557069626
119,1.2082169181818545,1.1060949857809248,1.0860379992173759,1.0780146453413941,1.0540141922097108,1.0663189281405305,1.449963930361171,1.198739705524169
120,1.4963753336569838,1.2075587302644613,1.1787709343253945,1.1438541052522062,1.125805314767839,1.104502971798406,1.581911779415784,1.132027947574366
121,1.441053646994614,1.1127702317305683,1.0809096380418364,1.0385701964317802,0.9931370953486917,0.9835097156301292,1.3615128705005373,1.0615944302220388
122,0.8677331882689536,0.8895545823594821,0.9401276551814374,1.0145348925228084,1.0694753212472206,1.0979666156402503,1.3391935715852332,1.0733573810508652
123,1.135522120374518,0.9794168412335971,0.9760105426621846,0.9326525475142925,0.884991116119241,0.8803185936207902,1.543364973696702,0.9595095319694302
124,1.0309590515003286,0.8680071802882188,0.8303248532912801,0.7977162393741718,0.7726301831559155,0.7676799795137879,1.130787022739208,0.8288033140451156
125,0.9028142477466577,0.9150146608914013,0.9298936019377607,0.9701402584119555,1.0090296171933482,1.0165666401861715,1.4817634992446795,1.1423413953253203
126,1.2396155148225758,1.11737431276846,1.1062646640428866,1.068812624203736,1.0267846843051394,1.0097250137893716,1.3565541703515052,1.0213570806859016
127,1.3006838664517304,1.0642837179446796,1.0516408900794108,0.9924375837719305,0.9701999587710508,0.9579023477852202,1.2218039587787175,1.1051049132940267
128,1.2077327688528616,1.0113002464616296,1.013927884770117,1.0163732098837004,1.0416491658239528,1.05198804872571,1.4951716954174257,1.11741616713282
129,1.053741856452322,0.8611375112523499,0.893651843550491,0.866663845974563,0.8264049616519115,0.8120112573050402,1.1772493256676726,0.8633032395114989
130,1.0369662778930904,1.0666971394194145,1.1179079899146567,1.1798085748147542,1.1078901070741292,1.0771664778739165,1.4445186706637656,1.091886306198994
131,1.2075396187426655,0.9204169631503211,0.9485190381304807,0.8989584586264924,0.8798794576325365,0.8672927665165964,1.260141586775637,0.8846541147261234
132,1.3331102926737535,1.0644677667746538,1.0732518615427304,1.059375375538824,1.0405522780082248,1.0426104914240304,1.3722649310905808,1.1153996686569696
133,1.0777147348351153,1.1022812927051273,1.119857543469069,1.1305439443579457,1.0951536405061733,1.1123617053411954,1.4413151436513,1.1056074570232142
134,1.1816185461585451,1.0133724496664216,1.018941814935445,0.9897342773619198,0.9652917548802952,0.9442213459130773,1.3829353592746036,1.0281325659204503
135,1.2257647420165507,1.1141550702471608,1.1419072165334427,1.1361247238168297,1.0943656068854164,1.0848995297106487,1.2785679319365333,1.0159907983533052
136,1.0056624495214586,0.9294963811644682,0.9653997253257968,1.0221402757736722,1.101618369355008,1.1715066768829971,1.3810661159407416,1.223756158487151
137,0.9839143210201812,0.9390191003887659,0.9580392900819471,0.9666303555716002,0.9617349738770288,0.9511737400453047,1.3315590683517882,1.0864406864431004
138,1.1565664086979799,1.0291751044829835,1.0231368572307604,1.0146229936281093,1.0371189141292094,1.0323929976543742,1.4042420759346448,1.0408569925942168
139,1.3577739605937413,1.1818488859939007,1.1122408465199964,1.0638887757442657,1.0123481307838353,0.9988046712869216,1.3623445609466125,1.020299970667051
140,1.3974107818215085,1.0315211667857282,1.0436779511320735,0.9769033349291535,0.9344928322720348,0.920241599475646,1.6917190652693257,0.9329730000421734
141,1.1007131769307392,0.7948337045030089,0.8470674021388306,0.7936369534188996,0.7343031782607117,0.7305659500436441,1.466642726389702,0.7536131064846938
142,0.9420221662560242,0.8812817137171143,0.8706652860464569,0.8722617074215847,0.8813126877233042,0.902508084843516,1.0783032043951162,0.951685580580541
143,1.3996442130733782,1.1154533516745289,1.106122783284073,1.0420786319347815,0.9914068680294607,0.9736029731278795,1.3672938319763115,1.0515362168985902
144,1.5434071570447978,1.2335918081016177,1.1086139222134186,1.0804339374101266,1.0169500307641524,1.008573614239405,1.4200488122705184,1.1407540118671866
145,1.2772859760524204,1.1811098442685053,1.1357835556359086,1.11124091775674,1.087436410811596,1.0642270516960053,1.4032525033964456,1.0944960829044503
146,1.515457625213681,1.2201173387430673,1.2343349514432371,1.189632031289655,1.1796646097070393,1.157635383913402,1.3917729365277898,1.161775719043719
147,1.226233126770611,1.1116950134310795,1.1220425691440763,1.1441855225730835,1.1331167855085678,1.1313119149151722,1.5060763341839245,1.106137585667009
148,0.8420590738991741,0.827891536468259,0.8402965299207678,0.8426306478220335,0.8611408259640126,0.8531185038198444,1.311523957129048,0.8869158900692934
149,1.4173068747585438,1.119610268643557,1.11509690269068,1.0760875356120738,1.0567431023485503,1.0435874790024027,1.3235759184894522,1.087413906648088
150,1.2377916943736496,1.1495883611526918,1.1113051166470076,1.1025817478172126,1.071582009425126,1.0471490122948228,1.3968430705405082,1.1044187312652536
151,1.1589560916613049,1.0815151415855695,1.0387132235234473,1.0507020274035135,0.9778591645935314,0.9813561422745914,1.4690880070463712,1.0765646121389518
152,0.7565983867829597,0.7666706262176594,0.8524283452647728,0.9596754379695095,1.0951121322398227,1.1180581785282204,1.0931754215587617,1.0360829242519818
153,1.3309160019180932,1.0595974659361551,0.9857637739819332,0.9166294608821216,0.8789483621175372,0.8579354556952857,1.4876130766175455,1.0259233870314066
154,1.1851430233994045,1.0879159604257507,1.0969761664609066,1.195190857881645,1.226827058186592,1.2427869690039683,1.4865414458839517,1.0967114146780237
155,1.2846639832961753,1.0955806988101373,1.0626745492337677,1.0334923192215555,1.0196006474097017,1.0065352478739282,1.5600691752966114,1.192147731343575
156,1.3114017411329946,1.2015815221570327,1.201488595668762,1.171475417388371,1.1140766875508896,1.1352738204218298,1.5533505777469845,1.2000171097731047
157,1.4325296283776567,1.2055261832813506,1.1673368449375492,1.1058544399480368,1.06574608758747,1.0484124032089268,1.3777345406898354,1.0874914276424936
158,1.26236711263648,1.1392361266161248,1.0954380444631555,1.0445576590013839,1.018966156652786,1.0019523465938278,1.6362097302154153,1.1546612470879536
159,1.2946910267647067,1.1967401445671826,1.1378282573283416,1.1080720101512407,1.0467425944145143,1.0199102202442385,1.3193625736946162,1.0907095967595697
160,1.2996879266055488,1.0155232333329225,0.9959909544399874,0.9517479393963675,0.9103114827374305,0.8997392719712292,1.1974445363528778,0.9654085013230296
161,1.2839428315396915,1.1545574117113846,1.1333124460503898,1.099048231003963,1.065602443184167,1.0483458914306631,1.4906104045468036,1.067087537811796
162,0.9971249843808232,1.0361329894451754,1.075341885973456,1.1204175633854543,1.1617699932307746,1.1700153310747445,1.341838981138942,1.1270443632648206
163,1.1692082916047404,1.0875830829367212,1.0537898144145055,1.0435131590437736,1.0118753569135681,1.0185551420995,1.7542780093285384,1.1614911608452343
164,1.1012104184752989,1.0761430947301236,1.1068229066928885,1.1867772787031188,1.2275796149268419,1.2362183512725808,2.0394056464012658,1.178475305012003
165,1.2946284084382649,1.1584460610345557,1.1393554295043213,1.1129638834317332,1.0912131118060249,1.093538911024361,1.4774653384690994,1.154654752001497
166,1.0813135974628107,1.0716412923354164,1.091166801635595,1.1082365194933632,1.068663728406093,1.047136161338852,2.032921090448478,1.153195079215517
167,1.3739824993975605,1.1570434652317223,1.1259836953042797,1.0904354649409136,1.0537944975840037,1.058333337330834,1.241577250579755,1.1506746876662035
168,1.1058888127618398,1.0944073480569763,1.1284851839108743,1.1313335054998237,1.1084777836691198,1.0883376196319934,1.521056085467522,1.1490006822636514
169,0.687703369691168,0.7035570227593957,0.7444169970870376,0.798147952341616,0.8828518998845032,0.9391038931677292,1.0908399300300986,1.1840937165316936
170,1.29163820444168,1.1324856749386207,1.116290460223685,1.0812955124444679,1.0466617689283566,1.0347982325030405,1.7160862193690067,1.0503643600973671
171,1.145321404824922,1.1159566870129392,1.1119515516826846,1.120332600347216,1.0878665629766489,1.0744008238297578,1.3113978822139265,1.1402159388329018
172,0.6616458440173363,0.6636618765129775,0.7160717016621256,0.8116657945122233,0.919038280423874,0.9166574409440622,0.9782372720113912,1.2174085473646077
173,1.2135165227736786,1.1330091797697994,1.0987114325420297,1.0580660103500894,1.0241879473072506,1.0134938312088664,1.3367796745295877,1.1158632106812527
174,1.2376967941472126,1.0339473082860202,1.002500921691327,0.949723889998412,0.9109937842021931,0.8953278029840585,1.324351473670456,1.0091233302352225
175,0.9639194014571305,1.0682485213871078,1.173516227185225,1.24315841562752,1.2591777388718675,1.23863219784785,1.3459965736318222,1.0703579120925546
176,0.795085872891311,0.8167574032150846,0.8694388762330826,0.9323196370973255,0.9722466843125971,1.0190901863998052,1.784411970618642,1.091226883706068
177,1.0088043685239372,1.0161409362234919,1.0649758147692672,1.0923474188659867,1.0814141137656184,1.0828253531699545,1.6085494573172952,1.0402016976852868
178,1.0442636243973977,1.061031131788756,1.0886041782227702,1.1147192110480695,1.0758293703212174,1.0968455978933591,1.1515483059363596,1.0356717209631603
179,1.1481236632591147,1.0169508392648174,1.004689754984732,0.954732577788585,0.9502230807944879,0.9341225681947165,1.357013635335125,0.978332080139596
180,0.83276573102718,0.8400579745905359,0.8485151909822127,0.8574537190440403,0.8388563331164419,0.8459039587580064,1.2049293094745843,1.0307596792852198
181,1.19491591782554,0.8984040984827678,0.8986791001566653,0.8546608439329856,0.8298431435451418,0.8089703854747778,1.158762640217363,1.070064756179207
182,1.320311963530892,1.0456751097557258,1.006457116056345,0.9865350307035464,0.9678051604990289,0.9546142498274098,1.3251077171197236,1.0181580004324744
183,1.3192429492535935,1.1279482239844356,1.1406900096989008,1.103090413981967,1.0585203530945064,1.056588841333977,1.8876485965187348,1.1083391609247144
184,1.1936865099763332,0.9911750938765262,0.9707522314672864,0.927830527204171,0.900099026468229,0.8899520049288614,1.3532179525813848,0.9332237165056084
185,0.8833907617920833,0.9342405014498391,0.9825826841124424,1.060692286640867,1.110686804209073,1.106257171356517,1.264914448976214,1.133944722930106
186,1.3307881806964281,1.1294405022620357,1.1146097576602918,1.0594512050484837,1.0141727058314753,1.0057945574027032,1.3912496543101855,1.107866782743394
187,1.2905703017318961,1.165192759918428,1.1099134532989832,1.0758658911830015,1.0404120002899235,1.0309228912494846,1.5156183715077594,1.0727856851394633
188,0.6698945009321037,0.6312103207971931,0.6317204170969859,0.667318376845215,0.7445238431836422,0.8013854916920418,1.0640689426241532,0.8953274413707468
189,1.2944560360853807,1.1593401635376488,1.1271046133066545,1.078789293234413,1.056491808912135,1.03640697318596,1.6150746513812413,1.0808940204934772
190,0.9202207682124677,0.8967932364963515,0.9062261911919445,0.9441046988862618,1.006756386692335,1.0192220655600452,1.292060940190203,1.0992839530790697
191,1.1475438057255651,1.063714760618012,1.040930006638439,0.9804309101522314,0.946887792202048,0.9333862151943643,1.4381776406893323,1.0515032685261354
192,1.1409162501894523,1.1284674433705086,1.1380773505197186,1.126619577591245,1.0876567955994858,1.0859255563617405,1.346540906131343,1.2280841102794997
193,0.8284987670478392,0.8012379882973092,0.8097765220564399,0.8361437707944538,0.8538840634970479,0.8450606165639345,1.044850196340076,0.9181915818003238
194,1.1832807875920686,1.1051892641236756,1.0606463101009322,1.0617984515580932,1.0555424397283293,1.0587129012199747,1.3754884379829102,1.1223770667163109
195,0.7183217121962905,0.6811709900713026,0.7097341301375668,0.7713771389329118,0.8660400316465352,0.9124972453308646,1.1088025194001885,1.20422003456298
196,0.9834153676223528,1.0464594370323552,1.1410113246391698,1.191321478913162,1.288229505882198,1.346627265372404,1.128700176989437,1.0579031010791993
197,0.8530806853200225,0.7678432648028751,0.7817430621955884,0.8082678695856356,0.8739079594334112,0.9129505805308673,1.1472401081264207,0.94373556845369
198,1.0703432404242028,1.1235447347714953,1.1410031550584878,1.113705359556503,1.0604068128323305,1.064583114144647,1.3950805925748313,1.2229504465221226
199,1.3480437075281455,1.1060793742662434,1.082482558809768,1.0591494211224113,1.0368354611802517,1.0445619012733889,2.480727018310698,1.0435839301858778
200,1.2713575598611784,1.0971365725612747,1.078199817339615,1.0027500276647738,0.9600033798505352,0.9561152851582493,1.2164021018589128,1.0294310879755992
201,1.3304827791478846,1.163235079644246,1.1872845501354767,1.1886109556290017,1.1504017461162594,1.1363826681931997,2.0451835146437003,1.095672760028538
202,1.0727182032895781,0.871728286776047,0.8920555635883316,0.8561889305043239,0.8246737342674344,0.8105264326884661,1.6127201728103535,0.9186606605646168
203,1.195817273090223,1.0992664817364222,1.1215007326388742,1.112462453460887,1.0554757202588987,1.0379486832418303,1.2474310101315154,1.0975241469143402
204,1.2524681495640049,0.967003517333865,0.9596036466262109,0.9197588059175495,0.8872838267717164,0.8807679873788492,1.249177691348299,0.96260433182022
205,1.3565482122793542,1.1931969128832987,1.154680606594169,1.0958090887747596,1.0423208239379511,1.0255430726736516,1.792878994624853,1.0862469672103874
206,1.4054336482344842,1.0211731030229896,1.0406829504070605,0.9771437193884377,0.9238376101604617,0.9025624568105876,1.2471709257447623,1.0752347523584025
207,1.3624048690369657,1.0481033453566975,1.0193741075007676,0.9734061098154989,0.921893496982532,0.9120740048025304,1.4405928549268054,0.9796386891521972
208,1.4072967912522065,1.1567390166964837,1.0767570206659731,1.0394873028204314,0.9905391687154391,0.9894558640051685,1.4839521573894665,1.046618123925263
209,1.3887567319749516,1.1791505690937707,1.1377879590996096,1.0973741798514474,1.0661406597876755,1.0482318675573679,1.702552219502315,1.0706583305499644
210,1.2863425553517158,1.1318667218689016,1.088950257321672,1.0443458584069905,1.011985272175387,1.0001068404208056,1.4054393748888234,1.017871633537294
211,0.7912392049008681,0.6892177437549317,0.6983475735425291,0.6680679103346817,0.649164764978448,0.6447813436458516,0.9454970922626068,0.766212303540399
212,1.1612457201252708,1.12359582868539,1.1185124275309628,1.1001718452046556,1.0894406046619016,1.0973271053206384,1.4797027540315353,1.2102379544968622
213,1.2890945030136645,1.1762481712531172,1.1855923873479912,1.1657335334155543,1.183814144099369,1.2094162765921113,1.3850081357849284,1.2755628605520553
214,1.3262128328352916,1.1816130472097468,1.1594155144921656,1.1657990841781254,1.167239737622166,1.1466493165382354,1.5050901067937992,1.1307318883136737
215,1.2259919426869887,1.005140652304428,1.0305687501029868,1.0009080669045316,0.9527582376341684,0.9408355562635914,1.3038766259548102,0.9688387302145228
216,1.373430069537677,1.1138520017257212,1.169491913661913,1.1829824994134448,1.1831885364002286,1.1755929189638339,1.519761624161982,1.0904297503732865
217,1.6186692005224368,1.424839590764866,1.3903161458585298,1.3628972452398327,1.3875594350061897,1.3423837188364502,1.5662660772280166,1.2707951512830866
218,1.053389116152086,1.0201928760020902,1.0284698390629228,1.02033832942864,1.05941432801071,1.0649195942298624,1.4136808086353727,1.0720034043104014
219,0.9663143990544192,0.9682498156063041,0.9973568840224744,1.0282736536101453,1.021097243242076,1.046375543993303,1.336173678447268,1.0789810475524522
220,1.5944131021167782,1.0679131931784238,1.0527447820410174,0.9714791076948996,0.915625452460907,0.9048671678528716,2.2787357138371367,1.018338349032572
221,1.2531963186968174,1.0176155721050046,0.9907320439512163,0.9371701912221769,0.9131049530359079,0.9027567425474617,1.3757789535313365,0.9709202274714156
222,1.333117499915242,1.1231885625612585,1.1024161000500101,1.0719107805030044,1.0620449520273219,1.0571197978366649,1.491828686592592,1.0789617128227824
223,1.1459082294452587,0.9656429561865678,0.9412540659182211,0.9158135969655182,0.9011210052701372,0.9039387742095205,1.5030114692807175,1.1128735363738769
224,1.1450946005511007,1.1136821806867008,1.0644448871012242,1.066220770222865,1.0910095733163057,1.102078416498168,1.4312151030207128,1.1209096151924876
225,0.9482027486580312,0.9137527117071393,0.9628130128840773,1.0311616979033675,1.092014132246489,1.0540600675981817,1.5473449158219683,1.0547174382468307
226,1.098599951909667,0.8940928688305834,0.8842446692598632,0.852885929660886,0.8348441289246356,0.820591774903652,1.3740971790244814,0.9170808145705834
227,1.2660587224320186,1.18446353611661,1.1373684126685064,1.088739311991977,1.0478880293547317,1.024014548528993,1.316323242023791,1.185759162140737
228,0.7644009327819707,0.6473212918458117,0.672037817044653,0.6478086071314682,0.6225604322844617,0.6103043318499889,0.8838084289676678,0.7147012913896075
229,1.3029613357800858,1.1212895693033482,1.1005232741960425,1.0659910851494285,1.032756898624453,1.0412921763142935,2.036788193174578,1.0933634126832208
230,1.600223699403748,1.2053251231023034,1.2095809627735516,1.149786566844121,1.0914200400783858,1.0684727693791898,1.777591164933496,1.0830612326631628
231,1.1582608860357002,1.1223659920831723,1.1287870982598516,1.125709911641953,1.1091261674210124,1.101545395053137,1.9933920399917116,1.0840292989800149
232,1.228243285563239,0.9873224147969759,0.9933284686814772,0.9418530270702368,0.9133762883947314,0.9047642155347181,2.1205562090841363,0.9755091631916516
233,1.2420726715307147,1.1934450763819744,1.1926205495344053,1.1418280670063718,1.0824512795450107,1.0605452823028212,1.398895767059786,1.2140331573076657
234,1.2242592720038472,1.1689991770067418,1.117552050366984,1.0674369410690292,1.0405049423182628,1.0589910887820615,1.5192654476111414,1.1481586477027883
235,1.2315394335071752,1.1299496087940597,1.0957411769800613,1.0693723797885384,1.0418922149809344,1.0564807580885676,1.959446588047848,1.1234581615805812
236,0.9596508478386732,0.8995208784333715,0.909981873328844,0.9488803037081908,1.0188518199279235,1.1043049792385848,2.0549056669000243,1.2019327188076423
237,1.201020091963568,1.1154204922964088,1.1576870974004907,1.207693257248361,1.3012803702587603,1.2766989990851905,1.9017256165788896,1.1336861898047623
238,1.3563455736238774,1.164322587993804,1.1176273067181426,1.096128394891314,1.0443957124168244,1.0457340085874567,1.528555069743244,1.2118821343897113
239,1.0059435421445342,0.9741542115701859,0.9862864819960714,1.0358034954550657,1.053877160544344,1.0420429247425669,1.4554368418269763,0.979946458783524
240,1.2053399055762264,1.1379299347313818,1.0937566826315162,1.0862919376039937,1.0332628114437,0.9964781527843951,1.3975918224523587,1.1766756988347529
241,1.2068163825148428,1.0511776833588722,1.029777998744742,1.0155214584153847,1.0131070478316102,1.0287177136642776,1.3203179345518183,1.145521181991079
242,1.1219416729071245,1.0988368182555373,1.1242396079125734,1.118128628209723,1.1045510527683489,1.098095746538601,1.924415071235861,1.1129554339192125
243,1.2685362130531688,1.17615154468363,1.1707062910523731,1.1468248751300123,1.1569803862412524,1.1708706072550958,1.545792946004252,1.1657455483501542
244,1.3159251656705544,0.9991380651827686,1.0037810224446193,0.9473489817660748,0.9081568622112579,0.9046584043109864,1.236451630250095,0.9592772541818247
245,1.1469967086824997,1.110111815685204,1.0680910609246257,1.0342824632600949,1.0128874443029439,1.0157997909448282,1.465858193049381,1.0525713065156288
246,1.4403504561083222,1.056887957730217,1.0561514273219406,0.9972393624494547,0.9553121647041358,0.9465543016405291,2.202401884617001,0.9885670351135114
247,1.2683344985128664,1.2582515670924015,1.2124605176238281,1.189637789323262,1.1387046337922606,1.0963219726578142,2.0948532831111013,1.0953513214554598
248,1.1846459816038846,1.0377990269252875,1.0330192031561414,1.0459870672091613,1.0417947362541957,1.0417061562211185,1.4003160534002357,1.000144137864419
249,1.0439096116989623,1.0365229256667319,1.0639441468069346,1.0490459392269857,1.017651309968462,0.9938490361640034,1.2348213966670831,1.138973367507378
250,1.3122366725002588,1.085818881592917,1.0664230268659187,1.036901211735367,0.9843467313738355,0.9713084673555942,1.380344179965451,1.0293142049148274
251,1.2979714378559575,1.098271505300714,1.0666773068482032,1.0422840963908515,1.012850926668714,0.9878741291817202,1.328350822325552,1.0156147896583856
252,1.0912576074541045,1.0290487937018056,1.0214119503877412,1.0236239444059496,1.0241364962547934,0.9886446531143762,1.5172520819249502,1.2926084817939811
253,1.493767749935473,1.1785746776209145,1.13750006035114,1.1022799514140245,1.0377128361257009,1.026523435662584,1.7032540694941307,1.0707920439547185
254,1.263951458668844,1.0948976954755758,1.0667803856478684,1.0248471342939076,0.994935258568376,0.9799819092505727,1.381188778796797,1.0948218088474042
255,1.3121886831752057,1.1808937672873712,1.207265632580348,1.237333617622397,1.2026530131132,1.1622052096940374,1.6102799245224555,1.1536944714030186
256,1.0757957845856005,0.8165817493552618,0.8412550848435268,0.7945359386742732,0.7664015010713581,0.7593117687134353,1.417780202636317,0.8809955083068733
257,1.4041318803923193,1.2284562692034253,1.1637982687227713,1.130198818233873,1.0931408238831049,1.077986124295969,1.489441285283476,1.1561946729985046
258,1.5095451222374499,1.1554344323914945,1.1228549408541744,1.0720875381755268,1.0542455065183565,1.039529977183924,1.9096271483467493,1.0629280828472631
259,1.1490084223500145,1.0492555027258765,1.027599799209015,0.9985124353688705,1.0052426940543124,1.0055114406070655,1.603001248300036,1.0627785539026389
260,1.0765695898972332,1.0910109136763346,1.0703558118619472,1.056711773471927,1.021175862720274,1.0308576133294616,1.5167389526946915,1.1530540249371477
261,0.7647033024978663,0.7307161987118755,0.7313558089682466,0.7593836454408336,0.8586629806774063,0.9294967242927845,1.0991134257570894,1.0532395951261198
262,1.4310520248443037,1.2471053273313157,1.2234055601794434,1.1592154204679848,1.1292825797828758,1.1115533677636642,1.685115958002933,1.1688801259111763
263,1.255697718749435,1.1305285746826268,1.111117753009911,1.086387075739954,1.0454548813201727,1.0370400079460573,1.5491510796176613,1.0915734531622605
264,1.3943133909710672,1.0831967787047445,1.0078120553098167,0.9684033298080081,0.942942187085419,0.9215012851895438,1.526334874445656,0.9933530366060016
265,1.3755818945894407,1.2339647770529458,1.132787156786891,1.064510059796842,1.0178490303035679,0.9936444469185944,1.5738912509363372,1.0602210689896188
266,1.2772461770728407,1.090921040607674,1.0699890721418763,1.002238883646189,0.9742423966838148,0.959765107501934,1.2908680508551995,1.0400959997369137
267,0.922870496535647,0.8091784432890823,0.7813390396155153,0.7731201047469862,0.8270021025830808,0.8845960208572996,1.838046604970237,1.1323117618575826
268,1.1663863234385163,1.137765180106738,1.157411278995077,1.212912246939663,1.1886869811427998,1.1533382223360293,1.451563448761494,1.1098395075673309
269,1.216847456993468,1.116997061575789,1.08344391511087,1.0700488860807205,1.0551645860070744,1.0453194965176342,1.534228564481082,1.1865062741930448
270,0.9981628367130949,0.9987527990401887,1.0225614412255914,1.0412306388027732,1.047380763418238,1.0332187433640223,1.6095169887426113,1.079381037853348
271,0.8127773481352105,0.8034036722439946,0.8227781637644127,0.844073901079738,0.8580394602728043,0.8476911837000534,1.2081880324843526,0.9051111298131906
272,1.138558280067718,0.9726032394889649,0.9213202062347554,0.8760254811738988,0.8491137224459631,0.83720560843207,1.1684382899787389,0.9362296642522928
273,1.1827998684254017,1.032221007392763,0.9927356647558913,0.9365881159089585,0.907080480144495,0.89537034705075,1.1382325777835054,0.972290422139098
274,1.1451727760721226,1.024610105211528,0.9981980098343919,1.0047461108430917,0.9935043582837834,0.9847463698306853,2.5476574095766438,1.0262147865734623
275,0.7989637507057374,0.7999109641511024,0.8321597949995444,0.9058790196695247,0.9713500011595217,0.9878791913395922,1.3319561499619306,1.292682581583989
276,1.4389900649924046,1.302636140333718,1.2863305254687547,1.2887876282360342,1.2035884461899864,1.1942663339977886,1.6827423010755431,1.3425659417658071
277,0.9426035167859748,0.914004763913813,0.906546081463159,0.8892408742742477,0.8672323176488456,0.8523860340717725,1.30223556378858,0.8801501361986849
278,0.9957962865332105,0.9774743276062433,1.006440605290511,1.0136051325955757,0.9867579347905444,0.9763703122241468,1.3146979483735362,1.0140345241355235
279,1.3028776954078554,1.0665828622410973,1.072561755319559,1.0240882387805246,0.9984821620684241,0.9848309799993976,1.2899397351748332,1.0058028771028336
280,1.3322702441550496,1.1449069694523188,1.0851216744896073,1.054316991684293,1.023624722368018,1.005929919392279,1.814025706473101,1.0605575434335488
281,0.7691784549510627,0.7051823380286302,0.6907071663041102,0.7193289350540734,0.7903267837236847,0.8008822871177879,1.2829673381285798,0.9571640839326384
282,1.2856512834716034,1.0373269009809785,1.0338513418620237,1.0023277567550848,0.9725259954346386,0.9605023847614834,1.3222573185894029,0.9583028944777814
283,0.8305046586902666,0.8370877880434657,0.8772361024362172,0.9258098224522444,1.0163082308094356,1.0822233424305783,1.2149190175713314,1.2781203781719208
284,1.268970361471052,1.0538867424220129,1.000635800152297,0.966654982817107,0.9503580966530035,0.9374118761168431,1.2118943244366136,0.990070468164245
285,1.17781953590493,0.9483109749855396,0.9161162914867831,0.8554085751669724,0.8140090537062449,0.7959579795454622,1.1443447876786994,0.9597130281161076
286,1.1876968193073028,1.0327726807851765,1.0442866422655859,1.0091096053311166,0.9436452412128917,0.9471360003967455,1.2150567023453829,0.9775094280738482
287,1.184193649658097,1.0613131782412406,1.0774985458713924,1.0703679632847012,1.0568975959060964,1.0795471395194123,1.2708619213883765,1.2739561303723177
288,1.1834641272050748,1.122846951084526,1.1026551811498937,1.1110742468958008,1.0911567993318192,1.0788573432049828,1.8108228185233557,1.10918622749668
289,1.2480152108484504,1.0366391909118484,1.0336190355925343,1.003987006678481,0.9714437093952067,0.9454504312167912,1.296399680680567,0.9643045143236744
290,1.2746771236916872,1.2241167903209704,1.173597054463127,1.129941792799149,1.0599615235161324,1.0659032004641156,1.6256960987268203,1.2642244483159235
291,1.3013491334812306,1.206913536925846,1.1495837666016162,1.1361306113152918,1.1427541264862133,1.141190182135546,2.2662311050363053,1.0838636666942227
292,1.24874748862544,1.105717009189191,1.0951439195765613,1.0631042135785922,1.035217931959706,1.0300526026416899,1.3659986190697404,1.067650429283457
293,1.1212403872526564,0.9981135199634367,0.971224516293175,0.9443735201833545,0.9174776177780887,0.9056940974802685,1.144403452721674,1.010402923293876
294,1.274312950971562,0.9803326566595008,0.9809886514406526,0.9298580293894192,0.9088692870338397,0.9028464070425422,1.526076172854712,0.9028513612236244
295,0.8991802134419735,0.9145839220120415,0.9353329688473231,0.9594781754861963,0.9069324102004391,0.9028287857274263,1.2862031644384615,1.0094557385380505
296,1.2701190424075395,1.056000806980102,1.0290384874573653,0.9659352585785062,0.9300749046241784,0.923189687133256,1.281592953063786,1.2545862914950228
297,0.7615790371190426,0.7277086715022076,0.7493060718046053,0.7884921786384693,0.8318905690799798,0.8864568216186721,1.1869921693569765,1.094730082451804
298,1.3330435724811114,1.1122827321185056,1.0629031429328895,1.0191470980227684,0.9743640912379472,0.9641464849169147,1.4062101050618625,1.0857748688811044
299,1.2816359226461507,1.0869161232713132,1.0803136506327933,1.0272060407001091,1.0014466632840602,0.9845491183183623,2.1784519708331187,1.010925930913551
300,1.5271114588155608,1.2605652700120011,1.1783301935871882,1.13045848079984,1.0904693582169167,1.075633295569531,1.409778988393979,1.1129136572812544
301,1.1263069327621034,0.8567450754983146,0.8915069269544064,0.8362431833690154,0.8021676654866756,0.7908245228451263,1.0884577962211437,0.8795783457584985
302,1.1168882215369569,0.9809527221463522,0.9920113384515465,0.984360805253547,0.9928834513653635,0.988574366286151,1.4329617648332424,1.0224866781294646
303,0.8418707223213078,0.7814911032146552,0.7864459634894232,0.7905485192269083,0.8043277979945817,0.8160779595818256,0.900905394797859,0.9170386120469344
304,1.2707698422321814,1.0598974053249715,1.0764831657320815,1.0292841518290632,1.0147235624690691,1.0087526100618307,1.3828071929353087,1.0409534959775832
305,1.43730300248052,1.244559019422855,1.1882973778123609,1.1552244794262054,1.099751836986857,1.0776220609072722,2.4458377750688194,1.1402497412698562
306,1.348947367273517,1.277578580101191,1.238500140546465,1.1988528546664572,1.1660807653405192,1.1377996773167243,1.568960768938102,1.1925871539445418
307,0.8290678836870012,0.8126125187776703,0.8398255328678256,0.8804218614741407,0.951503299227523,1.0441752146872252,1.458383512802867,1.145541247571437
308,1.3953423595510135,1.2481220538456375,1.2207762825633828,1.2298590752268135,1.1517857021728006,1.1478967785272645,2.1414259763422865,1.2645613731720653
309,1.163122974053179,1.1258504655468928,1.0897833377065818,1.0792569165666412,1.0908892928199427,1.0996170623716361,1.4188184486436952,1.1406570266412448
310,1.2062812110165246,0.9742067573232186,0.9705890072356081,0.921701438500694,0.8809123906743278,0.8777812466339917,1.3006175431599352,1.0296939581422329
311,1.034319408397804,1.0489338389925744,1.0507212450418284,1.0229179221695135,0.9393387652766728,0.9486787220912847,1.2269026311255231,0.9707363408437644
312,1.1576456246294604,1.025013070135993,1.0520462173367997,1.033335162944654,0.9979258176338459,0.9918358040393846,1.5135795801029237,1.0302821018776915
313,1.2136461916458257,0.9927296716375847,0.979505815114339,0.9243320811778603,0.89866583240155,0.8809817176890492,1.7685829553909114,0.9956977834847444
314,0.9822120827626516,0.8552633770592625,0.8670323740571307,0.8739363551578617,0.9323865080799728,0.9567147713432729,1.5262931181828625,0.9844213237476132
315,1.018365699245768,1.0055079697016356,1.0219325167711655,1.0652964040313115,1.0301195216676013,1.0221204066527192,1.1856161338808742,1.030301009835611
316,1.3463340396349883,1.3284295351198456,1.3212587299909087,1.3214282605074568,1.291549335469455,1.2846799056402132,1.632264490907441,1.1968007581835984
317,1.0192977174566575,1.0129647087793547,1.034973930656964,1.0636850303910197,1.0407951683482848,1.0330627575911164,1.6996286066340422,1.025949117304788
318,1.3459620830966976,1.12657753597774,1.1537521667449149,1.1465047386100309,1.1063037057519052,1.0978462495361636,1.8228857504921985,1.0868795157782534
319,0.872004392163785,0.8034914292195354,0.8292103167255406,0.8899088216199712,1.0182700906201076,1.0662086731905895,1.3009642128476206,1.3075850944701124
320,1.022752532599653,1.0280558180238446,1.029149729914751,1.0127813194602502,0.9839842485118454,0.9745281414867029,1.5347847485549595,0.9850185517480976
321,1.4966071746003082,1.2071075030432563,1.1569051206764982,1.1164535383945804,1.0707172101843616,1.0476201375527328,1.4674118009725867,1.09847462258686
322,1.3181254160019953,1.0715080774812198,1.0583665590794442,1.0221400448465896,0.9777615039096952,0.9695283410315707,1.3979088342641828,1.0814157901652226
323,1.8357213806411627,1.2124866342363219,1.1667731210598733,1.0848565513960917,1.0062380999487037,0.9901951549047863,1.3087539429029238,1.0443939329097611
324,0.8252079650612316,0.8358334337858172,0.9045755872857704,0.9535850240415071,0.9501646394892476,0.9824117898234607,1.119249520496972,0.9412344281561787
325,1.2339697759392976,1.1462536312488973,1.113739339768838,1.0927609650724472,1.0477294967933903,1.0361880142379376,1.530756997944584,1.1460817229049876
326,1.174497178456091,1.095554927157005,1.0881838741368883,1.0425925437043708,1.0346738977645147,1.039209992017986,2.144167533962119,1.1705696030070052
327,1.1408119044015979,1.0705409416255642,1.060591682908805,1.0257282169779223,0.9844462896717675,0.982424105998056,1.846983270816036,0.9561496096325592
328,1.1653402355395857,0.8877761547013556,0.9015324982104567,0.8602860184550787,0.8253936550001154,0.818107829041883,1.370208505803175,0.903162201270125
329,1.240309834455562,0.9819504166075804,0.9823289055349904,0.9324713996443382,0.9072399900067375,0.8975790564209722,1.2814594652474822,1.0286809696452253
330,1.3776270882221597,1.1982317529427826,1.1619599445623472,1.1251500111681687,1.0689502124982175,1.0588604212605077,1.8009023544671856,1.1134839819178115
331,0.9730311017618021,1.0260469921783038,1.0669591491241208,1.0814157824829298,1.0511538609920263,1.0598630504435396,2.3837350894994827,1.0717075561809997
332,1.3463076761463748,1.0914841737334802,1.0551658958945116,1.0125130657262407,1.0153554724802365,1.0006925969261882,1.37530268381562,1.0086686505766609
333,1.598201033890844,1.2542763405755986,1.2203399514149054,1.1654424573271407,1.1308720602452487,1.1186080341625293,1.892778139671158,1.1631441767901811
334,1.1463465522467697,1.1154191050748055,1.1225530199423925,1.1534582501924704,1.1521214893256908,1.1706060130752471,1.4820197392973051,1.242177333888021
335,0.766759719987619,0.7702476248897309,0.7781179543577667,0.7825261725701697,0.7551816763155974,0.7667953515671907,1.1743377030215,0.8201935704940815
336,1.227806692338706,1.1040598332138085,1.076300767941051,0.9991827007522169,0.966056816115329,0.9533940219112074,1.5758703570063437,1.018571346258988
337,0.9495957670593382,0.8466893843022963,0.8500978400295508,0.8458524153206649,0.8423851080387118,0.8522674732801406,1.2750207180788324,0.9242560947426712
338,1.1733272979045608,1.0352003686762434,1.037721365927082,1.014152126501587,1.0104053875150536,1.00214813717408,2.0089983246608245,1.1064356869855876
339,1.1584134852634445,1.0251656321697948,1.0205715314769557,0.9987154278149438,0.982539942026928,0.9697778652432135,1.529033315019382,1.0126281245665247
340,0.9697046373803562,0.9587039305351505,0.9527372516624565,0.9388993625435544,0.953775410352938,0.9618568132321252,1.3200237461976188,1.0770060816092186
341,1.0788781549576323,0.9870779130002861,0.9919454457965987,0.963024952115623,0.9263322740505603,0.9018967519963997,1.345668794296862,0.980477899884905
342,1.5347929631085218,1.204038142059852,1.1969496079841675,1.1486116011988532,1.1172450487810603,1.1022269876489412,1.568474384715463,1.1303896952357957
343,1.1294601768233574,1.0660231096286015,1.0771471947915934,1.1010617127411644,1.1011490386991047,1.0913113121266802,1.2814716828253625,1.0855779703734874
344,0.7665289758876022,0.883377939986431,0.993419178209078,1.0884160527986395,1.0783687374248336,1.1326458568404436,1.4556303535629034,1.0435641864000558
345,1.2647023892798492,1.0824018391644854,1.097100354532631,1.0680224793784767,1.0396871608412401,1.0192080505025796,1.3465536307819457,1.0650595514473225
346,1.387314871788001,1.1609548990290273,1.1083041510871765,1.0449209295704869,1.000645720686808,0.9962477733202789,1.3958609183409791,1.0585848929846748
347,1.1396947456394235,1.148286111124413,1.1750198918722567,1.2059954608996095,1.1464563220177308,1.1123023812233135,1.247545209505709,1.1098128950148227
348,0.9734142913800862,0.9414893633477454,0.9698775550423914,1.0033721894424585,1.0194640746044887,1.0326699938425603,1.2084274566051612,1.2590841140878133
349,1.4119033840827964,1.160748540021168,1.0962251721548473,1.0500629034315438,1.0033281571582346,0.9928978811576477,1.4997924994840224,1.0145499502275497
350,1.1859626278081146,1.0804696512783785,1.0766315952588243,1.0603662367063007,1.0600486159870157,1.060531324320891,1.4227884458528983,1.131273267665145
351,1.2849242968666665,1.2090870608212219,1.1769638150293358,1.1872374327767505,1.173147747213756,1.1355771028308062,1.4838174425597466,1.1421136877531743
352,1.0294655052840807,0.9277939274379127,0.9089666093852238,0.8814868714480631,0.8591762974936102,0.8417335481830786,1.1594692392135115,0.9923161455411948
353,1.0928532117299796,1.0890200661503722,1.091785262694904,1.1001024320576842,1.1250631088990835,1.100912973411051,2.3809317893516315,1.1377036575112065
354,1.2235361339165742,1.0915921605033767,1.0740149061216855,1.0594172191819964,1.0429060248722484,1.0683540628237376,2.480461318199873,1.13511337465508
355,1.298853067859102,1.1999701325657286,1.1896016394895115,1.18053374148731,1.1500849097958494,1.13665125654077,1.7281332543194636,1.3352255943975573
356,0.6895547889105209,0.6573729235113688,0.6660184412397441,0.7265872386100232,0.8430594645964248,0.8790621806103865,1.0670166892472095,1.0388428018907307
357,1.0971437065771767,0.9409872915664643,0.8964077351198281,0.86500571003839,0.8328696480983019,0.8289835567565836,1.3268198813435683,0.9347300454097912
358,1.1851099344457812,1.0224264490487782,0.9765643152547298,0.9669467471556727,0.9575649999663326,0.9464396861265413,1.3688890684036188,1.1299905254812477
359,1.6360345157057499,1.078458436900044,1.1460736316423596,1.0665720390240208,1.0208241991122144,1.0036577248376868,1.5479127214199857,1.1338052189122363
360,1.4169331217676888,1.10722046727532,1.0508888631259172,1.0102330558735173,0.9757018572001115,0.9674560479125492,1.4350540345692602,0.98907377442791
361,1.0007313788373369,0.9328794321762802,0.9549178991958243,1.009982280962166,1.0124242090824622,1.0278982948990747,1.7783256033002603,1.0503365715633897
362,1.343204800136982,0.8887180707570581,0.9540150784047043,0.8768387000024715,0.817767142441774,0.8107216051387219,1.361120089379933,0.910135512643872
363,1.285349686094977,1.1539166730129395,1.0904231766288714,1.0350405034194405,1.0061406946904283,0.9862188449739,1.3244252339543363,1.1280004477686376
364,0.9056036489998212,0.8879059587927058,0.9244122219836186,0.9969290119958325,1.035427064468435,1.0417866549073092,1.7237605287255775,1.020168820848879
365,1.0673584291364244,0.8473559531271954,0.8811837182505415,0.818097859725269,0.7912459816828208,0.7807446688670703,1.0728223049557506,0.8871477047430217
366,1.3182264369528023,1.126427736103684,1.1160094576378985,1.0567873394372365,1.0429916017505367,1.035570375105323,2.0834538048474887,1.040426706665242
367,0.9797592506716188,1.0489247455183552,1.124312876790006,1.1853286404197645,1.1084920183305047,1.088848071690642,1.3621971758057392,1.1014109962023384
368,1.1434138853369609,1.0653881111104195,1.0589397313719275,1.0933406177726446,1.114567704714819,1.1144466975131113,1.374332865942086,1.076672945113976
369,0.9565564981455416,0.9554873424209568,0.9438925201905946,0.9501369404312783,0.9510426657293335,0.9379758480949346,1.2806174262110912,0.9298663267401918
370,1.302081960838483,0.9360866305550026,0.9715687634219833,0.9051098662957515,0.8550157485186585,0.8444292586437131,1.3208738075381006,0.9573034347004672
371,0.8685340070430309,0.856515697992419,0.8518456201775542,0.8731480065895375,0.886482456672529,0.8686140137604563,1.6181050592782844,0.9431075217450064
372,1.061287934666967,1.0184318372940537,0.9971864997811237,0.9902908972047698,0.9719897651607236,0.9547427137216675,1.269744674863331,0.9616959894482204
373,1.2028944713129137,0.9140676731014974,0.9314291268263455,0.8919891651832395,0.8598510584921998,0.8498872577943549,1.628798019764785,0.9025423232465608
374,1.0180975241939978,1.0713132884625014,1.130518664326207,1.1707153679019178,1.1906132283733424,1.1891983176121335,1.3374494154066014,1.0885134844256086
375,1.1318868147158494,0.9307794516200845,0.9747997663920419,0.964208053030458,0.9282531419282535,0.9275640789254953,1.5574592473630489,1.215360161592066
376,0.8102438620979068,0.7191362793526246,0.7319049508216169,0.6973262800420911,0.6828622915919454,0.6620118773469579,1.2663580681962738,0.774628898575116
377,1.1918209688387806,1.0060260407063395,0.9696871221462008,0.9357830256640417,0.909629123110678,0.9022179103612198,1.5302137084148573,0.9978146221545876
378,1.0222353412983762,0.9233660576593012,0.9163264113402727,0.8855884724254006,0.8518245162246603,0.8469194881545365,1.2360553053884076,0.9551423626258292
379,1.3568424608125949,1.1583859969611363,1.1357268009391321,1.0954606242630027,1.0583159761692906,1.0465158737792777,1.459858555438581,1.084853542038858
380,1.2784973485562778,0.9935001063694082,0.9943843512238233,0.9370125048064128,0.9076373996597169,0.8966807180666388,1.4947095100198613,0.9207459915816816
381,1.1355196580770006,1.0692858757224135,1.0392457756508662,1.0215946809634493,0.973863212313033,0.9866866591486029,1.6479943913184911,1.2602972778621104
382,1.3999301760359941,1.1918235877358239,1.1578521872898504,1.0896391782674133,1.0482112444182954,1.0329344743986224,1.5168057183653867,1.1821555087537918
383,1.0901079142059753,1.069658928737968,1.0812539115749358,1.1296599771743694,1.1536231347567665,1.1212109456492239,1.351958103840617,1.1227715475082585
384,0.9068629109069686,0.9507118281508977,0.9958711197515592,1.058759571096945,1.099411548738573,1.0575276059094476,1.3693111724618177,1.1208820422447368
385,1.2589005464897427,0.9862210765977097,0.9530086274452702,0.9176603559721502,0.891772195689008,0.8764860981469628,1.4622554527117737,0.9481531581791016
386,1.3300875040913671,1.1407275897357332,1.0940812010049092,1.0633136218942343,1.0160578970772363,1.0058647283593407,1.3384198631905184,1.0857667335455217
387,1.44075140081612,1.228304400799682,1.159342609673418,1.1660753957793772,1.147149975729474,1.1413527865600992,2.271358922558097,1.1388588715867545
388,1.259870652370454,1.207926681311332,1.1724138967173094,1.1150452165027565,1.0584290223746056,1.0417377717101284,1.5929311119627976,1.068059944150214
389,1.3833457455491571,1.0987196877826302,1.079688125790086,1.0257929375781143,0.990510747762104,0.9700968001273527,1.3716943248860465,1.204223607859059
390,1.234428068871536,1.1592411254665513,1.1164719956068592,1.0813651583804096,1.035417649687564,1.0197880359878362,1.474232575896057,1.011632436015537
391,1.4863431243790048,1.236155613923082,1.168709313158425,1.0964087432974408,1.053805092362735,1.0365933509512208,1.5760550038971204,1.089715371614013
392,0.9222746179059864,0.8602085188143612,0.8259464958781033,0.8468381422897363,0.8848947015633206,0.904722469681714,1.3027756997157196,1.0030846008375476
393,1.3504376968684095,0.9791881780086111,0.9983936881949343,0.9342097451842039,0.888976454174689,0.8847898504521972,1.1561126337542746,1.00287062422019
394,1.4957660417332548,1.4135597173028858,1.4223545765559624,1.3799859592289543,1.286388289319429,1.2863617355427777,1.4713363535532735,1.422598514818977
395,1.2175271982971716,1.1928859314469435,1.2439116107030779,1.2843948305052417,1.2382114200777907,1.210757927242761,1.3588623372609203,1.167048939981938
396,1.249054331134349,1.1985743458977913,1.1756206837718746,1.1698046354851634,1.0938086612140605,1.0580048924313041,1.3981232513377695,1.08685838905156
397,0.9439321747975538,0.9698692235760241,0.968988842439842,0.992730416587449,0.9890493317845962,0.9864736709335319,1.2173763915070424,1.0580550038857996
398,0.9456411164020188,0.9346461827217798,0.9365161916414809,0.9332538638221275,0.8856574715167843,0.8973269645293362,1.2223000025666764,0.9768001399775088
399,1.313840883414553,1.0554320795595065,1.0323973159872388,0.9856583338127232,0.9447754097519132,0.931316708656711,1.2232379111445644,0.9744711886298946
