,window_size_1_RMSE,window_size_2_RMSE,window_size_3_RMSE,window_size_5_RMSE,window_size_10_RMSE,window_size_15_RMSE,Plain_wAll,Linear_w200
0,0.7481468156712132,0.7558353137913656,0.7601751302787905,0.7543531868209405,0.7469943212015839,0.7512734492475682,1.5304439571685302,0.8691605594928182
1,0.9826123370021271,0.9732426067275747,0.9725931540322487,0.972461082234742,0.9729977990985624,0.9744519355066767,1.2826364238590526,1.0210000810095974
2,1.039701226072157,1.038188821675767,1.037250805117559,1.0359429537539586,1.0353653464135602,1.0350560228901655,1.4215606106634295,1.1571853785380557
3,1.0080481308888602,1.0125925457408542,1.0077042477393594,1.0030886101783683,1.0010598360959913,0.9976582789435735,1.6545944714056184,1.0106410682614402
4,0.9401345499962234,0.9282084772816795,0.9271249905972652,0.9302191730354299,0.933470590461567,0.9336160481678726,1.6866857622863043,1.004964282208774
5,0.9686430885263968,0.9655881144564754,0.966515809354112,0.9666272667190914,0.9652814193341053,0.9655079440687978,1.293706467058974,1.0323963272219774
6,0.924324960386788,0.9218201440151321,0.9176965878778262,0.9178966281522201,0.9172817879774031,0.917267802031276,1.4813901411722823,1.0461068569154413
7,1.0260932503816933,1.0306211830788234,1.02688728002825,1.0280049520721286,1.0278720359639466,1.026207011848882,1.4531958815570107,1.0853624869107543
8,1.001608445596681,0.996286289693913,0.9998036498313484,0.9993444711937911,0.9975118297353114,0.9977991184118254,1.399094915733402,1.0965138265690078
9,1.0434422886043424,1.0338014710455432,1.0255220346643479,1.0289476997399971,1.0289141979558434,1.0279752416579817,1.4355614889087187,1.0538557409811018
10,0.8856865844269283,0.8818745244161325,0.8813835752166947,0.8837016100993644,0.8821249398403552,0.8829270020384385,1.2185649842402149,0.9549140193209418
11,0.7977665038058169,0.7921824808256431,0.7998830552792537,0.7936426438676683,0.7973870814027506,0.7998989739597314,1.6427807063302595,0.890984587056354
12,0.988724584696788,0.9867720275724732,0.9841045446905142,0.9816863175049976,0.980157956845867,0.980280314438327,1.6400285649241535,1.012383485142314
13,0.9901396269058794,0.9779726134091201,0.979985065110885,0.9768640854317459,0.9752185927184588,0.9755575404227643,1.3224281398597475,1.03129778405314
14,0.9848879701825425,0.9663748709468849,0.9636231718970688,0.963299282414662,0.959085914061746,0.9593637977532248,1.7076290877515534,0.9802937298250844
15,1.1091140703300353,1.0977166003397036,1.0925914226099467,1.0920502280714206,1.0944271629612785,1.096602897211176,1.4792761992291263,1.2499321692389729
16,1.0968730224965633,1.0952113099343526,1.0933593735462042,1.0908849499181286,1.0896534510975138,1.0887776735677683,1.4681893418405112,1.117039965789636
17,0.7427082047284738,0.7451155716811397,0.7434026167684006,0.7412529401371526,0.7418972911223564,0.7433660046594187,0.9851621649320724,0.8880596821378275
18,0.9807735704234474,0.9764379241634864,0.9758328812792324,0.9760089293355426,0.9759988807175998,0.9774255008350323,1.5108635386905096,1.0412547724583527
19,0.887903200356648,0.8822065500530276,0.8843421566159869,0.8873060274776581,0.8869331829934716,0.886911964959712,1.2840014660465584,0.9640056907048612
20,0.987219046673736,0.9869735900731337,0.9844000082974058,0.9811808325487287,0.9811287119512436,0.9811942602466833,1.6841273761917364,1.0595324102828112
21,0.773368220479917,0.7685861508395743,0.7701665942599748,0.7710354273362844,0.7738522950245222,0.773373215241453,1.089022182640237,0.8504996122613311
22,0.9784794981988635,0.9759106776217138,0.9788131923718743,0.979070894103168,0.9770935390194052,0.9789874047895506,1.3672790837247026,1.0301694860067918
23,1.080350941858491,1.0719998611511161,1.0731436298793728,1.070105840399993,1.0711391658691038,1.0709421708452747,1.5118609516511758,1.118693171861889
24,1.0562559612878781,1.0531524073121694,1.0532968211715226,1.0547916279582057,1.0527762225606865,1.0531018338592613,1.3866777539434123,1.0769772294490412
25,0.9768802931767334,0.9712187693263561,0.9720994648467197,0.9676392682039535,0.9691589691749293,0.9707079630279515,1.7523513968376856,1.0238610938034525
26,1.028838436765482,1.0211583727257003,1.0192238040714445,1.018872473470415,1.019068257702395,1.019531903582124,1.4027225390150475,1.0293945903801374
27,1.0213823371243897,1.0171660696304585,1.0173189984299478,1.0184401283615385,1.0172752390216802,1.019591119253599,1.336265372158262,1.111614934962205
28,1.1637470394800016,1.1055846018906854,1.0715064601338726,1.050187728040468,1.0390104384762657,1.0345077282837671,2.865187986007608,1.0013964050810653
29,1.0378401987784356,1.0349707213014898,1.0325524426189987,1.0331701494639522,1.0327854518918842,1.0324263105529146,1.6131189194786089,1.0339231245645426
30,0.9810594440830035,0.9765395313059049,0.9736422626163936,0.9738195436106932,0.97413823083427,0.9738506990116088,1.4157436143012725,1.0173591023630844
31,0.9227967283035632,0.9215094168489238,0.9210245675138894,0.9228154246839751,0.9221441536403685,0.9216981355477429,1.3839166932850646,0.9724983416375792
32,0.9361578965935248,0.9343140121765693,0.9305182284729662,0.9322198011175086,0.9331491335110652,0.9333331218969997,1.3727736351144155,1.0255622851176076
33,1.0293085284673162,1.0265357222954343,1.0228699737117435,1.02476405498696,1.0254200125283754,1.0246422006649245,1.3650204544475444,1.141047440986984
34,0.9366587265180584,0.9306228663668811,0.9285804220167713,0.929604163028195,0.9290939398737482,0.9289879914481822,1.3068993519388843,1.0080759520121974
35,1.135870511916935,1.1280573199564574,1.1270697514766073,1.1276752743673673,1.1249498823346717,1.1254206269916596,1.7813915918912837,1.1927024561089214
36,0.9748364497637227,0.9763556399633059,0.9740563031706857,0.9744175509880503,0.9728791619973036,0.9729328935605842,1.7512640002134654,1.0205170811169098
37,0.892479422160198,0.8925845454406828,0.8926803290077165,0.8912187991254302,0.8933668183710102,0.8948004281020367,1.2655296865025347,0.9603639856749272
38,0.9750158179040811,0.9697007113532545,0.9696868839034007,0.9709115924987165,0.9704287851831811,0.9689034742035774,1.340484203985958,1.0682878350013694
39,1.0332765588581343,1.0396339474457792,1.0396678487392765,1.0382600246437412,1.0376681872471314,1.0373066824862893,1.5571170594483617,1.0936284907503893
40,1.002925405900516,1.0015394785808198,0.9998302921940706,1.000009231307375,0.9973766969466743,0.9970188126835655,1.4507456574793662,1.054619877317152
41,1.0011052592719272,0.9974968770637577,0.9971919968705387,0.9951748070574473,0.9946571045238415,0.9943236773986168,1.4119968820968547,1.0945586666456186
42,1.0160909485854452,1.0133616446039806,1.0126890016150507,1.0127675511447618,1.0123310690825267,1.0130898655418503,1.3597103139387672,1.0778013923673069
43,1.0220145802844507,1.0131235289303469,1.0100849265515595,1.0045278787513046,1.0020094770643606,1.000431005392963,1.206760659494913,1.038595867452612
44,0.8634073685336565,0.8599896299117111,0.8574342837857214,0.8538382370969786,0.8533332140987081,0.8530456559420696,1.2909065273119529,0.9146975035427573
45,0.988333191649634,0.9875103457527092,0.9847450791223882,0.9821968275165657,0.982010398293555,0.9827011601107579,1.299306164663171,1.0536253202362216
46,0.9946233912967647,0.99519975316034,0.9932346896925774,0.991100426899961,0.9913753028137281,0.991925973560707,1.5574947346434846,1.0659385857777357
47,0.9369626824414704,0.9305521196823906,0.9256010049433293,0.921698245127458,0.9185549106760448,0.9176208480578287,1.273563257809922,0.9659291735280636
48,1.0341551563666032,1.0281418217825624,1.0228471012649654,1.0222433253455474,1.0195675167552285,1.0188806619883257,1.4812812609274637,1.128437145646533
49,0.9431205201223514,0.9313334042046629,0.9314965976709336,0.9331339144202279,0.9323466903009718,0.9341684383406332,1.5507157094936703,1.038041788960488
50,1.0135176762676352,1.0126140846679912,1.009941965211722,1.0080450067937305,1.0067205478483823,1.0061951030259615,1.4290988805801033,1.0660883308667302
51,0.9151735263207208,0.9055730282683654,0.9077091721718179,0.9042615026253736,0.9046604576741969,0.9052889317816301,1.371258707888385,0.966481954483126
52,1.0471125590273362,1.0471359143197936,1.0451824701697208,1.0435283420235888,1.0440710740686698,1.0428194867486056,1.5780881053682732,1.119783600381874
53,0.8681818665503259,0.8673497199225877,0.8616742265186295,0.8632062210086686,0.866012978208133,0.8649319455589758,1.0785061164293732,1.0463134270652477
54,1.0924650841114139,1.078300569127184,1.0786108660144027,1.078180950215763,1.0767349147210021,1.0757654674208994,1.4402785295331055,1.1229850749802617
55,0.8565795885948544,0.849168701718238,0.8429209502882861,0.8450024591964942,0.8440715460250223,0.8469319448834889,1.5953699904513612,0.9016322764722684
56,0.9683749540137894,0.967803815397302,0.9694807266555172,0.9692367991723451,0.9726659630246624,0.9720078965738119,1.6646808219566225,1.079047089105598
57,0.8101285721334988,0.8023530448869001,0.8046866359054922,0.8054081625787703,0.8079212041454907,0.8072372265046632,1.2148842714538388,0.9467526277317778
58,0.9675829741786148,0.9583680021621264,0.9564528084283601,0.9564691793770749,0.9530493217436959,0.9534867888533697,1.5800746105849257,1.029869918880153
59,0.9301470475785162,0.932885554377482,0.9308184861079543,0.9321283870649152,0.9340291759936015,0.9342292884882784,1.3177975946852056,1.018387654057483
60,0.92045944531738,0.9177235173932622,0.91614050923744,0.914606815387246,0.9137790098732343,0.9134580613898116,1.3453241225045167,1.019527723158734
61,0.9605129493658955,0.9651418694835011,0.9676192207857363,0.9661831600290859,0.9664132001795672,0.9664843456846253,1.2689156946802784,1.0416072828940208
62,0.8790898473414963,0.8791697131826792,0.8831872457761738,0.8834690390615076,0.8836304886619816,0.8839134435099888,1.325755707267432,0.926585309857846
63,0.9266836351085662,0.9254873346479734,0.9228595038869727,0.922743592853466,0.9222283359385892,0.9235958610329423,1.2254809871513628,1.0002455313986591
64,1.0258432505113808,1.023556797208044,1.0235378854300126,1.02403513397442,1.027047505971638,1.026508317279069,1.3644503322587085,1.0900448908801157
65,1.0531341901899842,1.050972030109705,1.05020444391356,1.048390276801415,1.0467282086315985,1.04736978732624,1.4635557495257394,1.0909571058043657
66,1.1169315884114273,1.1205484147041398,1.1161226650935245,1.1169928689921829,1.1155267398561663,1.1152802831169968,1.600053648921829,1.1710467322809732
67,1.1214828046523284,1.1150775762734404,1.1157564275076322,1.1129758080314067,1.1135817639093677,1.1133190475459602,1.581005178543495,1.1892479501073083
68,1.0325138195005081,1.0199665556819573,1.0150543035967963,1.016579133181471,1.014966063043856,1.0144371709123823,1.5342298653230966,1.1094837971205849
69,0.975825927204082,0.9659618620042993,0.9674687628610181,0.9700629335373468,0.9732805674106028,0.9728705643150982,1.2253584923694318,1.0584344625980413
70,1.0073770810652631,1.0047802800414416,1.0044185428184145,1.0036313878564056,1.0005417723212915,1.0015367905376429,1.7032953485724462,1.1123427789117466
71,0.9621976346106075,0.9529143147942986,0.9481935960196004,0.9513087101375065,0.9490223073421742,0.9476894703802388,1.630831371113752,0.9764988591044396
72,0.9850649883305296,0.9825952180458049,0.9783874376031618,0.9779297978336792,0.9784559120602879,0.978854007469852,1.3340206630433524,1.040607556062819
73,1.0783834695878889,1.0771801260370062,1.0801287493686373,1.0780136289015188,1.075989462704841,1.0759512471976131,1.7709937224387675,1.0945879578855924
74,0.9979891187111858,0.9794624923126733,0.9714054975799686,0.9720098099304089,0.9735897178329175,0.973979005829453,1.8117247905023848,0.9750337160004484
75,0.7006034005467181,0.7000230674857354,0.7001919041938727,0.6988860521309261,0.6997269744787747,0.6994856177346536,1.2722128885160553,0.7957774949891685
76,1.061526555142634,1.0586328043774957,1.0543662525069237,1.0536116416596728,1.0528389768331907,1.0535121724848389,1.6486524045719555,1.0785723072133335
77,0.8534731118036153,0.8525240313932048,0.851504684580859,0.8508142791090347,0.8539611038794038,0.8553219873267479,1.1705465624906972,0.9620227925094436
78,0.8673300916585149,0.8700731567350287,0.8688127264467626,0.8656271129352204,0.8683900812649045,0.8667817637784875,1.2131773708038704,0.9337417621737903
79,1.0940704688386955,1.0738748390660158,1.0719913083734096,1.068510216612087,1.0687018576228264,1.065340284351229,1.7676400728772097,1.097496810193442
80,1.0684317846289126,1.0626707618146383,1.0584528319903739,1.0593976127452196,1.0588275601016317,1.05870580635402,1.6756767264443253,1.1798900726128303
81,1.0643165569387134,1.0582305008371105,1.0541301517972204,1.0497777889806668,1.0501990980941165,1.0512345942435153,1.550251841379263,1.069142618229665
82,1.0074566764896855,0.9976353996163219,1.0016185015686332,1.0005210468016883,1.0020780416937138,1.0026159575130202,1.508214571496222,1.0871594054274611
83,0.997199659858537,0.9937905877421372,0.9892185736172757,0.9852254630776112,0.9826268726255594,0.9813240967289257,1.4655788108781005,1.048545982864161
84,0.856238205149167,0.8528798499822737,0.8504581682946388,0.8457724036004416,0.8474198054382001,0.8463044770759265,1.2303293150293744,0.945214451227936
85,0.8974273122748465,0.8920092221495992,0.8893706447041964,0.8923748625842756,0.8862926044608949,0.8884682810355787,1.5962038443888853,0.9951784654145752
86,0.9335263582230136,0.9300894181902662,0.9282027483150967,0.9293981982286225,0.9299258493206538,0.9306308445504337,1.4152710044952448,1.007840068532157
87,0.9686292613329679,0.960958794752102,0.9572835202766566,0.9470703372459905,0.9461396408697419,0.9475872218043012,1.3624868686319396,0.9697326227205412
88,0.9078092975428851,0.9043961120375278,0.9006682017885504,0.8985533255017937,0.8996756792243938,0.8998001325348126,1.3990584052847268,0.9558496429417942
89,0.9906778948410289,0.9861859092820598,0.9843593618398077,0.9828708457069921,0.9849439926990643,0.9864202779904331,1.3930607556696877,1.0766987268846742
90,0.7637805061405275,0.7514096349949618,0.7511194322954665,0.7512525605006186,0.7517762330458739,0.7527917949538935,1.217491711549414,0.8367493102808875
91,1.0164849994116962,1.0158552340087035,1.0179524627891445,1.021953573134845,1.0208848490221052,1.0194485639963213,1.8651099058231415,1.0757186779624337
92,0.8178652461617385,0.8203448539933059,0.8232092401704776,0.8220723704488772,0.8231699532691671,0.8220057581657435,1.2471208968573,0.9249716336444144
93,1.0358312145573676,1.0309433971120578,1.0238946768375305,1.0196978036059263,1.0183506867183183,1.017409047486823,1.7095324477453009,1.038063934787538
94,0.8858192281203214,0.8872264449178298,0.8900051497658408,0.887845223371094,0.8867417282040898,0.8850003064230337,1.2978216650533918,0.9550262873652412
95,0.9349507968831137,0.9327823189376682,0.9299863179470139,0.9319692121265404,0.9297616115903208,0.9289496497523666,1.379117193971044,0.9920941780195816
96,1.043810998958998,1.0402695706222391,1.0407264477079752,1.0407696736854972,1.041115902277888,1.0410302014511787,1.325567774547141,1.0764518784733277
97,0.9782552206035513,0.9727647533498819,0.9731576927890201,0.9737783045354961,0.979963277487582,0.9794420555194482,1.4747069949180998,1.0728042669379805
98,0.9829465775213281,0.9854238720598343,0.9834652616160974,0.9843902591308039,0.9837720490970658,0.9850444654719862,1.189320068150913,1.0508541276158996
99,1.0343782367666758,1.0255177077061282,1.0223172908848286,1.0224927940330115,1.0239529764932562,1.023785567765982,1.4296121208113737,1.1044476105346122
100,1.0231909626630946,1.0028987741838957,1.0034905336729678,0.9910542473218722,0.9849228677223699,0.9830395582659152,2.389155747263169,1.0726797684894664
101,0.9854819285023623,0.9842174532268239,0.9771571974172465,0.9778219941894969,0.9785920395969953,0.9780052311366609,1.6010710423183414,1.0573150967680258
102,0.9715734312879966,0.9666124529457364,0.9672358728030611,0.9671945824470405,0.966850826394647,0.9670901620174572,1.3265333511131123,1.0357852733155295
103,1.0751362925234198,1.0727143270631883,1.0737396990361254,1.071834567123779,1.0727500384779791,1.0715280045016629,1.5254417450972466,1.13886046077644
104,1.3157932482260035,1.2814204433628145,1.265913209829995,1.2393052366820463,1.2285399651156415,1.229135118878945,2.866209566060791,1.210605223282139
105,1.0075198084335368,1.006616716599229,1.0070611303515473,1.0050091045184633,1.004271000756403,1.0047435495850763,1.3185336954982432,1.0439217069572782
106,0.974169667819618,0.9742496902214252,0.9714952392789373,0.9718009459385251,0.9713087501118686,0.97182901298379,1.6070652940446064,1.0333783557384597
107,0.8599138279867019,0.860184467703273,0.8602548544564704,0.8588636866863412,0.8610120027670085,0.861723812096381,1.4783344225169333,0.9756871264317828
108,0.9202023096786931,0.9169612023100099,0.9099361792798762,0.9069328478509164,0.9070509467430897,0.9077891539278619,1.5697589007174506,0.9661015973342376
109,0.9241313970933913,0.9237190841372138,0.9220073227583679,0.9203531644734615,0.921875503574582,0.9226210615014421,1.546014264327047,0.9783807073892477
110,0.9993199401734241,0.9948170749481458,0.9950235814501427,0.9923904369964349,0.9919773803080028,0.9915171731776146,1.360295949122758,1.022689704211603
111,0.9077196259330872,0.9057672867825999,0.9059956210623974,0.9045623420141,0.9042933735688335,0.9036263254380604,1.2220644544956651,0.9756403513370324
112,1.040295960323989,1.0352150230701804,1.0349435385022354,1.038111620942089,1.0405797649380488,1.040787119871195,1.4238233687214523,1.073373670632507
113,0.7539763102510504,0.75812262939099,0.7572826777436061,0.7574000700064351,0.7607725447422571,0.7597984857976988,1.3449467020455603,0.8264087057902785
114,0.8069104257226088,0.8005033426791471,0.7992932988822035,0.8002690571435666,0.8017084665978023,0.8044023173612004,1.2394207793653325,0.8644105193328199
115,0.7499231203540258,0.7457302477054715,0.7485543232024965,0.750563802530065,0.7521787018875925,0.7534777399409975,1.260778023380096,0.8588929168386688
116,1.0229212734701518,1.0233247056118178,1.0216277676762189,1.02031156594295,1.0200773519401793,1.0191501627552249,1.4309149734702962,1.065951637042331
117,0.9340702850858141,0.91007998471459,0.9048037067206244,0.9046845565977614,0.9001146101357086,0.8960266113146496,1.8866540488026269,0.9844266332773256
118,0.7219480426370217,0.7237004137526781,0.7257666773673255,0.7235992720132367,0.7229382527601373,0.7217433167641305,1.044027777965974,0.8258031440438404
119,1.046455694533672,1.0408476518953569,1.0352912454263457,1.0350408079653028,1.0322370565412822,1.0313257129935975,1.449963930361171,1.058158138160607
120,1.127831676891419,1.1134930016522717,1.109465552948883,1.1081141014486382,1.1073994272571206,1.1059336634312338,1.581911779415784,1.1764851062042745
121,0.9416523700030486,0.9347614029594138,0.9350721118455538,0.9336133776736681,0.9343832054533988,0.9336914567652016,1.3615128705005373,1.0345171613431974
122,0.844437394077746,0.8407128544802579,0.8444586567276202,0.8452678726360912,0.8457758894870363,0.8490876656848959,1.3391935715852332,0.9704386652313964
123,0.8568215667632582,0.8434877942038559,0.8470198169168638,0.8377376827656702,0.8358060100364809,0.8386907430443236,1.543364973696702,0.9107958409636164
124,0.7642782194769977,0.7672787233264338,0.7712413791355508,0.768452429765999,0.7675352800886579,0.7667905841185975,1.130787022739208,0.8066150010361884
125,0.8948569360270637,0.8994719991488802,0.8989528610363259,0.9022511317413427,0.9074933845485379,0.9113518960104833,1.4817634992446795,1.009565180382637
126,0.9861118517351927,0.9901399335510258,0.986803010940553,0.9858162308835392,0.9852115365800224,0.9849535462540948,1.3565541703515052,1.024007755726014
127,0.9248144949385929,0.9218243460236357,0.9221407662022357,0.9245567343246116,0.9236752280414039,0.9236587986735214,1.2218039587787175,1.0074533399790804
128,1.0404117678603941,1.0365608427230155,1.0343237518008301,1.0349651024908775,1.0359617003702581,1.0361866675607716,1.4951716954174257,1.0681083665175517
129,0.788163413936979,0.7809468506799301,0.7814644718662777,0.7812520510502372,0.7848756768053959,0.7844028161205949,1.1772493256676726,0.8476414684027915
130,0.9290984029483327,0.9243685243766093,0.9263975617459784,0.9262347606554623,0.9260183036701692,0.9263828205372334,1.4445186706637656,1.0006851641554706
131,0.8526913171940518,0.8490889021098199,0.8471024761815622,0.8425135667387375,0.8441453441702467,0.8440186327784134,1.260141586775637,0.87531916472082
132,0.9812509274765465,0.9730136058899445,0.9710201969858246,0.9701400765628194,0.972504712931231,0.9735413287413509,1.3722649310905808,1.0770723484990503
133,1.0567321936629133,1.0523437827161637,1.0518162749068698,1.0532068306572762,1.0521259862358123,1.0533405774952422,1.4413151436513,1.0815453425278687
134,0.9039800159830795,0.9054511656340251,0.9018267728034879,0.9008860860830964,0.9016335664403786,0.9007830637281843,1.3829353592746036,1.0005083553229184
135,0.9592304048976187,0.9555012139605374,0.957458755673949,0.9566666832736278,0.9570068455633454,0.9583265160125236,1.2785679319365333,1.0163462380743349
136,1.0375686282549377,1.0345809957447512,1.0341616339093234,1.0338967720092682,1.0343785026104533,1.0346550567269757,1.3810661159407416,1.084262848459694
137,0.9422590234197374,0.9404715139058368,0.9367520591385302,0.9365355122679843,0.9360641091112951,0.9349545240978753,1.3315590683517882,1.01591484261889
138,0.9443979078521505,0.9428328612473171,0.940268217276547,0.9356758276053254,0.9355086708642448,0.9351532205385885,1.4042420759346448,0.9953338373475576
139,0.9947077164710398,0.9910893453130811,0.9913677633562415,0.9943894044782453,0.9906367017639057,0.9896543695769157,1.3623445609466125,1.058273694040175
140,0.9461241018130706,0.944600952168218,0.9345766080140793,0.9346788377976267,0.9340526295378984,0.9339309952246185,1.6917190652693257,0.97081710594503
141,0.7062546286091844,0.6981410706074792,0.6985441938014042,0.7008895272814905,0.699970935396148,0.7017354960828255,1.466642726389702,0.7746061879792921
142,0.8856096715951689,0.8840222579869091,0.8846604001930571,0.8870795407634483,0.8865544899766666,0.8870277687003824,1.0783032043951162,1.0100699122110235
143,1.0127942361617919,1.0073425516623864,1.0106864028133071,1.009268308072653,1.0107415205645929,1.01156211451212,1.3672938319763115,1.111232678244689
144,0.9589446560317886,0.9576276017717814,0.9574055380644303,0.9516877570531574,0.9499105616590341,0.9497720056470016,1.4200488122705184,1.0292879664644987
145,1.0316799128958702,1.0250068146153892,1.027143335676637,1.0232634652106687,1.0210949186142262,1.0222797759480273,1.4032525033964456,1.1274144715427772
146,1.029763262094637,1.0270147990519043,1.0232316255497382,1.0190306760911647,1.0210883092038352,1.0203400392361825,1.3917729365277898,1.061882930912177
147,1.014794723030888,1.0082241094707187,1.0078305231543667,1.0073945035337084,1.0085381913442828,1.0078129546043624,1.5060763341839245,1.0647415515945695
148,0.778146378113968,0.7857391938359053,0.7841538616300693,0.7817332886306214,0.7826846565508913,0.7821413324773263,1.311523957129048,0.8614646837171283
149,0.9831298865389839,0.9727378317443275,0.973259381230198,0.9730425722264008,0.9734880706781933,0.9719884164212038,1.3235759184894522,1.088885867785384
150,1.0150198680813212,1.011088500550071,1.0111983178442145,1.010860164914111,1.0112795977446651,1.011052336549705,1.3968430705405082,1.0652308001161426
151,0.9748028585058207,0.980092851549216,0.9790945459611062,0.9714853195122668,0.9715117506135286,0.970493937374872,1.4690880070463712,1.0523291625116449
152,0.7306471250658252,0.7291597073950206,0.7312030593578805,0.7319775227070705,0.73111994609856,0.7299038000614386,1.0931754215587617,0.8423497114259549
153,0.9412408001450457,0.9251023428412312,0.924591885979301,0.9249646129386189,0.9233700901724322,0.9229483267299724,1.4876130766175455,1.036696950296275
154,0.9776102611695143,0.9695295239242595,0.969745129627864,0.9667401158950528,0.9638989910841435,0.9636036990061737,1.4865414458839517,1.1034447107816436
155,0.9853829124805459,0.9793072672806779,0.9780086678380719,0.9761804748497676,0.9755736156249393,0.9767850601836772,1.5600691752966114,1.0595431944629048
156,1.0837113828483749,1.0817296135792038,1.0821319591898129,1.0830887154603026,1.0868204399242412,1.0871889628486808,1.5533505777469845,1.1287831272904716
157,1.0370061606018683,1.0325365052356785,1.0309712446558785,1.029557689055473,1.0282957278580223,1.0279615407167524,1.3777345406898354,1.0999363113294125
158,0.9644523452596894,0.9646018545239937,0.9640706567842189,0.9629335079400123,0.9607020273200141,0.9614571733148685,1.6362097302154153,1.0270991292460188
159,1.0222762704557604,1.0147988382331306,1.0124745746713593,1.0128542911124914,1.0152374705907095,1.01364774278023,1.3193625736946162,1.1027093785049715
160,0.8680856992562791,0.8678987533612217,0.8675907848208466,0.867642248751188,0.8701996288114158,0.8706586184954732,1.1974445363528778,0.9214458068213044
161,1.0117545513886534,1.007402995482334,1.0032739705927811,1.0069374208809025,1.0071425990601124,1.0065157859055451,1.4906104045468036,1.055923538189521
162,1.025776979759759,1.0240600901183476,1.0215808846717656,1.020778311642291,1.0200906032815666,1.0202179758665966,1.341838981138942,1.0927245706805506
163,0.9982392559229367,1.0027518362187582,1.0028143994600414,1.0049975160543558,1.0012991963367381,1.0028609976993403,1.7542780093285384,1.0603790093447198
164,1.1154930458271444,1.1120587996440836,1.1041199334385408,1.1032855012327434,1.1061781669513695,1.106927931879535,2.0394056464012658,1.1501847818430109
165,1.0462754349217482,1.0425945529162308,1.0425566547855125,1.042480218312949,1.0454925416934897,1.045678290401366,1.4774653384690994,1.1080421117782555
166,1.0568817745897314,1.0394900976743442,1.0423396242020773,1.0286252762142716,1.0249127261952224,1.0201027314746802,2.032921090448478,1.058532493819188
167,1.0262726527377701,1.0256388408854173,1.0256023583874734,1.0249819519656729,1.0254414028957979,1.0253681376851342,1.241577250579755,1.088140277524053
168,1.0120970596905612,1.0064162547413977,1.0013347962903618,0.9966985642833147,0.9978319993421806,0.9978337658404016,1.521056085467522,1.099999697398042
169,0.8122473724324697,0.8074194821842324,0.8089854797285764,0.8091745929395682,0.8102298873822666,0.8112948318255528,1.0908399300300986,0.9918475635810106
170,1.0026969801594008,1.0000682399298235,1.0011289461958945,0.9986154504521546,0.9968221033588277,0.9978262694339288,1.7160862193690067,1.0852252308297303
171,1.0260137153014925,1.024628260273269,1.0260189038223844,1.0277441600328217,1.0267660207397278,1.0268008780779712,1.3113978822139265,1.0713509901163367
172,0.7092684583851816,0.707855482618022,0.7089990657541736,0.708767374394493,0.7102178089861126,0.7108278633638063,0.9782372720113912,0.7805013360273637
173,1.001264245372772,0.9955268414085612,0.9914194114651742,0.9902239054067142,0.9906620942569976,0.9919178522153886,1.3367796745295877,1.0342254069344767
174,0.8822460687108237,0.876094896622918,0.8731597712375013,0.8745535933881936,0.8753970965943241,0.8752456800165617,1.324351473670456,0.932656100149473
175,0.9139130333609792,0.9124101467844973,0.9117066374468041,0.9126532458293508,0.9115316312601154,0.9116679582744195,1.3459965736318222,1.0114655423178007
176,0.844036939297873,0.8369180524321073,0.836503063873123,0.8363695358682822,0.8376275092855376,0.8353689859136443,1.784411970618642,0.9274257782559084
177,0.9649023220230847,0.9599088014245609,0.9599161741135782,0.9664417352921042,0.9667302297284485,0.9696242337611328,1.6085494573172952,1.024231037597099
178,0.9495993936344589,0.9495010564459403,0.9487424660643502,0.9474869402871363,0.948373911243232,0.9483353992698162,1.1515483059363596,1.0438353857884584
179,0.91018574613858,0.907116433122125,0.9058018121411011,0.90505088789949,0.9053615441747016,0.903715163292011,1.357013635335125,1.020454241154957
180,0.838502059146916,0.8318584145835908,0.8314469981505918,0.8343895796579278,0.8389071085156483,0.8417082685608283,1.2049293094745843,0.9125738741426342
181,0.8492246723043788,0.8415823103974779,0.8417443161000099,0.8417761190456479,0.8440134825772861,0.8457130967194778,1.158762640217363,0.9789935175936536
182,0.9682036807953522,0.9643240593240552,0.9653876363572,0.9627346957591174,0.9618124806134788,0.9618732745098679,1.3251077171197236,1.0041552318706102
183,1.0717397292921775,1.056414738688528,1.0550381191937956,1.056605126994776,1.0545224909233382,1.0527396054053553,1.8876485965187348,1.1003147060769929
184,0.8623676861444032,0.8530649477335158,0.8513550636772114,0.8486213576051149,0.8488494368845726,0.848654104773431,1.3532179525813848,0.891426196381114
185,0.92945070141413,0.926297048160814,0.9259318273159379,0.9257787988478825,0.9233389482217821,0.924018063145554,1.264914448976214,1.0010581630862858
186,0.988717381848239,0.9882089475495417,0.9914350757043286,0.9879500759864288,0.9877581894345288,0.9884051727728764,1.3912496543101855,1.0489162365194469
187,1.024627485648002,1.0163383833854513,1.0153678969426205,1.0169470120490451,1.0168991622951344,1.0161132848718055,1.5156183715077594,1.0450013204367825
188,0.7394818295013666,0.7377318865575216,0.7394698086557372,0.7422069426190179,0.7464090471224497,0.7509871953872673,1.0640689426241532,0.8749224079147548
189,1.0149027401814057,1.0070112921900323,1.0051037013568234,1.003981457509916,1.0027161697673366,1.0019907404064974,1.6150746513812413,1.0518915297968845
190,0.9746510490799452,0.9679033682055805,0.9659971440377001,0.9636284636977683,0.9628205712401082,0.9625475680522966,1.292060940190203,1.0290023428394668
191,0.9735307175039964,0.9749962210827665,0.9755777872890927,0.9742822013314207,0.9748341879397221,0.9766179004853637,1.4381776406893323,1.00984018654901
192,1.0298900656718768,1.0304633308170872,1.0277924663779419,1.0302902024841363,1.0291162840555632,1.027803323215203,1.346540906131343,1.0460964001298008
193,0.8542892651356069,0.8514556094278893,0.8519293096351176,0.8519348179545445,0.8523005682721968,0.852775605173015,1.044850196340076,0.9323310546425996
194,1.0474234266738587,1.0396137626420991,1.0405022420410397,1.0400318158407262,1.0405808691356688,1.0404167541408265,1.3754884379829102,1.0896749509931916
195,0.748713744093566,0.7441737110658703,0.745065639643319,0.7473911479537008,0.7533185209944212,0.7555325273172802,1.1088025194001885,0.8301205733540216
196,0.9198205892337723,0.9219583243470093,0.9230849172370867,0.9210763179616405,0.9221849659827541,0.921620579816367,1.128700176989437,1.0249848172873086
197,0.7987602733197028,0.7960858561774686,0.7903901521864208,0.7890270117910426,0.7905018733866771,0.7906431189239032,1.1472401081264207,0.845795638864049
198,1.0341953454967303,1.0354768456361958,1.0348219960729528,1.0336130994437311,1.0324322700128115,1.0324224391023937,1.3950805925748313,1.0872478935542482
199,1.1142015362977689,1.0953130670971598,1.0739525015131928,1.0617096988741335,1.0530233819554584,1.053441372433428,2.480727018310698,1.0610708303498126
200,0.9590849918400338,0.9574442917316616,0.9567242888104469,0.9566403890998048,0.9552528242312945,0.9556206766533234,1.2164021018589128,1.0521573749777706
201,1.1570090203069299,1.127524147814784,1.1285101451338322,1.1206409993265831,1.1099648399269548,1.1104308101251645,2.0451835146437003,1.1869639720429652
202,0.8442414406546423,0.8267005493629136,0.818417401095393,0.8097274376970344,0.813724813124701,0.8133715075249363,1.6127201728103535,0.8939797808047396
203,0.9959892227030966,0.9945528853134522,0.9932086588674782,0.9921462781321946,0.9896403682528212,0.9897578907115834,1.2474310101315154,1.0415218887971416
204,0.8639886215714009,0.8589808914394182,0.8606732846654535,0.8617182398976775,0.8623385564464022,0.8612293834482949,1.249177691348299,0.944836744126654
205,1.0260322694016566,1.0213364161930005,1.0173743264037394,1.0167820010505308,1.0104427017604847,1.0119930787826978,1.792878994624853,1.0442974042291562
206,0.9032535922745527,0.8926224484790563,0.894393529081267,0.8949620404530609,0.8973147139846842,0.8981286558152828,1.2471709257447623,1.0237090142121616
207,0.9203584292829922,0.909675950817308,0.9098273675301156,0.9065111061701777,0.905680243407872,0.9066133224170199,1.4405928549268054,0.9774248969803412
208,0.979911091577403,0.9691580798071933,0.9654458329704279,0.9689546606799334,0.9674210796729811,0.9678749968280651,1.4839521573894665,1.0202813419378447
209,1.016141133014334,1.0181332863695847,1.0096902041316183,1.0063352786287318,1.0048552346078052,1.0045830604021757,1.702552219502315,1.0457444125660655
210,0.9682420565516728,0.9653283277033329,0.96411708012483,0.9657588187617154,0.9651910595084486,0.9665792483914667,1.4054393748888234,1.0303486740646912
211,0.6385379899372744,0.6267469146485822,0.6237472162323671,0.6188390852936037,0.6190001851821086,0.6192537002725229,0.9454970922626068,0.7159770254126048
212,1.054908435167641,1.0501829116417036,1.049580875164382,1.049375490592178,1.0504244860482288,1.0502175008471304,1.4797027540315353,1.1117265343579537
213,1.0526099415957584,1.0452111628142209,1.0470825657334952,1.0443522954084348,1.0427408854514786,1.0428871865306488,1.3850081357849284,1.1209833924461168
214,1.096521758518253,1.0884907288058456,1.0881192944229041,1.087844269654628,1.0856656675703686,1.0858451537105325,1.5050901067937992,1.139871269144557
215,0.9307709838664161,0.9274709712374933,0.9239062379686656,0.9235044135858544,0.9207482503290227,0.9219534559442103,1.3038766259548102,0.9677768919390742
216,1.0358080501847098,1.0281774964611345,1.027171989061779,1.0215815392950447,1.0201765467524218,1.0207987666705203,1.519761624161982,1.1130607594474424
217,1.2432297988855403,1.2429755312485353,1.2433207986404056,1.2446952388389037,1.2433672156088318,1.2443083212381456,1.5662660772280166,1.265751514205289
218,0.982876965221882,0.9823660075192637,0.98009920738022,0.9808790678378192,0.9816279382462546,0.9821263246596621,1.4136808086353727,1.0417583753431137
219,0.9688284666687443,0.9604788751248926,0.9605333762059635,0.96242676566742,0.9650371396099025,0.9655360320434548,1.336173678447268,0.9933531998201768
220,0.9888640823946305,0.9639290828574549,0.9582895003333096,0.9435751689670313,0.9477304289645887,0.9431032541312052,2.2787357138371367,0.9583719034832962
221,0.9109047112959381,0.9109035108082805,0.9107924119437535,0.9070521039127801,0.9097095111638,0.9105249016951403,1.3757789535313365,1.0042367988126513
222,1.0358787289610856,1.0335168139144792,1.032012166663536,1.0322981267241664,1.0337662519626347,1.0347061720841462,1.491828686592592,1.0945109584577626
223,0.8834852749324003,0.8888751634147593,0.8930307246590017,0.8906577334946749,0.8914343933600138,0.88947588001871,1.5030114692807175,1.0618803867102984
224,1.064009682690669,1.0541619975470884,1.0539392463691004,1.0525571765045358,1.0510887855966766,1.0524375831912562,1.4312151030207128,1.051784001301682
225,0.9117356789984548,0.9101959476264965,0.9084153209249435,0.9128949733185088,0.9186703156871175,0.9165618075351422,1.5473449158219683,0.9793094587607628
226,0.8101694868602849,0.7978982441690847,0.7948678128867873,0.7960159235291466,0.7961548420133137,0.7961171705269895,1.3740971790244814,0.9336603367973664
227,1.0315357798830131,1.021902750425122,1.0241855811177982,1.0175551817022301,1.0162249292325372,1.0148784029624252,1.316323242023791,1.0936023338825245
228,0.5865737338798194,0.5830341656161177,0.582134965199956,0.5819510817346388,0.5850823077726002,0.5857545444587998,0.8838084289676678,0.7027864489864035
229,1.0394253380470628,1.031964259921724,1.0336647619990582,1.0282032640203542,1.028476641912926,1.0290266525542975,2.036788193174578,1.07998332200659
230,1.130613350448078,1.1037776700118458,1.0998314245852654,1.0973919356656077,1.0947714704120186,1.0939934940480702,1.777591164933496,1.108533812250009
231,1.0610039580956978,1.0550514566989084,1.054986457136985,1.0432726704884443,1.0441387045594976,1.0440872799000918,1.9933920399917116,1.0518886023975784
232,0.9551310042934357,0.9458140347653871,0.9295837732378734,0.9218976342053373,0.9149703118968803,0.9183500879442456,2.1205562090841363,0.9731645459357362
233,1.010975749440973,1.0106629516405596,1.0092808585523023,1.0113010575570136,1.012688407767197,1.0116874428044729,1.398895767059786,1.0785606804793175
234,1.0553969689179739,1.0513062977195082,1.0518777579148035,1.0474491633554779,1.0472005002568052,1.0469204726625287,1.5192654476111414,1.092029673563958
235,1.0372533887610818,1.0196450066753573,1.0212109083358938,1.0177021537355369,1.0171803565914035,1.0159745327782135,1.959446588047848,1.0491129417704783
236,1.0794913597020435,1.0623195909916079,1.0652943265013117,1.0666964952761477,1.0676404594594764,1.0666424205198044,2.0549056669000243,1.1411796419432132
237,1.0675582921972429,1.0511361826470396,1.0426146829565301,1.0450343243055011,1.0434934679236831,1.0429335240680397,1.9017256165788896,1.1070792001600245
238,1.011832888089884,1.0074546502915578,1.0078730533115792,1.0074786233426052,1.0076258647789957,1.0070312393104162,1.528555069743244,1.0977679523053316
239,0.9668752090773169,0.9597068832049255,0.9622628726103944,0.961717957269396,0.9615013492212949,0.9621611149493446,1.4554368418269763,1.0574611609729812
240,0.9975568289064937,0.9919755461064713,0.9924626289138544,0.9917370222960095,0.9897483261860187,0.9898708330064735,1.3975918224523587,1.0668155524710603
241,1.0091760604688014,1.002031013160183,0.9982424778145079,0.9958688722707363,0.9962824802503149,0.9969431800522668,1.3203179345518183,1.064429049557151
242,1.0647129395410628,1.0453621734304472,1.0496879335879388,1.0334640908945523,1.0343821562439066,1.0331983351784946,1.924415071235861,1.0422482565816051
243,1.0770792061297894,1.0610239001158606,1.0648064782446964,1.0627618060199084,1.061748452204733,1.059895208676171,1.545792946004252,1.121078449406999
244,0.9080071232803979,0.9071793052878627,0.9039021059174266,0.9038251568066779,0.9031873356097804,0.9034981139757814,1.236451630250095,0.947533626250012
245,0.9693551129218836,0.9685397105639754,0.970633570234945,0.9715194486456045,0.9710641189364753,0.9728215793079407,1.465858193049381,1.0280893783949765
246,0.9729419664194844,0.9314600637535703,0.921705521084274,0.9165106636252688,0.9067606668930579,0.9063927934130237,2.202401884617001,0.923676867283402
247,1.0727363950348892,1.0733669496242135,1.0736734994228982,1.073974832787082,1.071445052870474,1.0686822238349305,2.0948532831111013,1.1163001266673576
248,0.9679935586936314,0.9664040506184002,0.9618477517334005,0.9622047555464162,0.9604770984064686,0.9621860282311183,1.4003160534002357,1.0333718464402952
249,0.9814698430523969,0.9785695031353591,0.9760642779120886,0.9734378128873677,0.97465462205271,0.9741055789541345,1.2348213966670831,1.0292820649126784
250,0.9581299678807463,0.9469246899896356,0.9461814870499856,0.945926426159786,0.9478321765896439,0.9486268697622622,1.380344179965451,1.0256481169724492
251,0.9607999184677064,0.9528010830285679,0.9585676460264819,0.9587641645209171,0.9572304294851638,0.9569189305505068,1.328350822325552,1.0569918285085007
252,0.9865068789484477,0.979808331491119,0.9767904797452417,0.9792220960908419,0.9794114041320139,0.9797318348484176,1.5172520819249502,1.0286764136225257
253,1.0050086883486609,1.0070073606249894,1.0075513912104117,1.0057409020788577,1.0065475817686833,1.0043381952451746,1.7032540694941307,1.089206920348334
254,0.9542711460349752,0.9497914981244152,0.9516562874076172,0.9490570446587197,0.9473952762735938,0.9471616002542013,1.381188778796797,1.054479480618502
255,1.0349367560133271,1.0299862167547715,1.0252999077553155,1.0255179809605421,1.025069488698688,1.0243638049650952,1.6102799245224555,1.083886765099444
256,0.76921932857472,0.7697392733523584,0.7682448323673707,0.773420969111387,0.7748685549376005,0.7760229910754061,1.417780202636317,0.9096461935519674
257,1.088243843880308,1.0871742044848094,1.0848722979019072,1.0841507048614691,1.0854112073707982,1.084706768395766,1.489441285283476,1.1159371464620278
258,1.0377862548079824,1.0335471846142992,1.0313748474032869,1.0276723461016792,1.0279884549641591,1.0280664448247074,1.9096271483467493,1.031985768435797
259,0.9752380282936013,0.9733329597799752,0.9695630618798697,0.9691042753416853,0.9677242089184173,0.9684929444256135,1.603001248300036,1.0312694424048592
260,1.004031445466484,1.0042933333552468,1.004544859566869,1.006593385791063,1.0046529914229414,1.0044075617813324,1.5167389526946915,1.0296657125624658
261,0.7842468999079534,0.7867049653068879,0.783887386010305,0.7844124354876583,0.7843584101835619,0.7861277713027723,1.0991134257570894,0.8913681187821395
262,1.1111097796230882,1.1078478334140933,1.1106978624092758,1.1098335107536976,1.1141235884495113,1.1130406837035156,1.685115958002933,1.1906755434021583
263,1.0080171656111299,1.0101440474943113,1.0133208638502917,1.015067491125601,1.016111695944262,1.0184331967347215,1.5491510796176613,1.0421471264034678
264,0.9551356377085223,0.9482992770110363,0.9349256030315117,0.9284954405093746,0.9275549684393894,0.926835259456894,1.526334874445656,0.9571334542484772
265,0.9918084015008065,0.9912821049967473,0.9851774019236559,0.9862894101469272,0.9895143705987797,0.9886973154023625,1.5738912509363372,1.0272839647982444
266,0.9601713141908113,0.9594002205060134,0.9623623045995194,0.9633262584344512,0.9647474297340183,0.9663932459809755,1.2908680508551995,1.038689784685486
267,0.8477471097501178,0.8332035092673905,0.8210353201623395,0.8145865803542336,0.8079627423681881,0.8054694559132475,1.838046604970237,0.8495538906405159
268,1.0452201619156998,1.0450385176107337,1.0414992305260242,1.038088343923523,1.0401464758453134,1.0392000050141719,1.451563448761494,1.0643169998091198
269,1.0010937702887936,0.9966293102165857,0.9960827824324067,0.9972511237984375,0.998150551523452,0.9974168041552866,1.534228564481082,1.0563002448578274
270,1.0061458943039847,0.9826786083382382,0.9754983317764567,0.975729840306215,0.9753663114791983,0.9763355715755727,1.6095169887426113,1.0096596621783926
271,0.8193026277729483,0.8164906283561075,0.8174280342172445,0.8173797999916703,0.8176494958666006,0.8200844354936446,1.2081880324843526,0.9622882309086432
272,0.8298182000665236,0.8185717679317678,0.8160785425279532,0.8148281386015693,0.8180541474034148,0.8192076102289094,1.1684382899787389,0.8822539198699445
273,0.8751414247722424,0.8778346752490463,0.8780750696821323,0.8781074224853195,0.8813355560067785,0.8808785825326093,1.1382325777835054,0.9422602897566752
274,1.052500604468281,1.040585858500815,1.0113126052725938,1.0012256310778962,0.9989515031880618,0.9923205788180466,2.5476574095766438,1.0138901969346568
275,0.8508935629564933,0.8533073650584195,0.8576090375010972,0.8644733482786392,0.8678384425958056,0.8688692247881665,1.3319561499619306,1.0465060356452047
276,1.2118552540040017,1.2089474158654527,1.2047391428741157,1.2028402497908048,1.2034267598900241,1.2035753631387316,1.6827423010755431,1.265447847014225
277,0.8464370689419137,0.8472603500866687,0.847341745551582,0.8521948134628751,0.8525031300240387,0.8518519337382222,1.30223556378858,0.9690922355098096
278,0.8757300323859608,0.8762600876075867,0.8751527958194467,0.8720891869486126,0.8734071101618035,0.8716836565823718,1.3146979483735362,0.9594217161967796
279,0.9260249861932058,0.9174943044689037,0.9171676211594416,0.9183540410284816,0.9165734387355757,0.9159179701758084,1.2899397351748332,0.9452474541596168
280,0.9863045054197428,0.9829630121496138,0.9765627798589255,0.9701051525225094,0.9694870975310513,0.9682498140315331,1.814025706473101,1.0070847114488903
281,0.7153033727618943,0.7140385247114938,0.7135424291107743,0.7118279794808566,0.7081054154200378,0.7087744940647365,1.2829673381285798,0.7893504810466919
282,0.9559053376151051,0.9503337343964415,0.9490225344516524,0.9492806638729764,0.9475264280195507,0.947955624250434,1.3222573185894029,0.9980978806420288
283,0.8573271877877932,0.8495186140958252,0.8479331525212829,0.8460732694997793,0.8476820032339626,0.8470358940565907,1.2149190175713314,0.935240477898
284,0.945799324049516,0.9388236171972482,0.9380442118097269,0.9364498755700432,0.9359327812260033,0.9364975680917533,1.2118943244366136,1.035828084313957
285,0.7894770306254988,0.7851360569666188,0.785630852441057,0.7861707933643264,0.7869420143141123,0.7862687504867905,1.1443447876786994,0.9190307054084096
286,0.9276181876863341,0.9226915538392483,0.9202948808102227,0.9187121127506436,0.9201535360580044,0.9201702640388081,1.2150567023453829,0.9697501733942216
287,0.9750125822406104,0.9671518455242745,0.9668998394617568,0.9685532799142933,0.9694359989193957,0.9699579955815998,1.2708619213883765,1.0963515563316402
288,1.0603236899673867,1.0555299540714602,1.0547005587259115,1.0544519254392728,1.054250698377888,1.053773180689482,1.8108228185233557,1.145732402210503
289,0.9487939009540334,0.9366244772091656,0.9427199039441758,0.9415768908401266,0.9402655068159331,0.9389015755846553,1.296399680680567,0.9668724522904376
290,1.0386430711111798,1.0346591635542477,1.0327090622146886,1.0300447146224332,1.0308407841829952,1.02958817239944,1.6256960987268203,1.1261622796909838
291,1.1477570698952773,1.1076881818832103,1.1041190982815412,1.1033622431520889,1.099734583595303,1.0987861457637846,2.2662311050363053,1.09479579446472
292,0.9874319545294052,0.9889270343260697,0.990878252664082,0.9925613560210358,0.9921625424101637,0.993899938235278,1.3659986190697404,1.0506751363612847
293,0.8988270268799264,0.8925778900750936,0.89041497989294,0.8909257752987972,0.8878108913882363,0.8890361035973046,1.144403452721674,0.97020798784289
294,0.8916639670210506,0.8850233435311845,0.8865530290918744,0.8861029066615749,0.8868305732720365,0.8869910310148131,1.526076172854712,0.9310510423132948
295,0.9021821124083518,0.904450997696133,0.9053584134302363,0.9013416845054263,0.9006429009490561,0.9017119219153616,1.2862031644384615,0.9352588334416528
296,0.9427784556387804,0.9462989506079538,0.9493301864223852,0.9524281756645361,0.9524716979216795,0.9535525220003641,1.281592953063786,1.0616834176701229
297,0.8662717374906824,0.8668699845262549,0.8687553707901596,0.8714190695384104,0.8734943409570309,0.8740529875774193,1.1869921693569765,0.9959575465612333
298,0.951547163934078,0.9492209051505117,0.948762246459184,0.9496349648755569,0.9475461282350361,0.9485171179548548,1.4062101050618625,0.998848829522382
299,1.0880159818526007,1.0657583328840596,1.0581711288353841,1.0490992052322727,1.0505912759517442,1.0516818442563745,2.1784519708331187,1.0812039811923482
300,1.0330988940833286,1.033366355608349,1.0283705188204237,1.028682333816595,1.0306563409548797,1.0299767198973595,1.409778988393979,1.0586652310070677
301,0.7523963421050367,0.7538367730114148,0.7521357100457994,0.7499051928194286,0.7518631133935256,0.750878831300671,1.0884577962211437,0.8517165819810221
302,0.9740409131142818,0.96493913176575,0.9613942922868735,0.9650273805715294,0.9656176645594432,0.9660094715856559,1.4329617648332424,1.022657713392649
303,0.7581484557855891,0.7623172906755131,0.7631248695322832,0.76428705525138,0.7646657672349322,0.7656219059566601,0.900905394797859,0.9286049676083
304,0.9954138536381832,0.9917039740228687,0.9902133444829068,0.9898749919938732,0.9857730153310403,0.9857113495943418,1.3828071929353087,1.103403573994151
305,1.1282486985642404,1.1006315651665397,1.0892327092909595,1.079072981933892,1.0737533928244092,1.0713974279249467,2.4458377750688194,1.0837650190982249
306,1.125750900536517,1.1190394238192618,1.1176237018157045,1.1157758499049355,1.1152194697090931,1.1153736012485433,1.568960768938102,1.1805739084818547
307,0.80960161989558,0.8038376463251886,0.8051638124965735,0.8065869057095423,0.8124584850568214,0.8133848477528456,1.458383512802867,1.0107478368938354
308,1.1706698076841962,1.159145073250812,1.150090738852832,1.1463348236795565,1.1450267426830019,1.1478225463025638,2.1414259763422865,1.196124713805502
309,1.0717601797716927,1.066955594241856,1.0637795203158198,1.064842895502899,1.0636640124567636,1.0631951054752808,1.4188184486436952,1.0868751333997586
310,0.8304693391579814,0.827510606347695,0.8315747847631756,0.8319724982607247,0.8337721766974538,0.8349118338129168,1.3006175431599352,0.91170653512037
311,0.926203789186412,0.9195492151232826,0.9172309506984314,0.9167820009003164,0.9160498050520669,0.9159356611107027,1.2269026311255231,0.9602813708347008
312,0.9434457057295311,0.9374776673365173,0.9358719639318736,0.931896577664516,0.9311335897221643,0.9300277815017682,1.5135795801029237,0.977050289673138
313,0.8799598821222769,0.8735864709521549,0.8712175636308285,0.8698818264416632,0.8675487409418343,0.8671137805977948,1.7685829553909114,0.8944603267128436
314,0.8917296687814539,0.8923181640333038,0.8922812173490897,0.8892776405417468,0.8923323235724516,0.8939112542440028,1.5262931181828625,0.9459653377088582
315,0.9012337998469271,0.9032655836624942,0.9032401066363344,0.9038641801515189,0.9004599526908736,0.901341918545476,1.1856161338808742,0.9967216266078656
316,1.1038652951667727,1.0940016076849557,1.0937504685259307,1.0935936716718377,1.0931473472202655,1.093245541383764,1.632264490907441,1.1549044709541183
317,0.9796736754497231,0.9769041662578887,0.9745383965870851,0.975339049516785,0.9770930651545966,0.9754697450909078,1.6996286066340422,0.9928971609189936
318,1.0819303468666979,1.0677544570223945,1.0694871655131122,1.064378667850265,1.0625617957969486,1.0616983314597523,1.8228857504921985,1.1114401630313098
319,0.9786239117992553,0.9804708439362009,0.9827334869138469,0.986170583450281,0.9923706139940799,0.9940751452984927,1.3009642128476206,1.131287635812365
320,0.9333524545355513,0.9256709115451346,0.9256931963973215,0.9229731676043129,0.9223898164504774,0.922897881584797,1.5347847485549595,0.965619021303476
321,1.0289736524124018,1.0282924119924977,1.028686815857001,1.0283077647785677,1.02764437836313,1.0281031814548691,1.4674118009725867,1.0895862512519787
322,0.9495160350366707,0.9341176057841233,0.9351683540235796,0.933907261744996,0.9342412571814444,0.934808249745755,1.3979088342641828,1.0306626051124708
323,0.9608359482104242,0.9566725001350351,0.9559315131618752,0.9541883241585704,0.9536559904552471,0.9537250804403874,1.3087539429029238,1.0011581999377466
324,0.8049508225617139,0.8082371112736972,0.807984515743607,0.8074565804047172,0.8092618643000226,0.8100297342673054,1.119249520496972,0.9386504781164018
325,1.0386810017591925,1.0368157509580695,1.032124744809485,1.0292416068998016,1.0310570856532422,1.03054598716899,1.530756997944584,1.11832951301623
326,1.0648279727899297,1.046004171473556,1.045323704164161,1.041986831001295,1.0455800769199106,1.0446196773585308,2.144167533962119,1.0711666550953935
327,0.9297148825952593,0.912114159829589,0.9143696260908899,0.9129704837222304,0.9199519813402424,0.9205544566268812,1.846983270816036,0.9419070910519562
328,0.8036784406655457,0.7994135802543373,0.7989125604708118,0.7970363930268679,0.795447678875692,0.7961351927957228,1.370208505803175,0.8276471139939737
329,0.834596884688506,0.8310444260445267,0.8328756498932446,0.8295388038233404,0.8298070019458983,0.8313056761609469,1.2814594652474822,0.8846809880385428
330,1.0418552963087682,1.0412209992863635,1.0374328309847927,1.0383035586445044,1.0411980345903127,1.0414966206609793,1.8009023544671856,1.0926380725168787
331,1.0174607475865647,1.0145165246824899,1.0071447110879825,0.9976518841387052,0.9978724226815033,0.9960626617512243,2.3837350894994827,1.0080171951498589
332,0.9653244806738691,0.9513113253031826,0.9500170448216657,0.948872243140176,0.9469278942746853,0.9465366900889516,1.37530268381562,1.0095297875660034
333,1.1095882458519224,1.106698281722269,1.1080634182554,1.1061520056924081,1.1052401901695776,1.1055791237118373,1.892778139671158,1.117133302286091
334,1.0347594401864446,1.0315805083108045,1.0284717868118998,1.0296224835789385,1.0303903121576412,1.0310050855895818,1.4820197392973051,1.0716618549287602
335,0.7532986465569945,0.7591699329446313,0.7629642361321103,0.7675310545389501,0.7695114367859364,0.7704199855519915,1.1743377030215,0.8919671035720785
336,0.9512627895456153,0.9484841931002521,0.9489295585112062,0.9455691623934654,0.9441393630853278,0.9431251877053977,1.5758703570063437,1.0457283289193484
337,0.852146285120516,0.8450755828291984,0.8456928338258761,0.8438803913889255,0.8462853035965507,0.8468282641124342,1.2750207180788324,0.918186791137743
338,0.9684736415505188,0.9538004962718217,0.9474287543652747,0.9452834082069556,0.9380805835140349,0.9394619871653155,2.0089983246608245,0.9929909685709968
339,0.9644139852063738,0.966597992808266,0.9590511801842975,0.9561946007315288,0.9531792077068535,0.953273146656085,1.529033315019382,0.9926029426638386
340,0.9741928466786351,0.9706175815427857,0.9704265503889996,0.9670783302364195,0.9663223590850759,0.9670283308079752,1.3200237461976188,1.0234503673283346
341,0.8807137863653325,0.8756255655585519,0.8649649453242311,0.8639309645955442,0.8621591125599691,0.8597917713785779,1.345668794296862,0.955680693479796
342,1.0798779700154295,1.071269117974376,1.0674554470287219,1.068245633761763,1.067316657874197,1.0671449563080575,1.568474384715463,1.0862166067959746
343,0.9860122849347124,0.9861574172875793,0.9868196199944076,0.9855463339967613,0.985202938284896,0.9845086053223844,1.2814716828253625,1.0549788434779357
344,0.7854347218621881,0.779052542364857,0.7829813874371336,0.7835944904787302,0.7856649747365748,0.7854936277804185,1.4556303535629034,0.8639205344646157
345,1.0048624900822254,1.0084714314380305,1.0097582621934285,1.0093814989541674,1.010644128065987,1.0096743103157195,1.3465536307819457,1.039992374625332
346,0.9597899700772569,0.9595291944081356,0.9603306616050152,0.959220275073455,0.9592518803431765,0.960349776953555,1.3958609183409791,1.0152986860422035
347,0.9622908503423924,0.962765233758247,0.9591675996036673,0.9556402842603583,0.9574007320358064,0.9563149060480942,1.247545209505709,1.0458010370587365
348,0.9538919923409058,0.9501985095653396,0.9518598647619162,0.9534196027870447,0.9545806929953922,0.9544416674407935,1.2084274566051612,1.0620217619195391
349,0.9945970186278873,0.9904009325095691,0.9870424506407394,0.989541652654842,0.9879796081483141,0.9873675674237896,1.4997924994840224,1.0256458338089482
350,0.956178845463322,0.9522246445471222,0.9555017797467911,0.9555655821844438,0.9549220913900596,0.9557204963451037,1.4227884458528983,1.033443072993253
351,1.133557049240089,1.134708100124086,1.134558400627044,1.13336821928141,1.1325755825423853,1.1326937587070327,1.4838174425597466,1.1605661483213958
352,0.8257716835335022,0.8228452928329598,0.8221094539334921,0.8209552497531107,0.8214122277995678,0.8210842990063918,1.1594692392135115,0.9219116401167834
353,1.1886420230579238,1.1631477383081783,1.1259752020076654,1.1093966286649661,1.0952238717721419,1.0918427506058295,2.3809317893516315,1.0882261217555178
354,1.1325131733988953,1.082300529068663,1.0902775849842976,1.0960297196310294,1.0773336322898595,1.0760850325208895,2.480461318199873,1.0966547463827252
355,1.1175539885328116,1.114018243933175,1.115484416559535,1.1136652506344722,1.1141578343883607,1.1136133345622352,1.7281332543194636,1.1766329471911754
356,0.7526857946437409,0.7511981528335012,0.7522424418246869,0.7510303191633988,0.7531194714549551,0.753739422287597,1.0670166892472095,0.8409436881692076
357,0.8062263442239921,0.7995686666407543,0.798922612821612,0.7972375161261791,0.7983134998065182,0.8001860565993124,1.3268198813435683,0.8526106075850564
358,0.9225838920259322,0.9036769164244564,0.901734418939931,0.9014727135729274,0.9001997379007796,0.9000372781463091,1.3688890684036188,0.9754285698668324
359,0.9803704844476944,0.9666193339735506,0.9688219261765604,0.9653466189158251,0.9705590478142141,0.9706490991732225,1.5479127214199857,1.0413533706557163
360,0.9893292688171993,0.9770477322279475,0.9734881798611086,0.9721432317115071,0.970225114054169,0.9692147955564328,1.4350540345692602,1.0244032945057937
361,0.9202708228597605,0.914327217046602,0.9165467650679786,0.8997233753604337,0.8932010087258115,0.8915871437646079,1.7783256033002603,0.9398397000262148
362,0.81133347823785,0.7972727440514046,0.7998300018274735,0.80218647170982,0.8013789893137175,0.7994170882555317,1.361120089379933,0.8764066421026885
363,0.9707401126038706,0.9675671138507914,0.9682117008570125,0.9654997150949989,0.9654955225288031,0.964434468066887,1.3244252339543363,1.0310014781035968
364,0.9359094062576672,0.9173438105289451,0.9087099146992335,0.9089880479892214,0.909683503951734,0.9115458254937631,1.7237605287255775,0.9777556773377696
365,0.7690426387705245,0.7659321579287378,0.7646733034446593,0.7620416285847831,0.7631599206463137,0.7633231984076195,1.0728223049557506,0.8829156663836542
366,1.063319646708769,1.058140712491626,1.0543798557865354,1.05017050454301,1.0511742156401298,1.053925025072499,2.0834538048474887,1.0588598355422554
367,0.9051564533920217,0.9025950170277753,0.9009500804248458,0.9024733252004306,0.9059734513121765,0.9077643925514329,1.3621971758057392,0.9903355139643492
368,0.9650327824840288,0.967794306527264,0.9679376064835176,0.964403975564238,0.9639765295993671,0.9634568600769878,1.374332865942086,1.1234483322249973
369,0.9291408441094983,0.928855834526995,0.9317392052671509,0.9318528533817347,0.9342919762616437,0.9342716200761917,1.2806174262110912,0.9701269095731468
370,0.7847108497857074,0.7824201224435542,0.7862545477797511,0.7871119669205034,0.785998232820292,0.7880395000029992,1.3208738075381006,0.8830190403909617
371,0.9392914907717258,0.9348866761494924,0.9386418643417235,0.939860631684909,0.9372660386480424,0.9392176544280961,1.6181050592782844,1.0291368124396645
372,0.9492845578761273,0.9490066131080139,0.9454917316087271,0.9465128949427823,0.9462258001713313,0.9451976556696984,1.269744674863331,1.0027859184122785
373,0.9456703511516692,0.9045451198300815,0.9107017122261232,0.9023336959572668,0.8965618933114459,0.8952715035516667,1.628798019764785,0.9202865711345446
374,0.9437980384140732,0.9467790579137093,0.9487395275318947,0.9504873351775387,0.9507045611219429,0.9508832105518474,1.3374494154066014,1.057447890498748
375,0.902066841016898,0.8941954978385911,0.895531974115023,0.8914565954442865,0.8904342867613483,0.8900107770844751,1.5574592473630489,0.9687853486794704
376,0.6748105128431777,0.6694634665841988,0.6671110099636278,0.668475352562936,0.6701842351468265,0.6698511305972357,1.2663580681962738,0.7782170841187909
377,0.9112426142602355,0.8951294870171543,0.899288848047379,0.8966609370643946,0.8980625114311301,0.8966780553479189,1.5302137084148573,1.0511012021018784
378,0.8426186483389164,0.835839155724084,0.833280552761893,0.8328281691428376,0.8348819111667642,0.8347937433000778,1.2360553053884076,0.8989612291127468
379,1.051667061772277,1.0501733540801235,1.050964260289668,1.0486379682279208,1.0491619142955269,1.0492069658896388,1.459858555438581,1.0877279799138502
380,0.9006560508146764,0.8994783816003518,0.9004035294251527,0.8999690104489332,0.8996487390665637,0.9010429068881035,1.4947095100198613,0.9586714172449298
381,0.973192607300154,0.9642400510946568,0.9592060545509551,0.9566423196268374,0.9544264420997608,0.9538918983391897,1.6479943913184911,1.021911415283863
382,1.0527632306245345,1.0512796732561889,1.0491036919554453,1.0465818844763022,1.0466931921011906,1.04668216060346,1.5168057183653867,1.1059059785428915
383,0.9577822952961188,0.9481599180258645,0.9464246810318927,0.9465766388884529,0.9462060400480413,0.9475292165638607,1.351958103840617,1.0776651607635783
384,0.9620332396887625,0.9463136862392724,0.9469296091892283,0.9463385567923628,0.9441994664455221,0.9446099246936515,1.3693111724618177,0.9703137324452336
385,0.8699904585743214,0.8678504065857914,0.8695462047033937,0.8698960616508238,0.8645687675801155,0.8629035924263688,1.4622554527117737,0.9383608811855368
386,0.9866947912206411,0.9827721906755035,0.9819766405040338,0.9800404384305479,0.9804659517214165,0.9810756428751642,1.3384198631905184,1.059993373549506
387,1.1600369920161557,1.1395175157949016,1.1397428210013736,1.137113170410973,1.1325972809847262,1.1327255939978036,2.271358922558097,1.107330886552547
388,1.0240012574376538,1.017465135088731,1.0192478691144387,1.022308858064172,1.0215847091810162,1.0233863504470917,1.5929311119627976,1.0853179943226088
389,0.9462680390387577,0.9474847856943255,0.9448516711867255,0.9454204539566288,0.9462077351791813,0.9462540930995759,1.3716943248860465,0.997220570808264
390,1.0104648203386597,1.010024147966959,1.0125098625024882,1.0124591105938776,1.0138480290991194,1.0148075889122967,1.474232575896057,1.052050001175059
391,1.0206506857958468,1.0201307451246733,1.0162579714898832,1.0156084238682086,1.0147893968871473,1.0146725504701113,1.5760550038971204,1.0837314851941404
392,0.86617176068365,0.8601765242521183,0.8617500965362339,0.8636614059228921,0.8653860128637634,0.8669960146006421,1.3027756997157196,0.9528328995927264
393,0.8366810417486722,0.8310299141728278,0.8329995237632922,0.8357113668231531,0.8370068236720387,0.8385263238776578,1.1561126337542746,0.909763503737978
394,1.169937358337432,1.1672704062631039,1.1686037700198546,1.1677745964647903,1.1669108443757328,1.1675439682329654,1.4713363535532735,1.2367784318930557
395,1.0722262569620655,1.068485164053474,1.0690694247038444,1.070863249324808,1.0710789472726725,1.0704780585606641,1.3588623372609203,1.155709154563801
396,1.0319825799294828,1.0206237732690315,1.0171159322658794,1.0166832103928771,1.0181001958230707,1.0187426250003644,1.3981232513377695,1.0638062538311308
397,0.9607785398613494,0.9541092024620202,0.9482345180670915,0.9478947558669971,0.9429619303626287,0.9423465434907624,1.2173763915070424,1.0121714565754345
398,0.8805936123709925,0.8803939945383853,0.8777213644024309,0.8748278999693686,0.8724329887061228,0.872008936325824,1.2223000025666764,0.9392407845973202
399,0.8991981642582325,0.8867699563673027,0.8873028087283727,0.8848267226026503,0.8838389060879644,0.8835557249301317,1.2232379111445644,0.9344187603102108
