,window_size_1_RMSE,window_size_2_RMSE,window_size_3_RMSE,window_size_5_RMSE,window_size_10_RMSE,window_size_15_RMSE,Plain_w200,Linear_wAll
0,0.7156816740993418,0.7184732516541354,0.7186987580261207,0.7207594800770355,0.7222359279987223,0.722997390385534,0.8187522013366774,1.0940722064537156
1,0.9658897219482013,0.9611511310059305,0.955718955963563,0.9560160099564775,0.9558413673758452,0.956128869129683,1.039343793408024,1.5196402502027897
2,1.031211838203804,1.031786984728137,1.0318331822918005,1.03109391293995,1.0327570224691422,1.0318182511830176,1.0819285879925284,1.7946453489657046
3,0.9880997814525522,0.9873888192923488,0.9832985169988774,0.9784150349988683,0.9771986539329665,0.9744180366584282,1.0076711371238705,1.323370638535671
4,0.9232332274784385,0.9155801021015795,0.917391474930396,0.9178951380949653,0.9199577494422908,0.9195291203100836,1.015908514265761,1.3494781240915137
5,0.97601344626498,0.9725734705781499,0.9757337630678862,0.9758035355086623,0.9753004903731509,0.9760177033003666,1.0487547670180946,1.8200706445199024
6,0.9243347690254691,0.9246795146501422,0.9198220856828242,0.9207485048168171,0.9205928993031329,0.9197288496115459,0.9807263152501636,1.413645860728539
7,1.0240926168959705,1.0280010605767271,1.0246531578848894,1.0248846392446778,1.0257517873962143,1.0241943090303045,1.0962357207978388,1.4388155113578622
8,0.9943469407139719,0.9903574115557477,0.9936117103110134,0.994187193890517,0.9934081556923918,0.9938866388127192,1.0651717626739592,1.3486145516975625
9,1.0317420221078972,1.0298663340445788,1.0188148559672618,1.0192302163580833,1.0179020888890424,1.0176504370558115,1.0499476564392962,1.6214802077282635
10,0.870611184139758,0.873362703266221,0.8719405190006069,0.8757158458249721,0.8748450705238396,0.8756056428532594,0.973332954083412,1.1262910528519152
11,0.7894694776742407,0.785742331873999,0.7887074437894743,0.788596354711742,0.7902864191873873,0.7944096502876419,0.9385910383510108,1.1471835104226635
12,1.0204715354552758,1.002789522429234,0.9965964179060901,0.9946099239276531,0.994329566054751,0.9919920283590733,0.9858371938453974,2.142156832243586
13,0.9720862877063136,0.9693231711203593,0.9711650036026768,0.9692774884091713,0.9672132712347536,0.9674874533244817,1.009213436997757,1.39895698845272
14,0.9552914894144813,0.960534150269394,0.9589459273128632,0.957700554278436,0.9551632893326019,0.9551590572011198,1.0330509215576114,1.3444753913758252
15,1.083466366772131,1.079974274408672,1.077724910378088,1.0783166041630012,1.0792093945518626,1.0820055280355274,1.2069518419402143,1.4829024634444965
16,1.0916939606751952,1.0919828711576274,1.0911111885892402,1.0902951259486056,1.087774121052108,1.0869537583460325,1.1242346854475094,1.3916486063492544
17,0.7515931590001216,0.7464710903221297,0.7474373940659577,0.7440141371305506,0.7452134716306973,0.7451990450554188,0.8442420057275791,1.0842900477209294
18,0.9666365901605328,0.956868022776949,0.9548363951265488,0.9564858416608158,0.9590424988721332,0.9604750116026436,1.0832709593168928,1.2455901274841086
19,0.8748963132720255,0.8755785390673957,0.8744218442488831,0.8762953102750896,0.8754019823433741,0.875578025497773,1.0006149459228348,1.289015765323397
20,0.982008369049776,0.9845594566936866,0.9851208558793974,0.9815999975871287,0.9814642508058669,0.9813619806020912,1.1335907393398654,1.463386451340828
21,0.7893680384862012,0.7866425801150042,0.7866486273393188,0.7874784263669296,0.7894631343421943,0.7900531685654028,0.8815866143658088,1.107171154927753
22,0.9868531850375861,0.9832215685602328,0.9878355052667488,0.9899214626614354,0.9877161173028942,0.9889497318854509,1.0323654650858358,1.4582837624097893
23,1.0720188603111365,1.0639572480500026,1.0646934758245064,1.0611823875890514,1.0619181828305653,1.0619529759978898,1.1234364570837905,1.4153101565490087
24,1.0529635374578032,1.050657980461699,1.0495195510359945,1.0515554973396364,1.0496686355469784,1.048983397523658,1.1120912057878665,1.476042746806296
25,0.9779833474804004,0.9809797706433894,0.9799301644336552,0.9795604484871696,0.9752374790117233,0.9746858384951751,1.0809204057501411,1.6182200281769974
26,1.024757401504871,1.0206362631900658,1.0198230701325988,1.018488736965002,1.0191171504536547,1.0197272544706792,1.0789940708644334,1.3444941293073258
27,1.0355762075734785,1.0302079085513471,1.0290137343575982,1.0308382738660404,1.0304073278904924,1.032639214755923,1.097680823523049,1.414213754448111
28,1.0177634844723953,0.9970619102239962,0.9925766037344156,0.9870901048473438,0.9847487829285747,0.9858397581599139,1.0464554317362642,1.8156541273553728
29,1.0007388557006,1.0005561592746606,0.9992371902657358,0.9995772630627838,1.0028966763773048,1.002742859406733,1.059471930609837,1.4475491457580143
30,0.9791844061934656,0.9748893893100268,0.9719793593021773,0.9732715704559939,0.9715173150264057,0.9710552909907566,1.020869561389456,1.2238749500833908
31,0.9112370928856312,0.9058113435908297,0.9063314604274283,0.9089100849953322,0.9097196217780467,0.9095048210278297,0.9596153427307432,1.3051714407964172
32,0.9454105155337594,0.9361799704976501,0.9346066504660883,0.9365769354799276,0.9355760729896151,0.9352411417645385,0.9949640777758936,1.320764001277949
33,1.0378959702490118,1.0353078474993633,1.032168577943424,1.0333455036613155,1.0352584209512012,1.0352180657671834,1.092657813942549,1.4674046298137862
34,0.9346116686244844,0.9265343449131428,0.9255713258159598,0.9246631134125124,0.9251298025076008,0.9260601875720513,0.9998024781066308,1.6775166986293906
35,1.118381880560287,1.1136727559636128,1.1123828714611281,1.1130616467816292,1.112393769443693,1.1119247913734045,1.2431801521029588,1.5154478404729266
36,0.9525644055445112,0.9514536990041309,0.9488898712152268,0.9461300206985829,0.9469733447136706,0.9483939228809956,1.0113957636616573,1.2925484109676133
37,0.8831551756564755,0.8833072665203606,0.8820987623565701,0.8811515512629149,0.8825825629700492,0.8833377154235879,0.9725768395909772,1.2835344225820984
38,1.0026716296913443,0.9879370237511863,0.9824463199651264,0.984020194946286,0.9836919887308189,0.9836730767783934,1.0927302455404648,1.689848569892403
39,1.0330119798885393,1.0349377376573228,1.0342235442866607,1.0320472299423171,1.0324137100226773,1.0327871895230292,1.12379143560466,1.3411831753568129
40,0.989892219243096,0.9865915769136528,0.9882293719232942,0.9859815549949532,0.9854177881011015,0.984192597173475,1.0174039528521783,1.372393431986483
41,1.0022448069351682,0.9982710866083855,0.9963967668953764,0.9929771717254318,0.9935356989094679,0.9927672334570875,1.0883111729792874,1.3967247202086783
42,1.0050828956448288,1.0063272898270517,1.008045829950828,1.008983105404024,1.0087785506892089,1.0088338605307396,1.0944961375876083,1.3362868508154504
43,1.0106824626600754,1.0052465991787294,1.0022208475395513,0.9971794249226499,0.996771657864978,0.995664775484014,1.073351186113066,1.520671278997207
44,0.8611347725737626,0.8575551067121248,0.8522997700735264,0.8518850564353695,0.852035540875603,0.8522025488705974,0.8997372367901224,1.3683918809917617
45,1.007070959162595,0.9983503483482038,1.006395012624697,1.0043868817943424,1.009036649055772,1.0076032906736925,1.0564818143564418,1.6852297673442709
46,0.9793832807265611,0.9803692364424971,0.9796390900352101,0.9782518181557064,0.9780550448849094,0.9793680786595582,1.041265358723628,1.4117062965319898
47,0.9400127403540762,0.9426734332419137,0.939427775171439,0.9356359321303775,0.9343372531755568,0.9353146818523181,1.0557404340180012,1.533460513233632
48,1.0156182237640903,1.015101961439106,1.0133053766893003,1.0147759327417067,1.013238575427461,1.0135847084022158,1.09172473286365,1.2450393648564329
49,0.9402222245771366,0.9388320805972452,0.9381529158065385,0.9393901152326883,0.9371981279394765,0.9381569227270379,0.9991065679242164,1.273010812149577
50,1.0194900131914144,1.013305724363108,1.0073617287475256,1.006745758023903,1.0032117464184913,1.0021472591690117,1.1202025170430374,1.7532100209432542
51,0.9083165873041276,0.9052848285609,0.9048970006006976,0.9012906744111787,0.9011524552213053,0.9005565203878441,1.01971865440607,1.407486938110128
52,1.0271207898379688,1.0271355852092705,1.0280262041787456,1.0279585549154309,1.0288094365176323,1.027280366254767,1.1116543383271595,1.341751238347644
53,0.8574385828398081,0.8583509951889645,0.8547116105089684,0.8539673838459318,0.855821606236947,0.8545212606539023,0.9645743727662724,1.4585956823811643
54,1.0588193175096927,1.0529346908750226,1.0530466876640905,1.0527984962124715,1.052654487802953,1.0521825730904835,1.0862641767026628,1.3972271141000825
55,0.8158002474458893,0.816627717137632,0.8129480616846071,0.8134465540719363,0.8137711216211866,0.8155256464674299,0.890010141680046,1.4277153245419725
56,0.9760436981808601,0.9756824080401468,0.9777543211577009,0.9783649224550212,0.9772010626305324,0.9769020215877017,1.0519390082815954,1.3840633721586773
57,0.8198555035182442,0.8177939871084805,0.8201684417118958,0.8212390230590091,0.8237933919078764,0.8231162790440874,0.9550857411015709,1.26356216481223
58,0.9583898869172383,0.9504296651474292,0.947836049035256,0.9474034316247472,0.9476806828903276,0.9476196719995261,1.0473397925506944,1.30373592191366
59,0.9339201513555686,0.9350727187209927,0.9315926139596402,0.9313846371071713,0.9340783257015947,0.9335770638440011,1.0204700080218618,1.303503714337896
60,0.9249574461595031,0.9161322969780488,0.9181504551903092,0.9147590326713899,0.9155351058310051,0.9167693789853989,1.0451570746811072,1.2551032366567776
61,0.9815018741648001,0.9788324836170885,0.9760239452539279,0.9746748523975038,0.9755189543492502,0.9754226135832442,1.0565150968037718,1.2441967166471304
62,0.8815114697322689,0.887435974106957,0.8884903944531212,0.8902208741677923,0.8908344854746318,0.8914691014755697,0.9132078097962966,1.3393898241935278
63,0.9193813392054732,0.9153017055887498,0.9119403385152935,0.9139955942375735,0.9122290282094643,0.9134647293596727,0.966311089690731,1.415587468968682
64,1.0454134242348017,1.0427850158386343,1.0350637101160192,1.0320337764300556,1.0326963634882136,1.0308480531131046,1.080114886950683,1.5077669980418205
65,1.0676492677998561,1.0641467941319178,1.0608512794350557,1.055506192136595,1.0554655510658368,1.0555256083224207,1.117490515241411,1.6409679104566175
66,1.1131677589083402,1.1138857018098378,1.1113074249147048,1.110641739248859,1.111192497792626,1.1111260015889732,1.174186628495102,1.7044862732917572
67,1.118101479309732,1.1216310767376467,1.1235328093602475,1.1217186730722322,1.122434580305163,1.1209161777560814,1.15038172537726,1.7033624797175555
68,1.0279919775171977,1.0157902233577563,1.012751137963824,1.0130580048282796,1.0118565666538026,1.0116898069797595,1.0571943146015863,1.25163823326083
69,0.972216047269935,0.9615128752531679,0.9608922541804766,0.9645749790718876,0.9684368725974617,0.9676633879206511,1.073195810202008,1.3802890630402371
70,1.0112510262417138,1.0124275665683269,1.0131137446649108,1.0115156678859476,1.0101717597486253,1.0109357880663992,1.077706871645781,1.3442300370709832
71,0.9464850699496112,0.9548951785753607,0.9534425275757936,0.9548868551181442,0.9536597493109069,0.9541139482113967,0.976609820211809,1.6189192232211504
72,0.9988779137048255,0.9967384067228547,0.9950806878579854,0.9952844103058881,0.9942928424165016,0.9944978763493655,1.0481503182578895,1.5236207739249092
73,1.0463286614034781,1.045276847131504,1.0470341483791326,1.0466281127066712,1.0473456864898918,1.0474576597889722,1.0850594756430307,1.4109319139483236
74,0.9091687519723511,0.9072458415799495,0.9046112995058754,0.9058791676515384,0.9047918061210886,0.905848752370141,1.01996785888979,1.309609092182806
75,0.725412117292096,0.7255335687632285,0.7260693932925425,0.7257387948457051,0.7253054057635933,0.7260988592819626,0.8163655910096917,1.3767182998574634
76,1.043832188981848,1.0476666547890043,1.0478847411619137,1.049106834857608,1.049392614569147,1.049698360808121,1.1133224962175432,1.4052745391334742
77,0.8156696994589663,0.8206167500000281,0.823013459606734,0.8223313200576813,0.8257493972590092,0.8262161355953299,0.968699308627409,1.0955210326702405
78,0.8619540146696874,0.8615188038302549,0.8591976900804219,0.8578801272558423,0.859850437963635,0.8595813469388711,0.990602505740338,1.2324427078474434
79,1.0718962218108914,1.0666149445164936,1.0675229479584225,1.0624758076179945,1.0622198269162904,1.0611627228725589,1.09113092176049,1.6092507718677314
80,1.0869407314644601,1.0597990470095051,1.0624602665507539,1.0675107479167976,1.06581904604957,1.0651404646262523,1.152899374009758,2.164308107789044
81,1.0552109963216214,1.054833880365051,1.0523176333724378,1.0525868127540559,1.0522176086756927,1.0530238950608168,1.1262342304870112,1.5099225212875615
82,0.9956949354821218,0.9953090589176207,0.9964455491619655,0.9951692162075139,0.9945511232728372,0.9954953605404917,1.0698829786818131,1.5490502235474497
83,0.9765456659647656,0.975838833796332,0.9730651291389345,0.9726690903600146,0.9697212130853202,0.9704240387318995,1.008631763604933,1.3750046105345877
84,0.8501148421908022,0.8498863636733482,0.8489067999143981,0.8486582005738519,0.8504288042711395,0.8491243843470407,0.912527102149716,1.205109618648806
85,0.8857456236474639,0.8916745786800829,0.8923424754200948,0.8957953859897589,0.8935924717714513,0.8942625221513668,1.001809156496648,1.1998644708575734
86,0.9221932741684685,0.9245767840426192,0.9240543604107417,0.9246151493078506,0.9260894659538919,0.9263922793127272,1.006236862596341,1.1442441582149483
87,1.002328547953227,0.9931961433227756,0.9787547805273299,0.9676956202645219,0.966608341336344,0.9682390395193434,0.9751279714630914,2.094892221479773
88,0.8831452219710654,0.8816315910828952,0.8804098798548035,0.8795846389436123,0.8817789041810683,0.8824649807583628,0.9705962851998442,1.2764171500698425
89,0.972390143628896,0.970661163611421,0.9703403513813612,0.9684522309843776,0.9681132394556087,0.9693665711343615,1.0181249588467656,1.3306031457156329
90,0.7320266035784174,0.7293705284026761,0.7316148944247668,0.7343026290950668,0.7367182175761019,0.7384468242150543,0.8069524758680822,1.0602911558550452
91,1.0199894087997619,1.0119539559983035,1.010219728323204,1.0134801549095582,1.0141327308768833,1.0141358580520277,1.0901902117457674,1.3716426756284408
92,0.8342981919961321,0.8317109145044698,0.8310381944142755,0.8306200277860611,0.8300226337198569,0.8299477583933562,0.926444265940192,1.1785953785970125
93,1.0098548063401351,1.001841352803854,1.0034468375179382,1.0030337768058568,1.0030340257894772,1.003554209779142,1.0378428252218783,1.6486569909181985
94,0.8671344787217969,0.8758740535932593,0.8782998896782237,0.875729514697379,0.8751214508096651,0.8742902479751458,0.9618316522881496,1.131181980045742
95,0.9228590318229778,0.9213981804259511,0.9194345415878469,0.9194266446830051,0.9200748099671947,0.9193515567020689,1.0154322711177497,1.535825753136688
96,1.0491344483522866,1.0473393913806903,1.0453544162575097,1.045306774102273,1.0431937475533848,1.0431902864413483,1.0897736931849749,1.4655236212171538
97,1.0007697269050024,0.9941450086568491,0.9948173988775066,0.9926097854552057,0.996201646978304,0.9926723474913816,1.056403011349833,1.9933221423377585
98,0.9921789509240085,0.9902265467894806,0.9879261967169345,0.9909746926283843,0.9899526083782065,0.9913387082289888,1.0451168732912046,1.374145673211374
99,1.0295233543187345,1.020930372485971,1.019274784354709,1.018493354145711,1.0190025041145294,1.018834125590062,1.11033146968268,1.3629147933445518
100,0.9302470663791345,0.9273140468309482,0.926626236172874,0.9277493277628439,0.9288723380145012,0.9290337925713382,1.039813514905902,1.3253322429878438
101,0.9764012162828526,0.9758154037401741,0.9750838261509802,0.9750022753342079,0.9767658329224643,0.9760672089831502,1.0493315782866646,1.3846936760034587
102,0.9697113630355617,0.9669433808028394,0.966513222212576,0.9683577339158835,0.9683028033627095,0.9685926030113813,1.040426354008777,1.4479746708252337
103,1.0882866679861276,1.088270360751806,1.0878777032260678,1.0890368006421864,1.0879785956616312,1.0870298710229003,1.138910938242996,1.462215699900257
104,1.145268149368935,1.1459161884375557,1.1411795657983403,1.1412266134910367,1.1401240464088216,1.1407866697955678,1.3254596297937922,1.444117745291415
105,1.0139115354238253,1.0070797417327368,1.0088812586193738,1.0069413250697479,1.0048730600717166,1.0056437656670216,1.0446297398464062,1.5969918519845363
106,0.967584706120222,0.9670413630056941,0.9647936934776445,0.9643514130078985,0.9640434305476953,0.9644441896736097,1.0422868407389971,1.276281013956
107,0.868062454205533,0.8692498122253437,0.8678655159908503,0.8662191432527421,0.8674971302698254,0.8683013093720496,0.9389584790466076,1.3725232535721423
108,0.9012670367030473,0.8973468467068692,0.8925837474757685,0.8898439196743476,0.8921449406963468,0.895451917697525,0.9484202610596116,1.404939240499045
109,0.930270381611005,0.9252730242368602,0.9242677724931319,0.923572599069236,0.9243196823718917,0.9254221310417612,1.0476508528060906,1.4038544397271775
110,1.0113311251168098,1.001979659387394,1.0029883832934154,1.003977659226635,1.0040861158093,1.0043030940288364,1.0372178913972343,1.6239037699265917
111,0.8951474585606385,0.892710342121631,0.8938531697352124,0.8925778973281336,0.8914334483219459,0.8910389494642993,0.990113161131558,1.2916714883750786
112,1.0293927931787807,1.0265163552874728,1.0249665521232147,1.0282010340213519,1.0317988566347613,1.0321415913395475,1.0987564225752648,1.6403840903836475
113,0.7281516667767115,0.727157932947609,0.7237668907750049,0.7263787082112545,0.7301520891116031,0.7321622212313802,0.8251273815268527,1.168729541512249
114,0.7523654292682187,0.7524353305770248,0.7544205774156933,0.7560585267846436,0.7554918661864465,0.7557656153289802,0.8643762391468297,1.1371523853089005
115,0.7582519947392626,0.7565129569871265,0.7562384373819545,0.758530280473959,0.7612200865928626,0.7614573839003163,0.8986499483870293,1.042660764662778
116,1.0804003188734268,1.068983466298978,1.066781989356354,1.0543765174635482,1.050934804148711,1.050107058461652,1.099260592135841,2.0769498045700225
117,0.8517138696612468,0.8455452044407799,0.8446162967406987,0.8480511770818319,0.8470347810825543,0.8490220272974438,0.992837008614576,1.3792068806893412
118,0.7383434100942913,0.7312981581607931,0.729201298750392,0.7315831669632824,0.7311624966293642,0.7298340350867698,0.817977125575383,1.2809666574535896
119,1.04169267723207,1.0385046816503563,1.032622631728472,1.0341927971153422,1.0320523579068464,1.0327727937821356,1.1263179475464515,1.7057923194287885
120,1.1269061037442087,1.1124742794535771,1.110028431684187,1.1104391673625191,1.1100258511467824,1.1107329350960464,1.1687628902808165,1.6272429782084452
121,0.9364602297970478,0.9342108152743354,0.9338467528864137,0.9338886141880293,0.9364361068187428,0.9362074121376737,0.9928935370165256,1.366912894254776
122,0.8441511003367259,0.8403715619712295,0.841231987209872,0.8409548695159276,0.8424954358105103,0.8447515441353631,0.941181818470378,1.2014874772173427
123,0.7533443027819119,0.7539731589301378,0.7550332941324723,0.7588888444692099,0.7630129339047413,0.7671742342784376,0.945141521189846,1.02538753741248
124,0.7845337409984379,0.7901718222450735,0.7905462737261926,0.7890848758500578,0.7881218978203165,0.7877949388997039,0.8472445070751167,1.1694286210227192
125,0.8876237673667567,0.8891241549355616,0.8882269360890361,0.8911322190779686,0.8959423165091783,0.9008920255624382,0.991602222079664,1.2360283797826064
126,0.9749021181464562,0.9782000137531285,0.9758546514456655,0.9745946783694499,0.9752840404163016,0.9753604733194817,1.023837871973976,1.5149766837893546
127,0.9059009105244935,0.9055476024217632,0.9048577344299035,0.9054890975565774,0.9063432392907004,0.9064496556374464,0.990022380176534,1.2669307682189648
128,1.03044067626029,1.0270396711033731,1.0256377724810744,1.0256394154409616,1.0258289080753717,1.0261086677644857,1.071753528049042,1.2966211331385271
129,0.793040454406628,0.7806987128613274,0.780241027716045,0.7783426101135286,0.7805598098351103,0.7811668861184529,0.8643527903444058,1.1052373741727577
130,0.9430246373752216,0.9318466779130828,0.9326800516523055,0.9324446852714114,0.9327792108492612,0.9335265432082142,1.0230001009709524,1.440447438734262
131,0.8271118130940907,0.8168563344881441,0.818203468518278,0.815295110568667,0.8175138991847151,0.8175252071852045,0.8896296504331318,1.149377362086127
132,0.9587374293373161,0.9575788629419447,0.9541368657286337,0.954071636296961,0.9558035070759513,0.9563633718094146,1.0644591212181058,1.3532880175205
133,1.0512589856924763,1.046587179624711,1.0438161388235172,1.0460483979076562,1.0448200699580545,1.0451288646328112,1.11420887964662,1.4912151726053902
134,0.9096205421229533,0.9081430545344431,0.9067920685837522,0.9082116192819355,0.9088395634928906,0.9079388715650379,0.9601240335287116,1.224671936845955
135,0.9620159849002754,0.9558238667690782,0.9575328367050209,0.9575773285783903,0.9577446262368822,0.9588471852679346,1.0263294726206045,1.3162704132948668
136,1.0260716544856912,1.019223680037981,1.018162995765177,1.019486454489444,1.0214054562315003,1.0212240198632925,1.0611830034559877,1.5211872969710722
137,0.9375129630658665,0.9324552337890425,0.9320244463989736,0.9319187183196098,0.9333761230645055,0.9335427203606642,1.08426208020644,1.3561938064602963
138,0.9537696847352661,0.9501002622082845,0.9462804331726562,0.944490672331474,0.9449653223580475,0.9443151702474228,0.9891909427068324,1.5395859724538388
139,0.9995705801397547,0.9915359577683495,0.9920210764725995,0.9943761602125455,0.9915917136713814,0.99107472886347,1.05012646599352,1.3423951125912132
140,0.9348081502169867,0.9370610804190543,0.9324036433335932,0.9289752065565839,0.9290180410382154,0.9294022273185653,0.9667788798210534,1.4256204810128597
141,0.692928702289317,0.6850035984290415,0.6863678491914473,0.6898341913591471,0.6908120126125477,0.6913058821427499,0.8343759702888414,1.0066688245382798
142,0.8966042392837408,0.895663668676784,0.8969783633148272,0.9007658049548614,0.9006839577451764,0.9022774166058152,1.0203474583968657,1.129300994491133
143,1.0284969119610239,1.0276935856398741,1.028716502462023,1.026404106653709,1.0269527125981108,1.0270069446867214,1.1239133358051174,1.3681144056823655
144,0.958883270307122,0.9558598925068974,0.951936592312707,0.9472276874885209,0.9448080611157731,0.944793632301055,1.009738886150885,1.2926168667986904
145,1.0329853897869028,1.0297306980514704,1.0293262637942375,1.0272004764169442,1.0262493682446399,1.0261673596022947,1.1484868709284577,1.2947786271856954
146,1.0173774473865551,1.0165374434251044,1.0141546077193608,1.0142211421780234,1.015373441818778,1.015484847808152,1.073806116157913,1.321605290877046
147,1.0215904534303526,1.0183648857331087,1.015996100314617,1.0166684090388076,1.0160375632849383,1.0154947002809118,1.046112160381382,1.4962193869252371
148,0.7830453069097328,0.7813508739190665,0.7820060337513383,0.7799760510389598,0.781388756038588,0.7821356272529619,0.8972246664659099,1.0576479881765697
149,0.9745681072012183,0.9732366427398269,0.9730323764822509,0.9731127299769261,0.9726971644881186,0.9715157769172628,1.0599752323987488,1.2362844105592097
150,1.0091322984449433,1.0047110145158775,1.0032454549823207,1.0036215183115729,1.0023832072656356,1.002861134743462,1.0700809847988038,1.3929992302127925
151,0.9629667296428762,0.961591823088776,0.9605446281799987,0.9599765173358094,0.9607989234154667,0.9607454043707657,1.0385368591524184,1.3251389532900462
152,0.7341684474796564,0.7347943426405916,0.736291856988678,0.7371232961322869,0.7398351053916685,0.7384864173545631,0.8742723773096364,1.064096285268866
153,0.923466495382287,0.9210967657647364,0.921257584675935,0.9196708144666701,0.9201968072446861,0.9191886324083051,1.016091273287832,1.2742605257288024
154,0.9493671389901289,0.9477694418419248,0.9442704500125298,0.9457729414691255,0.9442095980870385,0.9459049193586905,0.9669315070876509,1.3440214676202835
155,0.9728445253333203,0.9706421684636337,0.9723146649944936,0.9721702420811154,0.9726835018164645,0.9738374130905708,1.0158797290462585,1.2821184167763071
156,1.0848532978912724,1.0825214086181107,1.0834471669917365,1.0823331686747437,1.083022374180765,1.0831191086565097,1.1694564576936402,1.4253821029782574
157,1.0451328127584387,1.0376761006166988,1.0355695733369534,1.0363090864508868,1.0354988248931192,1.034782002261431,1.122957142892348,1.4744179670846214
158,0.9731013969877181,0.9721147130703454,0.9694345278526109,0.9710014989568327,0.9714419555653696,0.9719627650464486,1.0223699119013543,1.2488809570017316
159,1.0283007230324963,1.0208200791069195,1.0165268790757283,1.0165846689144278,1.0173720714779737,1.0159929063804964,1.075157335171569,1.4346290872000014
160,0.8406457743370828,0.843462529169943,0.8442433464844943,0.845416083223325,0.8477252187472766,0.847453451739646,0.9214769130336812,1.2145407937878734
161,1.0136796057712911,1.0096392643806027,1.0066127435309757,1.0073716587764083,1.0067821061152806,1.0071150046196942,1.0978446669323376,1.432464843430485
162,1.0155381779539885,1.01862921137471,1.017860701384657,1.0178835921511062,1.0169597389450422,1.0171882572986595,1.0970995218611403,1.3899017591307854
163,0.9853296790416546,0.9856208808664166,0.9863018548004494,0.9855680899542268,0.983446078916044,0.9832003304581177,1.034914411201572,1.446016751203881
164,1.0807284332032199,1.0721297182202487,1.0708566924573542,1.0663870923668541,1.066319314189935,1.0673086693222718,1.1132026423912045,1.8249760944321352
165,1.0476067700964966,1.0475689561116177,1.0460937514871969,1.0445971130990976,1.0462460733335226,1.0470085599715584,1.09100845693862,1.4306780886020614
166,0.9351219124137757,0.9350032618793365,0.9330549721562768,0.9328393552454588,0.9329390336707295,0.9333341187126266,0.9998293136839804,1.240044371989981
167,1.0401689169758073,1.0390720910059636,1.0374302736667231,1.0369692027594977,1.036470063400652,1.036198932365619,1.0930983887977483,1.3855561689002185
168,1.0096310714919676,1.0067442378897422,1.0042884523495093,1.0012929069259857,1.0028265761583033,1.0032985950404396,1.075618409451759,1.3374727085328508
169,0.8237364307421904,0.8195279010671397,0.8191042099132722,0.8200836822143805,0.8227018347036528,0.8252382992931659,0.9788001659728984,1.1064907124775532
170,0.9861755813445241,0.9826791221098398,0.9829775450032388,0.9820415745165259,0.9819136951790597,0.9822818782651448,1.0779690660549286,1.338874236159968
171,1.0221150519140167,1.0248271967813056,1.0264053463486082,1.02740094791155,1.0263993883270643,1.0266003105709764,1.0681310658401089,1.415867234925289
172,0.6967945227324566,0.697321673810247,0.6975606349097779,0.6980316612487605,0.7002126207939522,0.701002280408734,0.7981569012601731,0.9798451867373084
173,1.0058184329294653,0.9953527418679299,0.9910235955815123,0.9896301914056322,0.9920614650434176,0.9939864661089449,1.097015954101227,1.5629424451512832
174,0.8897486024185912,0.8900724226589546,0.8862292817223849,0.88507691914448,0.8839943676028601,0.8843296781857048,0.9792366189263604,1.2654753570906956
175,0.9330802385318404,0.9327445615027207,0.9319357690775166,0.9347733965673577,0.9346172552690609,0.9345805927014985,1.0172607592739495,1.3164199821858025
176,0.8026524552850053,0.8111709318038379,0.8093126387906315,0.810141792457513,0.8094389158728551,0.8093112488634939,0.9329760542047912,1.1298486460910362
177,0.9340398979108413,0.934560153505462,0.9332261581674763,0.9339796074759171,0.936831050902464,0.938840028858514,1.025894683178638,1.3380859051855862
178,0.946820366945283,0.9467869041500819,0.945759087196524,0.9439027162541936,0.9446303157819961,0.9456304187015061,1.0329608182357193,1.335557099351292
179,0.9274759375399885,0.9242416596030851,0.921773680259583,0.9205803937603869,0.9190798841579356,0.9196712020603093,0.953760829907058,1.5309633978892263
180,0.8326028064038868,0.8264614375770598,0.8273740123382116,0.8302277821948996,0.8351247197444611,0.8378501449352287,0.913490170381418,1.326008035064045
181,0.826171437855683,0.8249541550373525,0.8243944297841207,0.8238933873731566,0.8247634299562564,0.825966722016828,0.9667732769774036,1.1263374205188752
182,0.9639313330982602,0.9629992518640174,0.9633975670335307,0.9637512494442629,0.9629697243514392,0.9635311232414473,1.0791863988521408,1.382414296570675
183,1.038372823250756,1.0236339561891759,1.02422863634477,1.0219506580429756,1.0233147651882128,1.024227244463227,1.098736669943769,1.7856803728864088
184,0.8509198583548838,0.8438536362783431,0.8444666476392998,0.839230805859999,0.8376677821337511,0.8367543739296006,0.8914675472539372,1.260873038407064
185,0.9271898345674834,0.9296387963505003,0.9291189102160075,0.929276526473988,0.9287224199221176,0.9290929147939025,0.9970479905561892,1.2761224004101357
186,0.9782172751623817,0.9760302495397075,0.9757897952859587,0.9772718544910513,0.9781597327046605,0.9784299785974275,1.0517443013339274,1.3824704895176438
187,1.0468450136760898,1.0401646318882398,1.041285490802191,1.034096754421395,1.0351384138185393,1.0384491202778943,1.0588160272454774,1.8681054286364775
188,0.7309498686061057,0.7283000397635837,0.7303434768394058,0.7317585952744302,0.7364949615926986,0.7410263978223901,0.8819650863483204,1.0229302228712407
189,1.0104043732219763,1.0052387345072018,1.0036125109726837,1.004011744422546,1.0033004031883113,1.0036384410626609,1.086728572069925,1.31665378566298
190,0.9451282151324547,0.9455626053071046,0.942871704206139,0.9439121043555749,0.9431794384154409,0.9423087828929775,1.017748328686217,1.3797264096264632
191,0.9895894686624859,0.9808025215484516,0.9800371752791899,0.9783658272967752,0.9770497068019492,0.9783729573131024,1.048938529400478,1.7278110679129282
192,1.0302668226030152,1.0270400227991592,1.0246782858808021,1.025785517114921,1.024296543549384,1.0220892721598451,1.076923441911464,1.5166449991563835
193,0.8796838620383283,0.8730987870316509,0.8724332939609907,0.876054090667942,0.8791247121476568,0.8812101217616973,0.9973295996399952,1.6347618974431075
194,1.0346349199658764,1.033907080407148,1.0322385945382238,1.031982919320028,1.0339133881757216,1.033533268591467,1.1094150804163565,1.3962678857541422
195,0.7214734478017727,0.7171383953641202,0.7173338468135517,0.7180433525694362,0.7246316198849206,0.7280969358585417,0.8459585090472436,1.147988297012096
196,0.9222818833141011,0.917676288025913,0.9238916784292188,0.9238158452528711,0.9253289370610505,0.9256647380264126,0.9804518204879472,1.270846288036959
197,0.8056057925461142,0.8038186038319485,0.7999842934869936,0.7958803875077992,0.8018990370812158,0.8016761785999669,0.8830575522159662,1.6259210543250275
198,1.0296820592186142,1.024528439153128,1.0214610330844376,1.0191422392239815,1.0201272685484037,1.0210306655653596,1.082991260650833,1.4768835823791289
199,0.9925198583609413,0.9958375372386665,0.9968514475113255,0.9952622541726663,0.9966911486699859,0.9965444104333052,1.0734290851504569,1.2930239514047042
200,0.9534555881360314,0.9554941038386859,0.955696552679679,0.9567761182783845,0.9566183377737222,0.9559876092766798,1.0057793367631174,1.555256980169575
201,1.079136907207387,1.0579303350840894,1.057067026651713,1.0554785033390837,1.0548294234145577,1.054212341048898,1.1048223461740905,1.390121427427024
202,0.8535854049477666,0.8346074782539674,0.8236876119951138,0.8277287459446283,0.8244352022526971,0.8280531624876893,0.8983803077536057,1.6901931580517475
203,1.0128391442490186,1.010649149428082,1.0043480520024781,1.0063259417647041,1.0071531345882128,1.0083855207852834,1.043052773186489,1.7478017252103129
204,0.8709389886394745,0.869563781798756,0.8708632959613567,0.8696925443615724,0.8709187930493553,0.8695894652844166,0.948426781442841,1.3617561456912022
205,0.9968381627609347,0.9989074637412972,0.9982529123918883,0.997285090560197,0.993907369804032,0.9944337565956531,1.1122238083431442,1.361189080453528
206,0.9038106842662733,0.8918334222422697,0.8927602127320243,0.8960889543984819,0.900769484892835,0.9041171894851427,1.0458024564663784,1.4421913499423218
207,0.8962561909026064,0.8881767165388734,0.8852493759128239,0.8841148690783681,0.884092335628993,0.8834437759873651,1.0161066217914372,1.326762971548323
208,0.9787485121420713,0.9674605184231556,0.9650851396161727,0.9663888640458965,0.9662449766477672,0.9667422673235985,1.0855301471751462,1.3227433335679075
209,0.9927326391233111,0.9934579718862895,0.9924286216483361,0.9926308580131171,0.9909559557052425,0.9914587695445474,1.0554228259262783,1.4786686647227834
210,0.9833296850301654,0.9780390970624482,0.9705075741771632,0.9718341666136537,0.9731339855372376,0.974477216481926,1.029426172670788,1.641896790692519
211,0.6331541245851275,0.6164744492397809,0.613015313065134,0.6104489830459848,0.6108206347667903,0.6126801208234083,0.7169023460800444,1.26525376264008
212,1.028898588264618,1.0305885807440003,1.0305140098939272,1.0294496760000043,1.030648514260879,1.030801026095341,1.0711165950625303,1.4560026827312045
213,1.0544523573294298,1.0508121414176093,1.0522000318452356,1.0516172686612208,1.0496087950334254,1.0497141896836146,1.1591585397075077,1.5382438515217782
214,1.1056684032390138,1.0911835786487174,1.093252202440394,1.0920850358353342,1.0896401455144913,1.0900990198811715,1.151934881914456,1.3535079337517524
215,0.9524304347582766,0.9403340046290956,0.9288733593323601,0.9222119560363282,0.9197473767582336,0.920528997471944,0.9556583994239336,1.737460893189505
216,1.0253300838318047,1.0205630241707626,1.017214254402577,1.01668257086555,1.016162912211634,1.0171662742227487,1.0999213252692297,1.4113494028689104
217,1.2439219710253562,1.241457682921148,1.2379072378365072,1.2385317282029047,1.2382127640162075,1.23892319229585,1.3067272951968911,1.7879723865026194
218,0.9664294913978058,0.9712148602648988,0.969213405909396,0.9702787279495231,0.970006486849428,0.9704438673132741,1.0275888452050412,1.425557155272715
219,0.9535511035616396,0.949723763905191,0.9506827085414371,0.9536556154672569,0.9537081237235293,0.9538061394649636,0.9955545158596656,1.4543285763623297
220,0.9017120528542028,0.8975907136387735,0.8960117197097496,0.893614775855872,0.8943084970170867,0.8945428397751196,0.980536612672398,1.2973006407505023
221,0.892770111689985,0.8940579474794305,0.8970211071312114,0.8936522345509293,0.8948028149777726,0.8942175403465619,1.005324874161541,1.3258083863372352
222,1.0272335174231244,1.0192557161878057,1.0180906541066663,1.0183980113087423,1.0186448028937993,1.0193760651721142,1.119029648365937,1.4836006856119937
223,0.8741321183511124,0.8807402945432091,0.8821601519136427,0.8793503288877389,0.8794576387030272,0.8796257499080378,1.0414432867779753,1.0864971743064042
224,1.0643088871161874,1.0552657236365417,1.0525481240413932,1.0521946901782753,1.0486892682422142,1.0502644786438482,1.1011713381641,1.738603726805218
225,0.922950072606144,0.9164898589816255,0.9102256216017557,0.9128940339165689,0.9205901910102537,0.9202053916478845,0.9871313080439414,1.679224497218394
226,0.8040508660917641,0.8071417340845399,0.8080096571420459,0.8091503386758638,0.809423948537335,0.8102158678070424,0.8865915496157162,1.2033569160937687
227,1.0232703319184302,1.0182566141551697,1.0187501894617144,1.0143273271844915,1.0150247678389417,1.0147797884911005,1.108452241680192,1.5719200599010277
228,0.5878174852109228,0.5792108182996614,0.579176835521931,0.5800603102730754,0.5828959116418346,0.5847021720120616,0.7074049468525169,1.0096981004175063
229,1.0302638733761946,1.034647192169964,1.029477935698923,1.029516181152337,1.0298514260095117,1.028509180211433,1.080996684657741,1.6428067339644534
230,1.100877303944142,1.0900335542976127,1.0885527247281455,1.0873372199801696,1.085842386871858,1.0851689741379704,1.1371575085616188,1.6214666052525075
231,1.0302801936559636,1.0321992795993291,1.033028306895463,1.0336819592853508,1.0345681578073074,1.0337628819890612,1.0767943204254058,1.4783750687776926
232,0.87216081640883,0.8719501793413543,0.8735169630002844,0.8729909990996335,0.8751942402317455,0.8745050768520208,0.9820601099286176,1.198949497620265
233,1.0181586034234975,1.0143485235790082,1.0106147508188499,1.0124090650940227,1.0151975708967549,1.0146606573505157,1.079870225895182,1.328544443344012
234,1.0664577323293314,1.0661647438716384,1.066965780088034,1.0616455436864016,1.0612369167651172,1.0612972113455057,1.109905010438221,1.4391556878919212
235,1.0105661965364994,1.01279974948381,1.0082618350092998,1.0036917075413447,1.0054556681194802,1.0042635292254545,1.0943761870977808,1.6730850054558164
236,0.999333834824357,0.9986162902296013,0.9994340903562198,1.0027889321671013,1.0041194106508808,1.0050718329159636,1.1550621512656698,1.2844366638498343
237,1.026623997488931,1.0193987117106267,1.0196403297419514,1.0220402351091273,1.0232502560116368,1.022256612122291,1.1447027681664494,1.564052553529767
238,1.0098177435988092,1.001668610105582,1.0015299303510332,1.0018979341550995,1.000993697597051,1.00030874138421,1.1219985591836956,1.4515421257632612
239,0.945339181274541,0.9438038315384691,0.9447091921042734,0.9470491808912068,0.9487367466687888,0.9492743085472585,1.0335290266221993,1.3581848484131382
240,0.9919127605149425,0.991855288144948,0.9931155061256114,0.9906244928089316,0.9893692000773314,0.9898743826257103,1.0837762937012592,1.5077918255546725
241,1.0195598634299434,1.01266564604297,1.0097400948293995,1.0096049237447131,1.0091629980386234,1.0096760097716941,1.0952494116880276,1.5034186535819218
242,0.9807610916190055,0.9794394463857583,0.9814340262027202,0.9787510671583292,0.9791948127446288,0.9795973321877522,1.0843602543010242,1.2792183601879867
243,1.0577364911078495,1.0502677670355751,1.0518365606029725,1.0512369325852327,1.0509786673730555,1.0504672437950584,1.084446950751298,1.3492182043908392
244,0.9052592956129334,0.8970503352592848,0.8962813438058617,0.8956576449430558,0.8948501163897848,0.8954694421006919,0.9290966750311708,1.5680467867723835
245,0.9669763880970481,0.9651205740982762,0.9630650775433478,0.9625930643097051,0.9618715538502707,0.9625707680323041,1.0344576567158843,1.3144279535931702
246,0.8745108013363182,0.8699397984463657,0.8700326839626406,0.8684317582909038,0.8708348348559959,0.871045881821028,0.9341975437232688,1.2074880072060608
247,1.0581932689878606,1.0673578189205566,1.0661004272999073,1.0707554826925856,1.070413215545522,1.0693405118887667,1.0897002298816267,1.794807431296665
248,0.9726209839085456,0.9671486071947597,0.9646815181468762,0.9650529126926128,0.9646213284837194,0.9656225156125945,1.079312684415523,1.2636175021425538
249,0.9770327016448803,0.9803925010256613,0.9775265559836676,0.9756197600872741,0.9760331318861799,0.9753149784099115,1.0118899379223256,1.3070267500692605
250,0.9444647126237989,0.9330364130598297,0.9308810003184572,0.9295379220101186,0.9308640171296882,0.9315383882171213,0.9669418264886944,1.4996953969206357
251,0.9530048735291923,0.9475154004168255,0.9497197607896166,0.9502164896885359,0.94948188350887,0.949589267391733,1.0386092996589062,1.3369637794237854
252,0.9748292427233902,0.973026007799643,0.9736394279048994,0.9764779606728091,0.9758130868545154,0.9759971328924513,1.0355672638436626,1.4906635655594644
253,0.9978842106689253,0.9907440274638377,0.9948709095596829,0.9917045049843879,0.99259390264111,0.9922169011525279,1.093813491106554,1.5865633013263096
254,0.9471414745038597,0.9478812013629612,0.9517549933221382,0.9513657161517711,0.95053405050458,0.9511060566825912,1.0231070699329337,1.186777931224631
255,1.0182781864899557,1.0184592713009257,1.014886630420069,1.0151180926673524,1.013791300435125,1.0135729267266267,1.085472363878946,1.3407733187439757
256,0.7629195839100444,0.7635182631351759,0.7652893173347164,0.7668288940630426,0.7685862374201783,0.7705791935617827,0.8814971414570917,1.062958248584856
257,1.097000883230519,1.099675887006949,1.0999140599922197,1.093311181607423,1.0961403357894244,1.0970084322136875,1.1354987254435862,1.962221679380828
258,0.9909291234523722,0.9916886746006407,0.9923692090912068,0.9910678145739692,0.9913385726737272,0.9921990769465172,1.0241842786324873,1.5548793993085253
259,0.986967403847178,0.9852794530181977,0.9821812090704573,0.9819832185233904,0.9771986268888408,0.9776919721096784,1.0628073197973884,1.4846214935772923
260,1.0052665344823986,1.0121928880533382,1.0092287378378624,1.0107822143703762,1.0086209570899822,1.0089948428427415,1.0361915962881385,1.4354466475226593
261,0.7896880251495257,0.7891390602224927,0.7862305978984387,0.7849261416957106,0.7853259341196337,0.7877316949641273,0.8844081265664734,1.2518864225346862
262,1.1240473691576227,1.1229948749091934,1.1254271395175948,1.1242316117702378,1.1238473485434932,1.1234819585090947,1.1719909789453,1.688877824031415
263,1.0255363978470027,1.0196948849464105,1.0208398948403918,1.0203521089901468,1.020159173632063,1.0216401760180842,1.0991677788780376,1.7072115060682085
264,0.9554451128504176,0.9415115687788894,0.9332998186346193,0.9332096054408144,0.9324747745069882,0.9313111512061459,0.9992155084607756,1.7416255321909742
265,0.9932883603690593,0.9912287677448506,0.9894946917161058,0.98564178575401,0.9856700805290838,0.9853869479505102,1.0498446578830165,1.6128773057512482
266,0.9651097809930865,0.9642542113228701,0.9656734708727328,0.9654916729279225,0.9656051675948802,0.9660834551801801,1.050020955411116,1.2589471780067405
267,0.7902133150950883,0.7870570488872325,0.7879813976864939,0.7880037858645079,0.7881948104943761,0.7853734811596522,0.8738377649561281,1.0638944025556074
268,1.04383810064251,1.0529567758585985,1.0528891074723226,1.0489669782282391,1.049165144213954,1.0491444954129268,1.105981452291939,1.6172138719608946
269,1.0103758856641454,1.0106764191760202,1.0103813434766251,1.0088217471506034,1.0086972723793235,1.008746093519313,1.102098416302498,1.4562649527946334
270,0.9653377994981094,0.9561014728100319,0.954857022586555,0.9552455085725883,0.955761826907328,0.9565279756584459,1.0246037083314885,1.3122922630096567
271,0.813250961280557,0.810880168450366,0.8125809841722665,0.8130985853563706,0.8148905898964268,0.8182081655817319,0.9170629412286144,1.084748749848147
272,0.8424749691825149,0.8291859636905566,0.8250367402347799,0.823800715921506,0.8233609615461548,0.8238572798239392,0.8916199796263063,1.3707458692362366
273,0.8798428176136149,0.880938755669361,0.8820281315080786,0.8823357210706896,0.8844174698028172,0.8844885369250077,0.9844698653603629,1.142201404693009
274,0.9666737114202032,0.9641742215519744,0.9603493948359555,0.9632959255586603,0.9610792534305942,0.9604898312787804,1.0859328349552628,1.3768639408454175
275,0.8461445289600453,0.8547287233165806,0.8528832389865256,0.858256214067544,0.867486065194881,0.869015468403872,1.032902308365944,1.392601944437334
276,1.2144597176032454,1.2063860826521866,1.2040225016440207,1.2014746570701773,1.2013587844430196,1.2014294421908758,1.337080575123203,1.7740760205498411
277,0.8559539484008745,0.8556797757508666,0.8533766793549303,0.8566761848723402,0.8578203947163145,0.858251186394992,0.9204811459808268,1.4507012183705152
278,0.875060935232723,0.8774355280785514,0.8778739548830611,0.8763023606499815,0.8764878277478421,0.8757464005299695,1.012155186306864,1.2430667561618531
279,0.9057337335049359,0.90369144100515,0.902966217468089,0.9030638822894799,0.9011510125855777,0.9014557470026809,1.010874182211315,1.2610904344983591
280,0.9551317067657495,0.9529806634699276,0.9532011517187797,0.9476250569695828,0.9458479544925921,0.9467072543238402,0.9978461343283516,1.5719836273860002
281,0.7171722051890349,0.7111549822206739,0.7118986219758826,0.7097376473739023,0.7056031025271807,0.7068614320784837,0.7908302803875605,1.0994055051604277
282,0.9583351914096415,0.9520162680497559,0.9510502579230946,0.9509864069657606,0.9485226410573249,0.949979706426279,0.979276045020698,1.578685645850307
283,0.8558246753335742,0.8428818120469369,0.8442638739189112,0.8420243813825267,0.8447136073017687,0.8435470550563365,0.9297957033500676,1.2722435772669631
284,0.9522666726910312,0.9492870643008795,0.9512694994941479,0.9493167721358485,0.9494077890605184,0.9499718992700531,1.0327018175852771,1.353818823307582
285,0.7954143159112513,0.7886808874279058,0.7903646321439413,0.7918409404472853,0.7913521406472634,0.7919848547130246,0.9327349840082968,1.1310253545492222
286,0.9354243392617823,0.9310224237880138,0.9258106475328718,0.9255195189131189,0.9255803327510777,0.9244629987291595,0.9618979885132846,1.335747546191609
287,0.9835769236366225,0.9728328907228082,0.9729841877449493,0.973865029275944,0.9736040772856737,0.9742518243585622,1.09694835883424,1.295969487982753
288,1.0555982700920992,1.0529267074406603,1.0504044817767522,1.04957063274603,1.0481713964236103,1.0476730104487477,1.1318445956243164,1.5209501148529645
289,0.9376426775571359,0.92567189322764,0.9312453525959384,0.9324910097537625,0.9320329434577284,0.9308903571466438,1.0062127476369556,1.3950222343123968
290,1.0209865997037366,1.016649461092665,1.0148401055650624,1.0161141743457223,1.0170349968656847,1.0166231295129873,1.0974539206663925,1.4085348681909478
291,1.034464301040373,1.0297397945259938,1.0283111442206165,1.0263692211353725,1.026019787089566,1.024991504195586,1.0547815649922645,1.3933925524694448
292,1.0353248779806885,1.0262015908421025,1.0289613428591358,1.0314026394313984,1.0256337385398782,1.0277052681748666,1.0902406408176188,1.8554519135319785
293,0.9086000759790656,0.9029155958396873,0.9009480099851062,0.9026503635501651,0.8989872290134758,0.899032133796076,0.986193940987838,1.2461529323622076
294,0.8787703069739412,0.8778533179286394,0.8788069937504315,0.8799648449748352,0.8795774205275408,0.8788814796039562,0.9105236391534868,1.3028730726771227
295,0.9059426606947921,0.9060675813723269,0.9048392028550873,0.9018027822740955,0.9008234173838148,0.9014475714607566,0.9576990706548876,1.1707303893137868
296,0.9314820824564584,0.9383709252316884,0.9418354023083714,0.9415374560008687,0.942854537552141,0.9442782541402507,1.0741593443619346,1.1684687995238363
297,0.8672509422713222,0.87095747873156,0.8751573441983075,0.8765156327699799,0.8788258074936967,0.8812315711072366,0.9802588692209676,1.2495314125550807
298,0.9702097488983554,0.9643023842386298,0.9623881278710923,0.9606244794231257,0.9596245061574864,0.9600327683256749,1.0231417458938188,1.3041054247075636
299,1.015745108754115,1.0096823633017693,1.010107629502352,1.0052211490000649,1.0041853631898023,1.004008231317474,1.0851703938079085,1.3964540199517308
300,1.0366503665592386,1.0382937464145392,1.0359040154809862,1.0369673080990756,1.0376665699840764,1.0364106757304774,1.1097701484164595,1.5355588235686
301,0.734748472442138,0.7307079423485976,0.7321295519763055,0.7349650754911263,0.741392556108668,0.7408839505714413,0.9133918046265876,1.1054315971155726
302,0.9408374882119611,0.9356587205012069,0.9345910515931518,0.9356430348537687,0.9372425437349345,0.9394696827668992,1.0098300139823724,1.4236044788818136
303,0.7802980865428961,0.7804347597340532,0.7824319669482906,0.7836921221974579,0.7846697955309366,0.7848620038745302,0.9481364732113337,0.9729080326564472
304,1.000365643128431,0.992887938854511,0.9913655510985833,0.9913146479716456,0.9887775165258641,0.9891391953181272,1.061762666647821,1.3691889537033417
305,1.0365511873409552,1.0348961758572879,1.0360921667679353,1.0360971681787148,1.0335311661288045,1.0328042879281967,1.080648534321076,1.5229188308042072
306,1.1142030673071972,1.1167343005803076,1.1159623825896745,1.114292261611591,1.1142329214158684,1.114364039483074,1.1441238507410945,1.413577068023581
307,0.8069804466581108,0.800376455630334,0.8013675623228899,0.8013513042893031,0.8021555892024692,0.8032145597430442,1.0391021595336143,1.0034565648654932
308,1.1358496113199499,1.1348266321551235,1.1312269407735815,1.1297317198048769,1.1276905553591863,1.1267241067044516,1.213961983530376,1.5977157930169872
309,1.057710415210421,1.0530901264657908,1.0499532019318052,1.049872726969648,1.048380276520389,1.047998103303928,1.1424507127159054,1.4527598382091491
310,0.8288139081410372,0.8218906438163921,0.8210466894354532,0.821136475252733,0.8256117203108599,0.8282806663216097,0.8983885233459644,1.1781677575527494
311,0.907600607191895,0.9006796351628473,0.8991559935316342,0.8984277975482369,0.8978130301900021,0.8976583798265391,0.9541345593921082,1.288936497162846
312,0.9376244678825371,0.9334857038363285,0.9308331076562414,0.9288606027357185,0.9282730636853384,0.9275344542012317,1.0169976886575274,1.345252964811944
313,0.8414830765939113,0.8402254399910883,0.8359143991521562,0.8358458159872675,0.8345820328770746,0.8330856884287248,0.9006667235383459,1.28941809753968
314,0.9062583948242247,0.8980932902204777,0.8933149215468871,0.8926318479064723,0.8927914424649828,0.8955113755391506,0.9737137383681884,1.6146197106752385
315,0.898628726019373,0.9035044811491636,0.9042622604024169,0.9045690232650436,0.9018689355987277,0.9027840843265388,0.9966622817699056,1.207031804278471
316,1.1030050145365924,1.0980267099840617,1.0971362368122313,1.0974394359594106,1.0970444480619699,1.0964922880663492,1.15604794928378,1.4429568620901454
317,0.9553102081843459,0.9596480247016704,0.9583131893218935,0.9601003505739438,0.9600329706572891,0.9599109259494422,1.0289436305261277,1.4171263514174848
318,1.0565739155732459,1.0558585258534756,1.054015424513765,1.0528635275727665,1.0534978533510635,1.0544851359968546,1.1023499275789554,1.4628269383613373
319,0.9530770473506464,0.9504315383621754,0.9528427745424268,0.9571992876182687,0.9613817698048551,0.962710261608274,1.0860034848149698,1.1839645279992546
320,0.9213946953240008,0.9153173392128969,0.9133058951198283,0.9134815843458307,0.9120610700892117,0.9121551316115081,0.9591332980155092,1.236357148396043
321,1.031587705499328,1.026458100523845,1.0257130100088632,1.0270628531808108,1.0269890226558873,1.0269679680435648,1.1092741431287334,1.4917573447319763
322,0.9298813258718426,0.9266428992295367,0.9270304182366831,0.9287715439282301,0.9300702411144608,0.9306412600043101,1.013507867401238,1.3281503049087573
323,0.9488412250886223,0.9515974549796508,0.9490982040442435,0.9466194918879607,0.9466030775232654,0.9466107684159966,1.0027130550195615,1.204716563752492
324,0.8112178945820215,0.8132061716725684,0.8136810971337823,0.813309689332783,0.8175178519967359,0.8171770559102244,0.9523663193455064,1.0643974194210626
325,1.0449431479416569,1.0409868096416213,1.03600149145496,1.032218573597414,1.0319509797982591,1.0318908057801794,1.1561033680958768,1.4452308439388069
326,1.0213098200336543,1.0187696425975699,1.0180179744907236,1.0190668708954502,1.018430158950732,1.0189668653542883,1.063137366321487,1.4132083399602675
327,0.9118286580261874,0.9067706872403112,0.9056400529743873,0.9030532780148143,0.9042204234803697,0.9041217257887719,0.9460700155919102,1.1931657977797556
328,0.7852728868369565,0.7853655044907502,0.7830994621543731,0.7838036758423086,0.7837315779501006,0.7843939198464763,0.8627805291905066,1.187950814786263
329,0.8115036886842447,0.807734391239591,0.8073846640847161,0.8074236893753711,0.8092578695059162,0.8107991772939355,0.8672593253711176,1.0416441885533658
330,1.0541061771650322,1.0408021472830693,1.0409010005725199,1.039815787468172,1.040441750701634,1.040467996109705,1.1014864183666295,1.645207649441252
331,0.9768340223697972,0.9792978496371092,0.9800724101121909,0.9791865364842197,0.9791597575994954,0.9783237613086619,1.0322342249748366,1.5247848294997317
332,0.9664746179418833,0.9530137373506941,0.9525855106742582,0.9531205877919766,0.952831000919172,0.9527264566778201,0.9864116108900128,1.3696885168004138
333,1.103915427472398,1.1057810315696983,1.1080247280850322,1.1060074007287304,1.1060607107692075,1.1064169174588163,1.1120159756109318,1.6550348287826109
334,1.0437930133936513,1.037288520537814,1.037028954865115,1.0359771405443499,1.0353594035300675,1.0361666183091958,1.071473552383595,1.6643362856263233
335,0.8030040936676287,0.789148261166192,0.7855777118563142,0.7896407806498188,0.7910932027210968,0.79399271535001,0.8704060830626719,1.5827872074962972
336,0.9451185450907198,0.940478062865594,0.9381116072975795,0.9355188826536651,0.93714732278556,0.936587562086902,1.0224725849555016,1.37353018392591
337,0.8419263491653376,0.8422957749428288,0.8405984527013601,0.8382780455263033,0.8411201388405326,0.8415033982046904,0.959759565298567,1.268440389153729
338,0.9122699015506784,0.9074586392631112,0.9041466233946535,0.9049094140656588,0.9045982780484839,0.9048063975438536,1.0618451850506097,1.270412890678337
339,0.955440576327571,0.9555519760398989,0.9526414151200607,0.951513337176684,0.9503170837095533,0.9494602102703007,0.994310999285644,1.4692174863061738
340,0.9624613499021466,0.9551350920087704,0.9576341801575278,0.957165241439698,0.9567944447073465,0.9569587711665664,1.0067604246865698,1.2965123887833272
341,0.8699148202029187,0.8661757610078011,0.8617416169983002,0.8593304497700601,0.8590256660383778,0.8577847127149609,0.9791825486318296,1.2835745667661351
342,1.0781560597546398,1.0623116331791338,1.0597408153974137,1.0604566209489232,1.0611546332280863,1.061493830909065,1.0917405870631476,1.560323471910113
343,0.9844202222330685,0.9848080766231038,0.9898574081097934,0.9894809738838094,0.9878153750237668,0.9866286092060955,1.047487398814514,1.3653299335070843
344,0.7903474409655179,0.7866217325035199,0.790909811825689,0.7911178481741041,0.7913226850609757,0.7919228880963125,0.901372630540531,1.1178613655150458
345,1.0000818260636195,1.002955132190357,0.9993039014380085,0.9984081183279756,0.9998560662801738,1.0003435494192678,1.08915979350204,1.4828423400053756
346,0.9555769994627391,0.9528606880915992,0.9553041920650043,0.9546278818532079,0.9541911094497668,0.9551659963616496,0.9858761896756676,1.3355451286371975
347,0.9979843829524125,0.9934191178886737,0.9842405163787374,0.9812572769726936,0.9814230472171085,0.9808928461721457,1.0371062224248238,1.6789393035637457
348,0.9468498296745054,0.9437146136412399,0.9443593374379688,0.9453189358083391,0.9471572698164544,0.9474650740198831,1.0640165393950818,1.2806048701069506
349,0.9821661976989684,0.9821107203979378,0.981608357718499,0.9835902445274488,0.9826336789053851,0.9827197575005143,1.0800950581670763,1.3736495082059543
350,0.9596730165312833,0.9621183893053763,0.9664920279416894,0.9675964028059575,0.9672752916008268,0.9662033562100194,1.0345981583521036,1.3016640434127695
351,1.1242733693291076,1.1265173434444153,1.1287870948155596,1.128025166601065,1.125195535458288,1.1249074557693723,1.1953756646459024,1.7707366826589614
352,0.8378121378849901,0.8310479474681849,0.8295714788333701,0.8329654747723554,0.8335715284050981,0.8344125587095114,0.9350321420080536,1.4093736839825484
353,1.0396089872542582,1.0325745823298247,1.0331973030600052,1.0317990060800604,1.0328664915765284,1.0319822782650916,1.0694158366702942,1.6149980023791022
354,1.0248665837055382,1.01607349999636,1.0141508798255976,1.0140988527075099,1.014370060279545,1.014505593295205,1.0840936927006386,1.5343119075631173
355,1.072003801749294,1.0780443538187066,1.079388279478376,1.077874445701686,1.0777873603941208,1.0781642040953057,1.1418760600341205,1.3622205943851966
356,0.7269323559772684,0.7255946941053545,0.7265127040371895,0.7282098119971082,0.7303692760666204,0.728704985633279,0.886427711547206,1.116194520203476
357,0.823304672157303,0.810439924730183,0.8063145677265507,0.8123493834718479,0.8141785306963764,0.8153410906710468,0.922690915149084,1.4273795968999343
358,0.9229265242711622,0.9090848216961359,0.9066263654986326,0.9054397684749842,0.9045373665700647,0.9046602030200742,0.955314159477528,1.6332895175221314
359,0.9596916257410707,0.9449888131529037,0.9449044298776648,0.944226469693413,0.9455965836876328,0.9471850023798654,1.032558042835881,1.5837358424330017
360,0.9888647377627238,0.9808771584328809,0.9770843087412262,0.975161575190368,0.9749473529356127,0.9744519461402303,1.0488786466592137,1.3487551712770982
361,0.8578902197984914,0.8556756431033021,0.854180874998905,0.8565840833609377,0.8572516636599422,0.8578631939331095,0.9730979393397408,1.2229646496796314
362,0.7869990770475193,0.7785986201347802,0.7805271800880841,0.7777919852872872,0.7789130956341752,0.7776474696756958,0.8758796441173243,1.291943841271224
363,0.9695182187931116,0.9678725291029787,0.9687060647546424,0.9657710070445344,0.9669189677019141,0.9660080892340499,1.010585669536106,1.4360513680985765
364,0.8937088289603969,0.885838352911731,0.8836004110204113,0.8845032308944869,0.8842262010987312,0.8844689109938138,1.0042248764689634,1.1729220013660568
365,0.7716284198067664,0.7675472542421842,0.7691196326001144,0.769108705962189,0.7710781188547629,0.7720737988074352,0.9078069658741936,1.145890876235817
366,1.0243709884793526,1.0165657090203553,1.012286530985359,1.0117598458658927,1.0124117091252145,1.0116656817223568,1.0436879691532894,1.4592750638719605
367,0.9134029792186714,0.9140765391954643,0.91386948932051,0.9160968227104375,0.9173989458074224,0.9185653501164709,0.993981366504746,1.3266362966752636
368,0.9709211106162364,0.9701861189610025,0.9685580039211917,0.9672313048492872,0.9686908988809603,0.9687472311260193,1.0248862465637003,1.465210047545701
369,0.9410758993804289,0.9388591467656289,0.9419559401740991,0.9407161971347557,0.9414082098267434,0.9413525422181899,1.002778933144448,1.5341580557785712
370,0.792389379620098,0.7859231894465513,0.7891836268008866,0.7908318551502811,0.793314371560531,0.795367630692693,0.9226130701706248,1.3605381921844872
371,0.9118892005674161,0.9089633425244178,0.9130258005369101,0.9166933551164761,0.9145627988071402,0.916627418151852,0.9744000498128816,1.3718980982078433
372,0.9774324882476324,0.9745424586936025,0.9663828968887269,0.9673813394600034,0.9681742684035948,0.966687894282781,1.0785098458015012,1.5852907229604092
373,0.9221106184191044,0.9046559548912154,0.906552742266585,0.9071794159170926,0.9024562257322264,0.9005250226053637,1.010902806750661,1.2047728930511674
374,0.9594621114181708,0.9574125530138551,0.9543811389344407,0.9572116825754733,0.9577716300831214,0.9572169140148002,1.0442490511535858,1.7349084125193053
375,0.8865815570102394,0.8841166854800937,0.8855486804659448,0.8839089683635865,0.882472479697792,0.8826029674959338,0.9581903519550043,1.2309753637316632
376,0.6836876779857449,0.6748658135832237,0.6745120149801708,0.6741238027744133,0.6746565826852517,0.676864225094842,0.7966912626362818,1.0748392108391962
377,0.8836257087399256,0.8805013645675069,0.8800127364799637,0.880924666821133,0.8813910152785271,0.881333705606711,0.9774172649727896,1.1347084723506646
378,0.835849568192368,0.8321661789553666,0.8280776105307733,0.8290642923758144,0.8294317392731912,0.8313679399146956,0.8977871557123683,1.3139800627700322
379,1.04570614423277,1.0407889156364407,1.0446266075506734,1.0432444789041098,1.043368475362942,1.0438952707200169,1.1147410728733944,1.4704640263866096
380,0.8831574146621131,0.8807313864887965,0.8818335559070843,0.8811132627951588,0.881257051970894,0.8817160165214496,0.9471861148071112,1.157634384272075
381,0.9341066364402293,0.9349871221120838,0.9300584718608671,0.9288510891793951,0.9288230856859766,0.9273156357651514,1.087446385400657,1.5734063616712988
382,1.0318789842986105,1.0317998376323327,1.029244383008972,1.0259973960411874,1.0263012712230346,1.0264072701357878,1.160198288647583,1.4676138350034913
383,0.9461589161963416,0.943590424690447,0.9432169524460424,0.943779615813378,0.9416254013642071,0.9426764997990663,1.0419193947850576,1.18492142170496
384,0.9549194931291686,0.9442379108799139,0.9442780700709676,0.9448568976977257,0.9441244671467174,0.9444829558155684,0.9740641851935028,1.2955262542229058
385,0.8652245611184195,0.8611180859713262,0.8600963300354316,0.8614639769996949,0.8595869974103164,0.8594698878227062,0.9900221279687068,1.2774113259693418
386,0.985186313807979,0.9881547077144048,0.9837134742398789,0.9844632971717476,0.9861811585886533,0.9867965754519568,1.0483926532571597,1.432878350585317
387,1.0941193542919156,1.0907284706344875,1.0937289361541647,1.0937635809345985,1.0918666315432795,1.0930515935381548,1.1843976735763833,1.6093065102618795
388,1.025115211042864,1.0226653688814535,1.0219492192812165,1.0251761705552014,1.0248416293063454,1.0253764916081298,1.107554924793734,1.3655773083266698
389,0.9542125758317929,0.9474030333313816,0.9456294846022281,0.9445840471680486,0.9474164219541341,0.9478164045987034,1.0094485411039316,1.4526320056142197
390,1.0198682590638732,1.0083726231314125,1.0072632936781354,1.011899773431098,1.009616355691538,1.0092147893911814,1.027525031574112,1.791446049683851
391,1.0292704711298113,1.0279653678035938,1.0239355390768863,1.0242918146496647,1.0237674507623058,1.024452753773296,1.107853669285999,1.3847653917506295
392,0.8733270676863287,0.8707850917838246,0.8729736420724546,0.874506405731351,0.8759670349919955,0.876185108630609,0.9523564096607944,1.4475797982179768
393,0.8065599214766684,0.8056962595829723,0.8042479664967674,0.8084157996843356,0.8114950831893034,0.8123261904016972,0.9371764316511052,1.2250048329055143
394,1.167750553164086,1.1640819602234758,1.1625944297041553,1.158662696715298,1.1572992954382948,1.1579939765067944,1.20232920652579,1.7114551906436546
395,1.0928739879016274,1.081545965511369,1.0808931009639118,1.080179719746268,1.0807779097427168,1.0801879246230723,1.1702071878604403,1.675790889057602
396,1.0314106233592488,1.018603718391349,1.0158465117619802,1.013396112033513,1.0098100053760002,1.010656204660598,1.0577958919437471,1.6838929127252442
397,0.9601427663878428,0.9504996705374997,0.9521417771193265,0.9478019750884512,0.9423258302719919,0.9419855468574349,1.0558297025763164,1.645352157524777
398,0.8789620229278756,0.8770920552866246,0.8751281737557621,0.8748428756652084,0.8723179356192988,0.871901233876314,0.9376579898222078,1.1979614213584306
399,0.8787086735007089,0.8696692784764328,0.8680659165081678,0.864938306672979,0.8637566932407233,0.8631181487827836,0.9551426862720538,1.2746516628453992
