,window_size_1_RMSE,window_size_2_RMSE,window_size_3_RMSE,window_size_5_RMSE,window_size_10_RMSE,window_size_15_RMSE,Linear_w200,Linear_wAll
0,0.7664376323911863,0.714178060017746,0.713266217757476,0.7254939098244079,0.7484042367075975,0.7621701897005999,0.8691605594928182,1.0940722064537156
1,1.5325166696283863,1.0876612861732895,1.141238631489096,1.0696372892805246,1.0017760587438165,0.9893414626133065,1.0210000810095974,1.5196402502027897
2,1.3296642680004291,1.1714219149250666,1.1438630013435733,1.1193909793184984,1.0710890337666445,1.069344937850414,1.1571853785380557,1.7946453489657046
3,1.211698906518382,1.0741247189528194,1.057240660638412,1.026471167317413,0.9904243435149498,0.9761564451685418,1.0106410682614402,1.323370638535671
4,1.5400478519055298,1.0960883653988442,1.0644953958564576,0.9857072948842155,0.9206706263895261,0.9123847656565333,1.004964282208774,1.3494781240915137
5,1.4094028156214533,1.088624389391601,1.0651262572030256,1.023395488525766,0.9962965234409603,0.9806960813175983,1.0323963272219774,1.8200706445199024
6,1.1729850578129801,1.0504131200704314,1.0232313289183557,0.9919319899964459,0.9453388169760176,0.9311797813076902,1.0461068569154413,1.413645860728539
7,1.2605686553667754,1.0856072845734923,1.0603729975776348,1.0599685738337852,1.044382797463376,1.045244121429535,1.0853624869107543,1.4388155113578622
8,1.1546440595279595,1.0360940537417005,1.020076695768315,0.9959537387416895,1.0107231998214976,1.0256510677083586,1.0965138265690078,1.3486145516975625
9,1.4123105861910337,1.1544144534758525,1.1196534735645027,1.0860777963592199,1.053518084779496,1.0298038586931686,1.0538557409811018,1.6214802077282635
10,0.951904052476042,0.8522716285559584,0.8563375708797799,0.8742489858530552,0.8999823790450855,0.9230835084668574,0.9549140193209418,1.1262910528519152
11,0.7947291355019029,0.7762100507946539,0.7994187928752817,0.83627685351856,0.8656685593183132,0.8577043904495554,0.890984587056354,1.1471835104226635
12,1.0911935374844344,1.0121664546955722,1.0155395124652948,1.017468776600845,1.0011767108096303,1.0039870144091334,1.012383485142314,2.142156832243586
13,1.1216127614115745,1.062913435604616,1.0387489479747105,1.0400369295602347,1.0389554695328638,1.0186476280403478,1.03129778405314,1.39895698845272
14,1.390771845689865,1.0943031809887103,1.052531934844214,1.0150011209307377,0.9670626164335488,0.9538439818367751,0.9802937298250844,1.3444753913758252
15,1.5891415517231937,1.257223842586016,1.2371314020076334,1.1510358483578593,1.097932937114721,1.077063671759796,1.2499321692389729,1.4829024634444965
16,1.3626987573797962,1.2576984421544817,1.254638996925044,1.2203144409314817,1.1796255528470752,1.169646890674827,1.117039965789636,1.3916486063492544
17,0.7919391784411048,0.7216768936822399,0.7477274091484611,0.7815905720306301,0.8100617349657269,0.8245392452192774,0.8880596821378275,1.0842900477209294
18,1.328484612603293,1.082751563219162,1.091364030835069,1.0415002920204555,0.985486284764136,0.969607808683651,1.0412547724583527,1.2455901274841086
19,0.9801802045876602,0.9264283137928315,0.9472873982097456,0.9820247282331724,1.0120358853952558,0.9914576722331877,0.9640056907048612,1.289015765323397
20,1.1989299582425617,1.0667166890734217,1.0519021920430514,1.013138457232339,0.9967168171318305,0.9968289538115935,1.0595324102828112,1.463386451340828
21,1.0912767499025764,0.844908030649685,0.8583784755078752,0.8264576296809926,0.8048382409018389,0.7994359836024634,0.8504996122613311,1.107171154927753
22,1.201164115544507,1.1301698800360367,1.0797960614216353,1.0542502880122742,1.015619788568078,1.0067784918702696,1.0301694860067918,1.4582837624097893
23,1.3642299062017946,1.0940308269449033,1.1187170239686497,1.1034065593375348,1.1075064496807647,1.0942912097032829,1.118693171861889,1.4153101565490087
24,1.3528232673685043,1.1554441572506295,1.1127055807685413,1.0899545812841913,1.070656541163935,1.0664533423908606,1.0769772294490412,1.476042746806296
25,1.1991140930943633,1.0920407769929878,1.0655897618382042,1.0373539438954087,0.9835976224710438,0.9748622057194972,1.0238610938034525,1.6182200281769974
26,0.8463941849327452,0.8335138032747585,0.829059429641982,0.844127211767557,0.8965470668594103,0.9374498585609123,1.0293945903801374,1.3444941293073258
27,1.1905391921985033,1.1157563606796626,1.1059327120233986,1.1084952914106587,1.1180916265260392,1.1070248755406276,1.111614934962205,1.414213754448111
28,1.0843193246512748,1.0835233144869543,1.0872724210084745,1.0773845729255704,0.9945851899959501,0.9888607593014035,1.0013964050810653,1.8156541273553728
29,1.3845570462953503,1.1678320557810116,1.1327834220865027,1.0748800600519266,1.0343689156617817,1.0221475772289874,1.0339231245645426,1.4475491457580143
30,1.1031220122849086,1.0735243436740014,1.0539114634864897,1.0389509146027514,1.0071576047551623,1.0037167071736715,1.0173591023630844,1.2238749500833908
31,1.2188516099596178,0.9500538944732179,0.9490244989172131,0.8985246161379127,0.8819936551682749,0.8750585183493246,0.9724983416375792,1.3051714407964172
32,1.2448906472945926,1.0364247189509928,1.033354708727027,0.9890531252428141,0.946880515182608,0.9444071338053213,1.0255622851176076,1.320764001277949
33,1.3114171595141468,1.1364757659428928,1.1318289005678435,1.1247191852095932,1.124843553196607,1.126256925050975,1.141047440986984,1.4674046298137862
34,1.2735955177941545,1.0099284763417387,1.0012761060083204,0.9864777729387836,0.964696579519203,0.9474876563384449,1.0080759520121974,1.6775166986293906
35,1.3900433218613002,1.2167028717053927,1.1763199856598123,1.149230400542213,1.1099734580414338,1.1125731351543795,1.1927024561089214,1.5154478404729266
36,1.2344402764410423,1.0920504192086593,1.0690159277740252,1.036949698508356,1.000399820357352,0.9846514164040289,1.0205170811169098,1.2925484109676133
37,0.8613627421507366,0.7992290166357822,0.8044649086102522,0.8293631849878517,0.8634263321692659,0.8811913981316395,0.9603639856749272,1.2835344225820984
38,1.3226753940593068,1.1421025917497896,1.1026699425739541,1.0679734871757895,1.0315892583310196,1.013203717085984,1.0682878350013694,1.689848569892403
39,1.2446228284467302,1.157756763317459,1.1359882102651482,1.1454951236096043,1.0631208288278,1.0494970173458287,1.0936284907503893,1.3411831753568129
40,1.389366709156837,1.1168786978540073,1.0980134795939298,1.048097470055179,1.0039441219517635,0.9909043045803441,1.054619877317152,1.372393431986483
41,1.3195386534336442,1.1979855781883646,1.1072976082660015,1.0691242116761266,1.0413184205499626,1.0281095107835116,1.0945586666456186,1.3967247202086783
42,1.165215045943917,1.081864617840578,1.0554748202804687,1.0408949911701388,1.0178248615384393,1.0153377197135054,1.0778013923673069,1.3362868508154504
43,1.3336795514256616,1.1056259073489598,1.0910632699594485,1.068737794621353,1.0620246815963708,1.0513235119389779,1.038595867452612,1.520671278997207
44,0.8689693965986119,0.8034031841876026,0.8077655452235478,0.8146887876673559,0.8165998892489865,0.8114368024847644,0.9146975035427573,1.3683918809917617
45,1.4821587522373036,1.2207072773939731,1.1499023222284719,1.1030958299600742,1.0601787062579024,1.0417230717561665,1.0536253202362216,1.6852297673442709
46,1.0911984778797488,1.075403935360839,1.0707062860728342,1.045904098242468,1.0266863556651338,1.008660429009508,1.0659385857777357,1.4117062965319898
47,1.1650590258012175,1.022656907126256,1.0198810654456154,0.9688779725086961,0.9346888284564472,0.923948976301007,0.9659291735280636,1.533460513233632
48,1.3355380853109378,1.1305519726907667,1.1592176744935134,1.1240134316208397,1.0719243400969976,1.0511340612246165,1.128437145646533,1.2450393648564329
49,1.199709103013366,1.065378218388769,1.0350193743295069,1.0085218224973806,0.9873496786659511,0.9802496078736928,1.038041788960488,1.273010812149577
50,1.3161312742577285,1.156557150967646,1.106946785253475,1.06677969004086,1.0434417852109537,1.0334907535465006,1.0660883308667302,1.7532100209432542
51,1.343171939895828,1.0293832005325076,1.0291863548175522,0.9853992754257329,0.9433104446743732,0.9374322471916549,0.966481954483126,1.407486938110128
52,1.2862819356813324,1.1834185278987537,1.1180578691325491,1.0959360707383434,1.0616869766917134,1.0435619133648164,1.119783600381874,1.341751238347644
53,0.8766904503190064,0.8139266286499707,0.8004184378073138,0.8018335688911061,0.8155859341772155,0.8094084513177938,1.0463134270652477,1.4585956823811643
54,1.4836796090258988,1.1929477530538068,1.1763075258057358,1.1165540142257597,1.076745966320641,1.065657233305228,1.1229850749802617,1.3972271141000825
55,0.756445766886369,0.7548005048147691,0.7662775565331893,0.7813849945282143,0.7901853207836406,0.8067136680465573,0.9016322764722684,1.4277153245419725
56,1.3482464227836388,1.1311890758105612,1.1225359908249797,1.0655481492214658,1.0151806540993296,0.9914889854520106,1.079047089105598,1.3840633721586773
57,0.8349486117162721,0.8070850683664634,0.8384350530862109,0.8955860310919538,0.9340230645281711,0.9506151706304293,0.9467526277317778,1.26356216481223
58,1.2421898469722277,1.078904964690692,1.0340492816940714,0.9891457222787603,0.9554429676399501,0.9453040941742102,1.029869918880153,1.30373592191366
59,1.0927213765515054,1.0227685541985456,1.0197120098826937,1.0311021080747762,1.0047786175899827,0.9844599706698417,1.018387654057483,1.303503714337896
60,1.291344779335737,1.1400486859442476,1.075487546810016,1.0086048355388098,0.9633130761790294,0.9574362534802084,1.019527723158734,1.2551032366567776
61,1.2391029029017375,1.125926147723643,1.0831302383949466,1.04647141034856,1.0161508816135854,1.0097716843317226,1.0416072828940208,1.2441967166471304
62,0.9306772266790759,0.9165987398992289,0.9135699200661676,0.8917368513351729,0.8621911617846952,0.866407008822445,0.926585309857846,1.3393898241935278
63,1.4274459738123024,1.0755635461519821,1.0582153280349735,0.993812375951807,0.9427017444779886,0.934033689993326,1.0002455313986591,1.415587468968682
64,1.2662413644837247,1.2126336790662349,1.171432061712341,1.110398957465752,1.0813367628193682,1.0492673000732835,1.0900448908801157,1.5077669980418205
65,1.4958939072413986,1.229735645854837,1.167923459518301,1.1139114890597168,1.084102269731778,1.0627378756945696,1.0909571058043657,1.6409679104566175
66,1.1559018686171914,1.1564460183439536,1.1744198700016788,1.193774146009939,1.154987507302627,1.1459652143256394,1.1710467322809732,1.7044862732917572
67,1.3838254422840832,1.2815509833565328,1.2265281898078018,1.1916053471746486,1.1421855175784013,1.1148122716600104,1.1892479501073083,1.7033624797175555
68,1.3056852993370078,1.079208013559649,1.093751678299554,1.0631932466148277,1.0348654432287923,1.035785101880122,1.1094837971205849,1.25163823326083
69,1.1812096638703888,0.9924307881938967,0.9973386689487821,0.9703857112940732,0.9928644166530266,0.9986242873131946,1.0584344625980413,1.3802890630402371
70,1.3265779444570598,1.1747173128424124,1.115596327015304,1.0857508487658611,1.061072086951807,1.0500085505246788,1.1123427789117466,1.3442300370709832
71,1.2003642226331872,1.0678255897417344,1.030847566283272,0.9969548575976429,0.9651669990194863,0.9541939041640068,0.9764988591044396,1.6189192232211504
72,1.4467647597456572,1.1061653960411066,1.1387360880557578,1.1072330097595864,1.0668596201925893,1.0473881582266944,1.040607556062819,1.5236207739249092
73,1.5895110256269134,1.1573768349856781,1.174321839140948,1.0950172075268385,1.056207972074176,1.0409493352246322,1.0945879578855924,1.4109319139483236
74,0.9647905156412375,0.9016801817044315,0.8857573353923209,0.8718563593588752,0.8893816478122714,0.9010339978062181,0.9750337160004484,1.309609092182806
75,0.6120740385716795,0.6156782701432424,0.6237564456684149,0.6500943896384941,0.681143255669007,0.6807835020584945,0.7957774949891685,1.3767182998574634
76,1.2025335901781598,1.1309766263899652,1.0888080212047861,1.086798478553865,1.078750275941962,1.040039532418831,1.0785723072133335,1.4052745391334742
77,0.773574913065709,0.7402803342405486,0.7526741040175671,0.7711085289155865,0.8039481540216958,0.8106469626318731,0.9620227925094436,1.0955210326702405
78,0.9369177771730005,0.8716185181955369,0.8711542310452854,0.8535850773575724,0.8593413587830192,0.8674014994183562,0.9337417621737903,1.2324427078474434
79,1.4335208974173184,1.1841871066488583,1.1429368974444643,1.1070347957919728,1.0693840518512807,1.0511669858837398,1.097496810193442,1.6092507718677314
80,1.546690876654532,1.2500980170772664,1.1927786350427954,1.111729973129408,1.0909072815657435,1.0856088186805195,1.1798900726128303,2.164308107789044
81,1.2652292089438084,1.166059251424819,1.12527053050249,1.0757743962692408,1.0485585584306765,1.0495272396446056,1.069142618229665,1.5099225212875615
82,1.1158214337334809,1.0580114969327818,1.0498388358410315,1.0594424300379004,1.0451308050788481,1.0213263608376153,1.0871594054274611,1.5490502235474497
83,1.2569740034889996,1.0885734539474572,1.0410796935662932,1.0102471655450416,0.9725077575062845,0.9679848383558157,1.048545982864161,1.3750046105345877
84,0.9866999442523001,0.896553475353519,0.8829646531289297,0.8633131414873505,0.8569252094664912,0.8586103731549285,0.945214451227936,1.205109618648806
85,0.9029099682956121,0.9304975792436306,0.9711585995976765,1.016693395357344,0.975385471516675,0.9565827105362815,0.9951784654145752,1.1998644708575734
86,1.260025837468576,1.0083155850472805,1.0273718524685005,0.984777511189916,0.942871709742516,0.9374362037002189,1.007840068532157,1.1442441582149483
87,1.1679068976865499,1.061822892358598,1.027717243581513,0.9825780671167537,0.9565992405667859,0.9472129433004587,0.9697326227205412,2.094892221479773
88,0.9000424880049751,0.8738293792516153,0.8979884648186047,0.9204794816516739,0.9327335441469091,0.9070610946310822,0.9558496429417942,1.2764171500698425
89,1.2214284329622118,1.0422154602415528,1.0043490001700748,0.9934170594625439,0.9977060261415329,0.9895894108583401,1.0766987268846742,1.3306031457156329
90,1.0733338246861723,0.8312033413572897,0.8229205410931394,0.7787310363890748,0.7584428503394235,0.756593108548763,0.8367493102808875,1.0602911558550452
91,1.3967403676024113,1.1951999459337004,1.139969215511921,1.0891858192443031,1.050830007177473,1.0484667903110088,1.0757186779624337,1.3716426756284408
92,1.0265545916077223,0.8990867854735558,0.8777245746569241,0.8810914156070208,0.8634433231026515,0.8549556245505777,0.9249716336444144,1.1785953785970125
93,1.2069504287666126,1.0961361364970186,1.083235486349331,1.0712089804287037,1.0349687257511317,1.0194573053129046,1.038063934787538,1.6486569909181985
94,1.2599987026933241,0.9999335828810205,0.9832860958806044,0.9227432832284452,0.8794219675004606,0.8684344885196199,0.9550262873652412,1.131181980045742
95,1.0374475121644653,0.9915670437938019,0.9826624301148206,0.9750207865756537,0.9549845110769123,0.9358661047416085,0.9920941780195816,1.535825753136688
96,1.2910289546955558,1.1628573500499133,1.1588237919018363,1.117750095870089,1.0897217055100374,1.0734485534206422,1.0764518784733277,1.4655236212171538
97,1.211086021754655,1.1327241247401376,1.156175430957275,1.1314244275492231,1.091819002292899,1.0600357960558955,1.0728042669379805,1.9933221423377585
98,1.1816549814639155,1.120184578313669,1.1064833780748997,1.0779791334970192,1.0688606635433837,1.057468025717419,1.0508541276158996,1.374145673211374
99,1.2856213993081123,1.16368668615882,1.1560911976913182,1.1266969177057382,1.1046977219728107,1.0890403625055605,1.1044476105346122,1.3629147933445518
100,1.2347833246784292,1.017236244479097,1.0186504316558462,0.9819272216309524,0.9485838966641825,0.9403566418832338,1.0726797684894664,1.3253322429878438
101,1.2305327326285915,1.119056930655604,1.0684405285550138,1.0411669702454769,1.0127268995443888,1.0026691175238311,1.0573150967680258,1.3846936760034587
102,1.2932115256562742,1.1424292178721667,1.0947274817567576,1.055936841496138,1.0166046871954018,0.9956424662165516,1.0357852733155295,1.4479746708252337
103,1.3328118806337144,1.236413076364645,1.187333402007501,1.1628529971551043,1.1264499980185443,1.1089761991367122,1.13886046077644,1.462215699900257
104,1.395526404954447,1.2670084743419727,1.3170863597675362,1.3174263664378854,1.2951207472136002,1.289745887527031,1.210605223282139,1.444117745291415
105,1.28659751461968,1.130755544735706,1.1041465263382761,1.0645464174064445,1.0189086119416422,1.0100383594537945,1.0439217069572782,1.5969918519845363
106,1.3353413942126748,1.1534603205734837,1.0987731802493865,1.0508864162971452,1.0014994328730082,0.994464197274841,1.0333783557384597,1.276281013956
107,1.0035617723266779,0.8685137638202589,0.8672109802535481,0.865236485501497,0.876332317354404,0.8860659093686389,0.9756871264317828,1.3725232535721423
108,0.9016188546581893,0.9069073578677889,0.9207513524362457,0.9449127055905855,0.9053549014846816,0.9031556265893397,0.9661015973342376,1.404939240499045
109,1.1085076627254242,1.0311814648202926,0.993985494754758,0.9764174804970475,0.963766125615522,0.9491147655173533,0.9783807073892477,1.4038544397271775
110,1.2750081113207428,1.1196464762682146,1.0864897429818279,1.0385647979617862,1.0213961158652272,1.0083816653315922,1.022689704211603,1.6239037699265917
111,1.2493792103531374,0.9979594652668318,1.007858000293205,0.958833554256129,0.9322871814752829,0.9188884784147683,0.9756403513370324,1.2916714883750786
112,1.003020167845229,0.9706575941922381,0.990581569153562,1.0254007977988768,1.0566763555865637,1.0179585334198342,1.073373670632507,1.6403840903836475
113,0.978763141683956,0.8245705948440825,0.8413767868812436,0.805125709129167,0.768649177372215,0.7618199851233687,0.8264087057902785,1.168729541512249
114,0.6490609425463906,0.6891714250991153,0.7489473972581667,0.8333837523453659,0.8761910379224165,0.8518367936326041,0.8644105193328199,1.1371523853089005
115,0.6556181076848406,0.6798387432043469,0.6879701289686286,0.709504719986676,0.7432557857808183,0.7557142041563917,0.8588929168386688,1.042660764662778
116,1.2186325694224844,1.1087135227842246,1.101501608282679,1.0860640936872041,1.0302481671874726,1.0174009038903393,1.065951637042331,2.0769498045700225
117,0.9957212635276989,0.8685857680538626,0.8999157085549844,0.9093128022020296,0.899668435643929,0.8866567338533374,0.9844266332773256,1.3792068806893412
118,0.7826852305120132,0.736422210964342,0.7250174264441164,0.7215400901121328,0.712968562591316,0.7084874953862322,0.8258031440438404,1.2809666574535896
119,1.239758492039758,1.123056494505381,1.0843767002891767,1.0612910678140584,1.0521619477515816,1.051427952241312,1.058158138160607,1.7057923194287885
120,1.5726466259347773,1.2602760598133937,1.2122160575279717,1.1626856496254419,1.1206748201746668,1.0957877481528326,1.1764851062042745,1.6272429782084452
121,1.3739986433793523,1.0657021388165933,1.0450565244348673,1.0082569692231158,0.9678835238755679,0.9602716637623976,1.0345171613431974,1.366912894254776
122,0.8968890576909166,0.8689495896346763,0.8961904903287136,0.9368538145788828,0.9564468998188115,0.9721953851520384,0.9704386652313964,1.2014874772173427
123,0.9791556377645309,0.8367749158686819,0.8454366638098211,0.8043477958536329,0.76130832816393,0.7556316885063001,0.9107958409636164,1.02538753741248
124,1.0602048852628994,0.8805352060838749,0.8452668646756711,0.8092676548786628,0.7851417529487128,0.7790098022842123,0.8066150010361884,1.1694286210227192
125,0.9093136371925031,0.9233699951498692,0.9243025967005336,0.9440843480247353,0.9524577277214769,0.9407749409700805,1.009565180382637,1.2360283797826064
126,1.3011035421980397,1.1136295285755742,1.0963717835788274,1.0467540926617227,1.002515044541331,0.9918399838584637,1.024007755726014,1.5149766837893546
127,1.2444854725296712,1.03308001120967,1.0245122374206583,0.9665191951504684,0.9444155277971652,0.933066494384764,1.0074533399790804,1.2669307682189648
128,1.2681117188283761,1.0332863633161145,1.0228290721818247,1.0076357504626452,1.0075147940231028,1.018778382773187,1.0681083665175517,1.2966211331385271
129,1.028787877519716,0.8524276782485922,0.8751189329073271,0.8448521663194212,0.8075053402381414,0.7941341201408535,0.8476414684027915,1.1052373741727577
130,1.003246939875133,0.9992855571878854,1.021039291380499,1.0525078130821706,1.0197103576679418,1.010850930746475,1.0006851641554706,1.440447438734262
131,1.2089754164408355,0.9236071472525154,0.947060124165052,0.8935913264776166,0.8602047158753098,0.8511449354729441,0.87531916472082,1.149377362086127
132,1.265568072640977,1.0378575889304014,1.0449984790483673,1.0274680523443243,1.007271425176499,1.008524336281747,1.0770723484990503,1.3532880175205
133,1.1018757227872968,1.103700907086092,1.1016746727386308,1.0943293346615675,1.0530437467817908,1.0687363871890587,1.0815453425278687,1.4912151726053902
134,1.217061239633108,1.0288907743459799,1.0178661586443343,0.9791484878304789,0.951399545706126,0.9287284734316533,1.0005083553229184,1.224671936845955
135,1.2910958759264723,1.0595709424732496,1.0703942698826288,1.0394957324437692,1.0119017630764273,1.0040994089416075,1.0163462380743349,1.3162704132948668
136,1.0438045938734586,0.9354556300302843,0.9359220651141529,0.945168946328516,0.9612476413616552,1.0000774006585817,1.084262848459694,1.5211872969710722
137,0.9988519545561646,0.9302908421963508,0.941059355136372,0.9391133949012055,0.9350452526357744,0.9239449253379477,1.01591484261889,1.3561938064602963
138,1.1247423796364442,1.0034841304496753,0.9919407430508654,0.974550922552968,0.9739909332796681,0.9674348412786623,0.9953338373475576,1.5395859724538388
139,1.4051605093692183,1.2080071487428425,1.135380985260215,1.0885028511934673,1.036879311193883,1.0198535378124896,1.058273694040175,1.3423951125912132
140,1.4743204611733431,1.0774488928662487,1.0705703288874777,0.9965836133350037,0.9595001806913038,0.9419221076431219,0.97081710594503,1.4256204810128597
141,1.0773006158905136,0.7816039454392641,0.8173851387441378,0.7659001562886003,0.7121810995037966,0.7046187008436728,0.7746061879792921,1.0066688245382798
142,0.9580785873248275,0.8890399169550398,0.8747137061792905,0.8828531621681875,0.8956798103573806,0.9133317501538416,1.0100699122110235,1.129300994491133
143,1.3930638262589636,1.1276336792766446,1.1126198143946016,1.055405607650444,1.0003451974768012,0.9831589377272527,1.111232678244689,1.3681144056823655
144,1.5541476085320272,1.1932773937723216,1.0864056775703772,1.0429448506444048,0.9821568031968819,0.9744930447391967,1.0292879664644987,1.2926168667986904
145,1.2953542069176296,1.1655892803760222,1.1204762181673007,1.0889396456792442,1.069137478765499,1.050433625323033,1.1274144715427772,1.2947786271856954
146,1.4016630613778702,1.1395672590047718,1.1284034918880836,1.0781030922418877,1.0670057296504356,1.0535516052549307,1.061882930912177,1.321605290877046
147,1.2346520959165899,1.1013942474534246,1.0809076450577608,1.0660350469292819,1.0621664805959374,1.0599502337271527,1.0647415515945695,1.4962193869252371
148,0.8430448713577616,0.8382374082134653,0.8480542236129033,0.8437959549203721,0.8626330315222003,0.8630630488794548,0.8614646837171283,1.0576479881765697
149,1.3262838323751522,1.0823512523563872,1.080252436875282,1.045160370763347,1.0237825059739933,1.010422338181201,1.088885867785384,1.2362844105592097
150,1.2206914376981841,1.1249229637785003,1.087349424149874,1.084557245319514,1.0541068009896466,1.0286614368715294,1.0652308001161426,1.3929992302127925
151,1.138888916144397,1.06555255828008,1.0329049209915322,1.031407502399298,0.9659328030074222,0.9635491900463145,1.0523291625116449,1.3251389532900462
152,0.7967659642825565,0.7352599181428803,0.7491098509794034,0.7594874650890974,0.7676723919312132,0.7623198867457612,0.8423497114259549,1.064096285268866
153,1.2642709241681125,1.0343399181522512,0.9612027916471244,0.9011023654694841,0.8642562759087371,0.8473130672156655,1.036696950296275,1.2742605257288024
154,1.214190033964165,1.0801294023605248,1.0405310917733526,1.0886320725739242,1.0749090363228109,1.0467214402193046,1.1034447107816436,1.3440214676202835
155,1.253246491986392,1.0878786752962923,1.0639463178615018,1.0389718168064201,1.0231101801161482,1.0073842663576908,1.0595431944629048,1.2821184167763071
156,1.3123872005026123,1.2115735437612745,1.207208343580644,1.1705338995380885,1.1233240487074758,1.132348166524922,1.1287831272904716,1.4253821029782574
157,1.4157952579908462,1.201786561686794,1.1604557455751012,1.1090205838271818,1.064578421024621,1.0480891848721965,1.0999363113294125,1.4744179670846214
158,1.302903391214606,1.1545707355074477,1.1088473648783073,1.0524083775934896,1.015991173055391,0.9938822007684696,1.0270991292460188,1.2488809570017316
159,1.3070293343898867,1.2016979128916365,1.1497519383661705,1.1168699531212767,1.0517669729168473,1.0269362362926786,1.1027093785049715,1.4346290872000014
160,1.256344506578206,0.9994551140241092,0.9717679246750985,0.9268876277957436,0.889888570399269,0.8803970630911517,0.9214458068213044,1.2145407937878734
161,1.3311289609537336,1.1674399811823175,1.1256274229192693,1.0858805471778779,1.0485264670800891,1.0197925900648406,1.055923538189521,1.432464843430485
162,1.0265942058261923,1.0342034529979969,1.0250443019208697,1.0392408799932396,1.0417251609248732,1.0253748943275174,1.0927245706805506,1.3899017591307854
163,1.1253837312270873,1.0738051271318196,1.0578531466124328,1.0473244897102683,1.0219334179660335,1.02836235547452,1.0603790093447198,1.446016751203881
164,1.1179607903471451,1.0543173090875946,1.0511405478492604,1.0993872888287204,1.0857998363749488,1.0933834466819436,1.1501847818430109,1.8249760944321352
165,1.2997292300149499,1.1606709831810027,1.1391085002431771,1.1094659076034008,1.0761446136089088,1.0602144265410212,1.1080421117782555,1.4306780886020614
166,1.0595532310121378,1.0363131431671038,1.0215854755756861,1.0057152376539666,0.977285652487736,0.9608465519356075,1.058532493819188,1.240044371989981
167,1.353420011416715,1.1566712609427727,1.1173610677810575,1.0748226026942593,1.0526580880863396,1.0414689094451608,1.088140277524053,1.3855561689002185
168,1.1108050732711185,1.0702762590716492,1.099804021054471,1.1209773715214417,1.0959919773452294,1.0663353508621407,1.099999697398042,1.3374727085328508
169,0.6943925899092201,0.6864564859456753,0.7098817157971311,0.7307742585415986,0.781746109912079,0.8168183069725167,0.9918475635810106,1.1064907124775532
170,1.2516981912647522,1.120982022374651,1.0964550057177187,1.0576112686132717,1.0214503090593463,1.0111595239117166,1.0852252308297303,1.338874236159968
171,1.1389225097680318,1.087312860400924,1.0729255891013503,1.080263026976805,1.055266866927198,1.0438088506009935,1.0713509901163367,1.415867234925289
172,0.6958098225765711,0.66362992711953,0.6743189077926516,0.7034102639461817,0.7273120906870485,0.7084275527164902,0.7805013360273637,0.9798451867373084
173,1.2805187904395738,1.1171197453137007,1.072973902447681,1.0229814777496213,0.9913170140388031,0.9738510781020562,1.0342254069344767,1.5629424451512832
174,1.259711742260382,1.0461670653514843,1.0203320868347399,0.9625984900969227,0.924499488345291,0.9103453353992181,0.932656100149473,1.2654753570906956
175,0.9894232399699631,0.9856296660782675,1.0058313274157467,1.0187980713253233,1.0225402708423947,1.0048906871866221,1.0114655423178007,1.3164199821858025
176,0.7830446957090431,0.790277886006874,0.8200669982407189,0.8653007418353026,0.8575093701585852,0.8400464031862359,0.9274257782559084,1.1298486460910362
177,1.010806832783472,0.9880863193752035,1.0100477577205975,1.0289456158930368,1.0407244268700582,1.0248051915505711,1.024231037597099,1.3380859051855862
178,1.0813404526222596,1.0563155698848823,1.0378024436129216,1.0229712842725773,0.9894676385185929,0.9898753529015115,1.0438353857884584,1.335557099351292
179,1.136545053961205,1.0231404970325668,1.0311594088355525,0.9811444131685223,0.9631859461851722,0.9431957151105664,1.020454241154957,1.5309633978892263
180,0.8484693955168393,0.8409983356020644,0.8458310977393418,0.8543758535306839,0.8364164312266318,0.8404611555845085,0.9125738741426342,1.326008035064045
181,1.1972431294941628,0.868930349409113,0.9109346771390766,0.8582452581707921,0.8215053711000118,0.8036015730124433,0.9789935175936536,1.1263374205188752
182,1.3801129010871669,1.077601567408699,1.0422725758219167,0.9934316425074835,0.9683206861746113,0.9559035576519957,1.0041552318706102,1.382414296570675
183,1.2608233687373314,1.1193066564008503,1.1120666429215658,1.0882116057602158,1.0436010292688336,1.028602051527153,1.1003147060769929,1.7856803728864088
184,1.1493749914178073,0.9490938629104096,0.925363974890408,0.8937551939408914,0.8580798139804235,0.8477639894365147,0.891426196381114,1.260873038407064
185,0.9140832366539379,0.904928484534278,0.9138127876813985,0.9486577435447592,0.978815880492186,0.9705852375854759,1.0010581630862858,1.2761224004101357
186,1.3007642797352617,1.1092171476470498,1.1028050711836608,1.05357123813151,1.013765435484014,1.0058255207670843,1.0489162365194469,1.3824704895176438
187,1.2898170557159812,1.1465648483622097,1.0971733810412514,1.063578999444542,1.0292829817219853,1.0197937621586568,1.0450013204367825,1.8681054286364775
188,0.6829330470470735,0.6437094938473255,0.6390041304795906,0.665998072680018,0.7188195609176862,0.7623785691526384,0.8749224079147548,1.0229302228712407
189,1.2890507698485,1.162540972072294,1.1316583568413565,1.0855073673857871,1.0400755383923632,1.0266919828277024,1.0518915297968845,1.31665378566298
190,0.9328410758205499,0.9224759998559319,0.9436699419237673,0.9796764299290641,0.9991944175880336,1.0012688077277885,1.0290023428394668,1.3797264096264632
191,1.1430798655599734,1.0464927390643994,1.0293872164771616,0.9900356717990613,0.9541119160481886,0.9421721791795836,1.00984018654901,1.7278110679129282
192,1.2097200248202313,1.1295659954113986,1.0820152600304334,1.0590172819416153,1.0403426889290563,1.0184479199161485,1.0460964001298008,1.5166449991563835
193,0.8253175490250214,0.7857677324710552,0.798415125178778,0.8358465650076389,0.8592624199089147,0.850808871163252,0.9323310546425996,1.6347618974431075
194,1.2147673197971995,1.1345208965817761,1.0905358532719551,1.066858459805646,1.0404815770497369,1.0333336537012403,1.0896749509931916,1.3962678857541422
195,0.7184733079406352,0.6728085405322111,0.6755476576620991,0.7002476605044576,0.7284653282993248,0.7500365887208624,0.8301205733540216,1.147988297012096
196,1.0224681911687588,0.9951618788971012,1.0156169499564265,1.01337215294302,1.0551666135546502,1.0797065789241411,1.0249848172873086,1.270846288036959
197,0.8908886685389008,0.7975783944298417,0.7932899733529195,0.7974387799759487,0.8220618022308397,0.8176270585122464,0.845795638864049,1.6259210543250275
198,1.0684744671544713,1.108404727935766,1.129868119847477,1.1064571633412519,1.0537614760695444,1.0583362478511498,1.0872478935542482,1.4768835823791289
199,1.2516201314526738,1.1024155645298097,1.053333593735686,1.047491924083476,1.0300877080946815,1.03007525204234,1.0610708303498126,1.2930239514047042
200,1.3108116372743925,1.1032966057197653,1.0713223528679978,0.9980590220321276,0.9546122509911251,0.9493434536771632,1.0521573749777706,1.555256980169575
201,1.3756049643602188,1.2081142656785255,1.2195329212921675,1.1655441354013074,1.1208670148496942,1.0989380686371926,1.1869639720429652,1.390121427427024
202,1.1171300325428275,0.8944152620314364,0.9102940686177717,0.8684372921998468,0.8436620068104551,0.8292604695926367,0.8939797808047396,1.6901931580517475
203,1.244103818541028,1.1084695859082874,1.1069167126762327,1.102563064050835,1.0479469099448369,1.0255669960171296,1.0415218887971416,1.7478017252103129
204,1.2590226897145067,0.9717162059529689,0.9690113750799035,0.9248655364283246,0.8907420014706151,0.8797538087261471,0.944836744126654,1.3617561456912022
205,1.3328339260050142,1.182150227902064,1.1430951323336942,1.0865292302989296,1.0361469630518427,1.0127345525785594,1.0442974042291562,1.361189080453528
206,1.4095327725306819,1.0334958145614905,1.0638618296888043,0.9944679348963149,0.940368520675583,0.9210556955241047,1.0237090142121616,1.4421913499423218
207,1.3316751226805101,1.0433588754348266,1.002463885935585,0.9494350966987076,0.9113509758515836,0.9000715469773289,0.9774248969803412,1.326762971548323
208,1.3891229328998733,1.150539489152463,1.0721835948700154,1.035409246743927,0.9891586581914594,0.9864504778456779,1.0202813419378447,1.3227433335679075
209,1.3046009126911957,1.1304144437032155,1.0943740187561206,1.0599808768342718,1.0362072326367593,1.0157649482571445,1.0457444125660655,1.4786686647227834
210,1.2974554492334571,1.119936652115393,1.0669943630627954,1.0308823273954772,0.9987360077701964,0.9884431142429468,1.0303486740646912,1.641896790692519
211,0.7751030031711932,0.6612944535594141,0.6682609588474159,0.6425964367219951,0.6273304008992201,0.6309338995175288,0.7159770254126048,1.26525376264008
212,1.1518706807349777,1.1200018961558225,1.108459883106762,1.0781444725737008,1.0454262222930963,1.0515599706304009,1.1117265343579537,1.4560026827312045
213,1.2984168822091944,1.146120117477799,1.12643617500941,1.0805463162727222,1.0543924588538358,1.0676641872593597,1.1209833924461168,1.5382438515217782
214,1.3372720109192173,1.1999189374989703,1.1659465746456,1.1643499827663353,1.1465998351178137,1.128857694087674,1.139871269144557,1.3535079337517524
215,1.2533768614108354,1.011035576109757,1.0331079912901722,1.0010449492912565,0.9684149892987169,0.9577497105077766,0.9677768919390742,1.737460893189505
216,1.3747529048022489,1.1058616356950461,1.102097867330208,1.0993051013274369,1.0725093955630394,1.065554830998436,1.1130607594474424,1.4113494028689104
217,1.6442088953183214,1.4338459677008346,1.3655976900308109,1.3095897445105646,1.3012261041695128,1.2585462791559994,1.265751514205289,1.7879723865026194
218,1.0819183829545682,1.0164756474509946,1.0187218223349943,1.002584684348618,1.0172838195461322,1.009846445135589,1.0417583753431137,1.425557155272715
219,1.0205139444761355,0.9747152293969246,0.9731907300555082,0.9823834660367006,0.9802687263642612,0.9974350763132579,0.9933531998201768,1.4543285763623297
220,1.464338777449074,1.0673869570193433,1.0171843906177687,0.9528089074254468,0.8990331120138522,0.8872027158850008,0.9583719034832962,1.2973006407505023
221,1.2816045950360373,1.0474934216585643,1.0105964361721442,0.958642592038613,0.9254009074575852,0.9181290831111893,1.0042367988126513,1.3258083863372352
222,1.386985373802097,1.1714685839501948,1.161587581170067,1.1120172449779657,1.0671934036360384,1.0457069060027897,1.0945109584577626,1.4836006856119937
223,1.1552178443336578,0.9423829862836909,0.9289597883763261,0.9054285921735783,0.8793271024383075,0.8786722376449684,1.0618803867102984,1.0864971743064042
224,1.177479853159593,1.1167841573541457,1.08513278177117,1.0590415345305544,1.0529969718719059,1.058633792881122,1.051784001301682,1.738603726805218
225,0.9758247045649091,0.9218407082533734,0.945833806109559,0.9787471711285951,0.9955305108726165,0.9483578195233799,0.9793094587607628,1.679224497218394
226,1.0740733169073933,0.8768983165302959,0.8752162669012927,0.8441990737658198,0.8275659681944187,0.8119931471462839,0.9336603367973664,1.2033569160937687
227,1.306352851826503,1.1719299816930229,1.121646716561309,1.075916587247114,1.0297241928881584,1.007758441321762,1.0936023338825245,1.5719200599010277
228,0.7745912650155341,0.6421722655453557,0.6625924030685405,0.6331378117945102,0.605554497486144,0.5946070920712969,0.7027864489864035,1.0096981004175063
229,1.3176233931067207,1.1402804308816386,1.1199352101009676,1.0756118232123695,1.048157135048413,1.052533159138327,1.07998332200659,1.6428067339644534
230,1.5859546448205355,1.2154961366461212,1.2077022304255902,1.1420099640568009,1.0867321556167893,1.0681469078035004,1.108533812250009,1.6214666052525075
231,1.2020190037027112,1.1318242592656766,1.110839674695415,1.1131322471588487,1.0721045013487183,1.0506849426505946,1.0518886023975784,1.4783750687776926
232,1.1812801678241724,0.9877717049411656,0.9697396853567095,0.9090980378487931,0.8760928362607583,0.8654055770299948,0.9731645459357362,1.198949497620265
233,1.225970987556603,1.1461056408921984,1.126137411228687,1.09461163976867,1.0501697198426774,1.0364100870394723,1.0785606804793175,1.328544443344012
234,1.2341503285242152,1.158003315726902,1.1048050616252838,1.0543231554593,1.0457420240259934,1.050221506261991,1.092029673563958,1.4391556878919212
235,1.2160780447048258,1.1303916202624462,1.0805001742508633,1.0369835788074444,1.0219474444772112,1.0224824956514276,1.0491129417704783,1.6730850054558164
236,0.947669230251933,0.9038235586392889,0.901619372096925,0.9293996653034221,0.9703530734962882,1.026821711585805,1.1411796419432132,1.2844366638498343
237,1.1616397378509025,1.0715760337013578,1.102712642603423,1.1613156437078007,1.221019290817146,1.2291033154987714,1.1070792001600245,1.564052553529767
238,1.3413090488615318,1.1426439542956486,1.0981969441223218,1.0795069251219043,1.0351512554413733,1.0323814470648756,1.0977679523053316,1.4515421257632612
239,1.023224785442382,1.001103127874803,1.014328031346412,1.0546103135891953,1.0419844659131838,1.0271030973907025,1.0574611609729812,1.3581848484131382
240,1.1790610557009509,1.1253905486261773,1.090736568995735,1.0857978099998356,1.0291236404626927,0.9973234687462018,1.0668155524710603,1.5077918255546725
241,1.2075517125801634,1.0465062448670726,1.0242918815404465,1.011328536752394,1.0072567182722996,1.023836156986764,1.064429049557151,1.5034186535819218
242,1.10905655736095,1.0575932355924726,1.0487150776189889,1.0076070577410854,1.0174949898169374,1.0078743386518116,1.0422482565816051,1.2792183601879867
243,1.2962250124035308,1.1934031876922628,1.1620639633120908,1.1131304719612491,1.0839711279186424,1.0675598848093433,1.121078449406999,1.3492182043908392
244,1.3379927486270204,1.023705452627042,1.02217193557797,0.962878143751549,0.9259140845351865,0.9167420012631275,0.947533626250012,1.5680467867723835
245,1.131109366282475,1.0820530160576698,1.0433100277318248,1.0049032605925103,0.9735456944132873,0.9710707563828248,1.0280893783949765,1.3144279535931702
246,1.32059533605881,1.0202352224829743,0.9965364031989573,0.9408688273763756,0.9043929042098271,0.8966677511035097,0.923676867283402,1.2074880072060608
247,1.2795298468445533,1.2085136970530281,1.1540498961877872,1.1365475292566118,1.0895788859344417,1.0480353495202461,1.1163001266673576,1.794807431296665
248,1.2452994925721717,1.105342263654496,1.0421213227274475,1.0132931550432365,0.9929376267870061,0.9879109364082875,1.0333718464402952,1.2636175021425538
249,1.0448294520174697,1.011565620725191,1.0350083887789197,1.0253073272641269,0.9969725514626347,0.9733841842459542,1.0292820649126784,1.3070267500692605
250,1.2358270256342219,1.0364233808730223,1.0154495958551972,0.9876079456778952,0.94959893919835,0.9341093278712461,1.0256481169724492,1.4996953969206357
251,1.317421341915282,1.1046386510924617,1.0667538247894741,1.0361539139894038,1.0044093764006927,0.9810965957621001,1.0569918285085007,1.3369637794237854
252,1.1589228142559496,1.0382192344484424,1.0194565595622924,1.0039308660229609,0.9964034248762625,0.9677083901251138,1.0286764136225257,1.4906635655594644
253,1.4130030489333192,1.1373639879527724,1.0899577603625434,1.0570449216797588,1.002423835916985,0.9924514406072877,1.089206920348334,1.5865633013263096
254,1.289050785053545,1.0999003717321783,1.0731204681672,1.02075539095936,0.9877790109525947,0.9725739941142062,1.054479480618502,1.186777931224631
255,1.3111001230624664,1.158397090815104,1.1200671705573948,1.1083538533379058,1.0646259877555577,1.0387901134924342,1.083886765099444,1.3407733187439757
256,1.0593834513863911,0.8176560060243959,0.8417781710781695,0.7979723022664373,0.7737378194165428,0.7670888665267915,0.9096461935519674,1.062958248584856
257,1.4222047019641875,1.2270286282784921,1.163807032731148,1.1338632220828806,1.0885667777238242,1.0754126091630452,1.1159371464620278,1.962221679380828
258,1.4030256104283414,1.1152937256845568,1.096360831832383,1.043125175830799,1.0214389989048047,1.0093614726781535,1.031985768435797,1.5548793993085253
259,1.1429638201454075,1.0113865257893815,1.0104966514072895,0.9880299017656429,1.0335293269152046,1.0430322004555772,1.0312694424048592,1.4846214935772923
260,1.035461921343993,1.0557410330824468,1.06079588010576,1.0685532307491885,1.0462526058996848,1.0549692085355524,1.0296657125624658,1.4354466475226593
261,0.7869602397368229,0.757345617540119,0.7442055928098543,0.739872845124025,0.76699565724874,0.7972113211959865,0.8913681187821395,1.2518864225346862
262,1.4967300847939708,1.2814909802958885,1.2535399838054202,1.1910752463453382,1.1663725261511235,1.1491475316635398,1.1906755434021583,1.688877824031415
263,1.244456252672674,1.1417542995766454,1.1199891461732527,1.1011442629042338,1.0434441877823726,1.0331185463445427,1.0421471264034678,1.7072115060682085
264,1.3996846614751208,1.0669255249531593,1.002884802087803,0.9621193739136769,0.9422833433294254,0.9226543052472176,0.9571334542484772,1.7416255321909742
265,1.3268256341931244,1.1444486484189746,1.0646235330037086,0.9985352736392703,0.9848386691259011,0.981650119258964,1.0272839647982444,1.6128773057512482
266,1.300605424105464,1.102509964605815,1.0758894700549704,1.0162033150041503,0.9869184069469223,0.9754333236977185,1.038689784685486,1.2589471780067405
267,0.9470836285239775,0.8525378926920925,0.80385718306646,0.769958671799148,0.7489412169894406,0.7755160864248912,0.8495538906405159,1.0638944025556074
268,1.2380459022455714,1.132611573426482,1.1179958260028364,1.1225211753069615,1.0831413369685647,1.053086169294871,1.0643169998091198,1.6172138719608946
269,1.247855628409428,1.1323116157075495,1.1010012696032234,1.0833836761529785,1.0576837271838735,1.0436393565026076,1.0563002448578274,1.4562649527946334
270,1.0242415554967945,1.0133668393921025,0.9952316406033195,0.9781821554188436,0.9720783931866426,0.9563856267136928,1.0096596621783926,1.3122922630096567
271,0.8182648957455567,0.7993868488782045,0.811286213442117,0.8471156703559813,0.8782623771965076,0.8698709307404713,0.9622882309086432,1.084748749848147
272,1.1393327066574856,0.9623925549135656,0.914785167550947,0.8723959901864793,0.8400736950714112,0.8291490370717851,0.8822539198699445,1.3707458692362366
273,1.2071546332359842,1.0313779958337776,0.9921138544130799,0.9367860765300204,0.9094803369666037,0.9001003076385585,0.9422602897566752,1.142201404693009
274,1.1611538601981701,1.0702815659421632,1.0450249306859938,1.0170429987169134,0.9905201593672212,0.9790808535473531,1.0138901969346568,1.3768639408454175
275,0.8068618871122787,0.7793496690897029,0.8123519311540494,0.8913146012794844,0.9643494606875573,0.9666288673377897,1.0465060356452047,1.392601944437334
276,1.4074736493520426,1.3067937029305323,1.2753529622173452,1.268636230839357,1.2026844395157659,1.1871164154581142,1.265447847014225,1.7740760205498411
277,0.9873487031737188,0.9132235883391485,0.8980601817933752,0.878986362904158,0.8685415454128107,0.854539397416206,0.9690922355098096,1.4507012183705152
278,0.9803481794787429,0.945471607852298,0.9641428518403632,0.9793174707979873,0.9814278078715193,0.982783395306801,0.9594217161967796,1.2430667561618531
279,1.185814711560594,0.9846793424376129,0.9955584431967476,0.9574218191531383,0.9363558259425941,0.9226948335518078,0.9452474541596168,1.2610904344983591
280,1.2805951805446742,1.1136088106241473,1.0607369344474293,1.01843007649229,0.9898002123473955,0.9712961008999464,1.0070847114488903,1.5719836273860002
281,0.7702476768253051,0.7185924846235614,0.6890820924821257,0.6887749170842316,0.7099615180337991,0.7110004433288598,0.7893504810466919,1.0994055051604277
282,1.3023853341039757,1.067501506512075,1.051980508083415,1.0122106298456903,0.9737008299493342,0.961483993201229,0.9980978806420288,1.578685645850307
283,0.8724092207760954,0.8227388577432491,0.8269177862760427,0.8331069464318909,0.8429889318504695,0.8415887676319526,0.935240477898,1.2722435772669631
284,1.3097782800953812,1.069298742341781,1.0268947653522567,0.9843732834720786,0.9616378132808973,0.9506992245229459,1.035828084313957,1.353818823307582
285,1.1888608870456963,0.934535196252161,0.9230219862433567,0.8665124377161508,0.8235831376033369,0.8057017870135279,0.9190307054084096,1.1310253545492222
286,1.1870851097744108,1.036341120805995,1.0458741194246217,1.0158013951747449,0.9436051579242163,0.9438945726214807,0.9697501733942216,1.335747546191609
287,1.1806801300037568,1.0593071395502598,1.0658384824531941,1.045459834704358,1.0080738199636892,1.0078617437071589,1.0963515563316402,1.295969487982753
288,1.2043788539850924,1.1430805118694036,1.1251040466464362,1.1245281715243611,1.0963665589390441,1.0792253530561673,1.145732402210503,1.5209501148529645
289,1.3011145073001298,1.0349961470950184,1.0488712083940546,1.0070835328025087,0.9641321955118272,0.9449317572405185,0.9668724522904376,1.3950222343123968
290,1.2188532842093405,1.1658335243829976,1.1265689094138727,1.0917904522725412,1.0361610554263974,1.0288863535678587,1.1261622796909838,1.4085348681909478
291,1.2783693163825185,1.1917417106113117,1.1354394199163973,1.1148323665172148,1.0939570473028841,1.0789999663956782,1.09479579446472,1.3933925524694448
292,1.322174999864833,1.1206325160088195,1.1143968589825348,1.0887275210956922,1.0558497171595782,1.0539377758561927,1.0506751363612847,1.8554519135319785
293,1.1556155057799966,1.0064610365707958,0.9810199372988304,0.9531756959593095,0.9234498177679634,0.913694546786242,0.97020798784289,1.2461529323622076
294,1.2551058584508223,0.9774716474964809,0.9655096919154764,0.9171790498184678,0.8929710668007846,0.8810222871364434,0.9310510423132948,1.3028730726771227
295,0.9072818284719544,0.9088798278715077,0.9266029293240161,0.9470057237451749,0.8889173438418938,0.8804683552430689,0.9352588334416528,1.1707303893137868
296,1.2175353792154615,1.016167953192765,1.001011109672915,0.9411010304384794,0.9186137861684048,0.9098501084919833,1.0616834176701229,1.1684687995238363
297,0.7831894062607169,0.7291092467437966,0.731969222435241,0.7583990556386789,0.7985979214627692,0.8396793383916296,0.9959575465612333,1.2495314125550807
298,1.2855197483506702,1.0921373881173035,1.0542235709743946,1.010526914574078,0.9657763653076017,0.9593556987453712,0.998848829522382,1.3041054247075636
299,1.3984905203535896,1.1521096562247748,1.1457684069434655,1.0816409594584941,1.0366431581975848,1.0217897792181196,1.0812039811923482,1.3964540199517308
300,1.4310289768187492,1.2198799298147294,1.1516373080771913,1.0930087000743973,1.0536936381438764,1.039349349597954,1.0586652310070677,1.5355588235686
301,1.008712923795704,0.8045331842918058,0.8309312161326418,0.7833603793713995,0.7563093409590034,0.7460914778396717,0.8517165819810221,1.1054315971155726
302,1.1118219332162487,0.9807591613534888,0.9873418091509899,0.9884896801169771,0.9898408753415315,0.992684007106509,1.022657713392649,1.4236044788818136
303,0.8063195910721613,0.7685913888377706,0.7877271205046997,0.8161578956487606,0.8762600191402653,0.8952387568853769,0.9286049676083,0.9729080326564472
304,1.279989269025409,1.071083043937702,1.0929351549328201,1.048398664995596,1.0242107536782958,1.0062051780327466,1.103403573994151,1.3691889537033417
305,1.3895653209869792,1.2490414298659636,1.19546449543803,1.1551607672136328,1.1006809831598106,1.0670105882327967,1.0837650190982249,1.5229188308042072
306,1.3978217561458783,1.2947231771271517,1.241505602405243,1.20111382867847,1.1583151669016412,1.128686879819535,1.1805739084818547,1.413577068023581
307,0.8421395143392905,0.8031220707366048,0.8026243300191479,0.8160129018495859,0.8617073321445219,0.9130464711545436,1.0107478368938354,1.0034565648654932
308,1.3549409925134608,1.1864790490604773,1.1788488891416455,1.192265731112907,1.178726597781636,1.1762142752852613,1.196124713805502,1.5977157930169872
309,1.1755500554358915,1.1483878022601535,1.1055380339240857,1.0857897033907151,1.0691723045967585,1.0690615678750992,1.0868751333997586,1.4527598382091491
310,1.154756491258844,0.9282105487110222,0.9390662642668881,0.8932371755331665,0.8584638835387234,0.8555133401158764,0.91170653512037,1.1781677575527494
311,1.0619501848874697,1.0627756183518655,1.0562042604978594,1.0106174231560725,0.9376566653882152,0.9337116661123486,0.9602813708347008,1.288936497162846
312,1.1834272626521116,1.0074287549017116,1.0164850432833532,0.9865292263985169,0.9560158549180474,0.9431953605569763,0.977050289673138,1.345252964811944
313,1.1680425435844684,0.9668232326033465,0.9590442853536628,0.9001654626071663,0.8681677244350318,0.8473064622318981,0.8944603267128436,1.28941809753968
314,1.0296771821936053,0.8803102580378889,0.8880399407292928,0.8815944381693893,0.8941733561107971,0.8844726407519921,0.9459653377088582,1.6146197106752385
315,1.0169579287540298,0.9851535832099131,0.9977210128367188,1.020870137677035,0.9846120250537976,0.9781523722098457,0.9967216266078656,1.207031804278471
316,1.378402349385371,1.2372903332059797,1.1946080435951383,1.1835292296060063,1.1546475623151926,1.1459816871160136,1.1549044709541183,1.4429568620901454
317,1.01510361194329,1.0084226213409546,1.0135179043674873,1.0096756881935935,0.9880338022817716,0.9795072213040893,0.9928971609189936,1.4171263514174848
318,1.3468936867494696,1.127162943184819,1.139103981687624,1.1431972606514635,1.1038938476852096,1.0836541160654842,1.1114401630313098,1.4628269383613373
319,0.8791502258863095,0.8057372988125805,0.817890916833754,0.8567330448192689,0.9459616682188584,0.9832095867030708,1.131287635812365,1.1839645279992546
320,1.0080708179848257,0.9939001301775021,1.005750949440391,1.0097774057734727,1.0064811207056932,0.9865633489317648,0.965619021303476,1.236357148396043
321,1.4722546637898877,1.1890906358240554,1.1530058413975783,1.1074774279887365,1.0620959488046808,1.0411669109131156,1.0895862512519787,1.4917573447319763
322,1.2349054965032624,1.0361367833920405,1.0200645832644573,0.9851752069807738,0.9470478858316712,0.9390046735572423,1.0306626051124708,1.3281503049087573
323,1.7288707235219105,1.1872415734413484,1.1389687541232796,1.060536662586967,0.9881434289411902,0.9731486952978248,1.0011581999377466,1.204716563752492
324,0.8262264515786867,0.8297888917275914,0.8688239388711476,0.8881849280964528,0.8872081188516943,0.8868261795030052,0.9386504781164018,1.0643974194210626
325,1.2693882670237764,1.1750174124176036,1.1143012848283298,1.0912652473055262,1.0654034104293515,1.0503837990283977,1.11832951301623,1.4452308439388069
326,1.2272434995817334,1.128248551921824,1.1122315404554604,1.0643757735701702,1.0401465702779984,1.0353480035909026,1.0711666550953935,1.4132083399602675
327,1.1436759419928972,1.0349672080126031,1.0039698738219662,0.9580920911177266,0.9187007102007104,0.9109306081006707,0.9419070910519562,1.1931657977797556
328,1.0814148747566514,0.8615833032872398,0.8617005823204468,0.8284539343017545,0.7988111577054168,0.7892568194530317,0.8276471139939737,1.187950814786263
329,1.1344666886449708,0.908949179570932,0.9207239296134901,0.8727794454828832,0.8445342827227919,0.8342548738874608,0.8846809880385428,1.0416441885533658
330,1.3796185787367248,1.176942114009641,1.1500521859603632,1.0994305273548552,1.072884060818693,1.0547018986358443,1.0926380725168787,1.645207649441252
331,0.9366206652392216,0.9760374242108045,0.9963811997194999,1.0021844050157112,0.979794652147018,0.9822039829190444,1.0080171951498589,1.5247848294997317
332,1.2365634532198155,1.0359201935385347,1.0049409746627715,0.9901192343064021,0.9946619600680393,0.9885749708033061,1.0095297875660034,1.3696885168004138
333,1.5726736110875827,1.2420802351956872,1.188521524555824,1.1298566225641657,1.1107876169300486,1.095056766470428,1.117133302286091,1.6550348287826109
334,1.2760298064600741,1.104757804470146,1.070121227684119,1.0765197347288777,1.063663307625723,1.062373902347512,1.0716618549287602,1.6643362856263233
335,0.7540800677963606,0.770777473223267,0.8060437315983916,0.8246832870623447,0.8052738182204437,0.8165564001514116,0.8919671035720785,1.5827872074962972
336,1.222209510375507,1.0989801907432835,1.0707300791658299,1.0017846018835093,0.9641609634121338,0.9539717792612873,1.0457283289193484,1.37353018392591
337,0.9298500271313674,0.8220202206825612,0.8303206623500622,0.8319538830098172,0.8394383668629747,0.8551868272674678,0.918186791137743,1.268440389153729
338,1.160900758316601,1.0289559544410107,1.0148399854170664,0.9754622547984787,0.9544874431541477,0.9471544100282492,0.9929909685709968,1.270412890678337
339,1.1408739141838298,1.0036149870583448,0.9959386093744594,0.9786825096793225,0.9488071481730139,0.9411105852887425,0.9926029426638386,1.4692174863061738
340,0.9889204095547828,0.9763024627289294,0.9780006716927766,0.9758268475681219,0.9609775967510454,0.9498008955645931,1.0234503673283346,1.2965123887833272
341,1.1078221123281096,0.9913467886625932,0.9761731076668048,0.9234838920275278,0.8871343955109613,0.8677959990309513,0.955680693479796,1.2835745667661351
342,1.4158263694264854,1.152828579617293,1.1397459169677846,1.0956485986967632,1.059787138504844,1.046445382127884,1.0862166067959746,1.560323471910113
343,1.1257045859783223,1.0695695529504679,1.0589782244745265,1.0615256918245877,1.0291524129501222,1.0158833357684556,1.0549788434779357,1.3653299335070843
344,0.7732407966817016,0.7998198558738644,0.8390783322034204,0.8703069373279873,0.8542432773442841,0.8657104750919774,0.8639205344646157,1.1178613655150458
345,1.2809299918702393,1.1001922800469877,1.1058234725442502,1.063396933997002,1.0273082237994138,1.009989271042956,1.039992374625332,1.4828423400053756
346,1.299366922855737,1.110306508778638,1.0640422003156165,1.011356324519386,0.9764728655532121,0.9704118887160251,1.0152986860422035,1.3355451286371975
347,1.0999020050697765,1.0875912324037316,1.115495842538661,1.143242869598894,1.101552252748138,1.0732509492647542,1.0458010370587365,1.6789393035637457
348,0.9978546513407389,0.929401428030515,0.926730823608209,0.9389709770329885,0.9121192696500707,0.9014193479007984,1.0620217619195391,1.2806048701069506
349,1.364761891502233,1.1288424493087919,1.0530221856229955,1.0066715061351883,0.9732342690612831,0.9754600113000856,1.0256458338089482,1.3736495082059543
350,1.2421886273956615,1.0731766706318768,1.0397155234391513,1.0292988628164115,0.9996850370967645,0.9983257144003633,1.033443072993253,1.3016640434127695
351,1.3069603742109388,1.2129085145943639,1.1723218090246055,1.1736690149713211,1.1603240878440622,1.1293678334915758,1.1605661483213958,1.7707366826589614
352,1.0586230207096852,0.9366821498152226,0.9246279017853518,0.8872694064005678,0.864810456689665,0.8499674230571379,0.9219116401167834,1.4093736839825484
353,1.056225515474281,1.0782288157185187,1.0877689839987186,1.084660156109597,1.0849445708323493,1.0697978049318615,1.0882261217555178,1.6149980023791022
354,1.1738309857382752,1.0558006904980735,1.0345824348581347,1.0304632368414608,1.0596466833794158,1.0611643180900736,1.0966547463827252,1.5343119075631173
355,1.353637356403508,1.211788762595131,1.1875740446350873,1.1371417320604684,1.1142566223282908,1.0916451468448014,1.1766329471911754,1.3622205943851966
356,0.686091745989365,0.6500423489638153,0.6449646231317131,0.6836736351920377,0.7523233587854509,0.7686240115685617,0.8409436881692076,1.116194520203476
357,1.0928680407643938,0.9251190866171152,0.8855012864015911,0.860726231526451,0.8291074555749743,0.823830694856417,0.8526106075850564,1.4273795968999343
358,1.1825900047782774,0.993454053491475,0.9591800525186331,0.9230731314037265,0.8994798440645602,0.8875892362227149,0.9754285698668324,1.6332895175221314
359,1.450591756438789,1.0504820763443072,1.0891561721220013,1.0238076236803115,1.0019960405276713,0.9873373662289506,1.0413533706557163,1.5837358424330017
360,1.3797933383501004,1.1002371307509662,1.033823264810852,0.987681470356102,0.9556811738116628,0.9421857446827092,1.0244032945057937,1.3487551712770982
361,0.953729222464055,0.8974549765938645,0.9075177987682833,0.9378197379368018,0.9424673829159097,0.9455432585431859,0.9398397000262148,1.2229646496796314
362,1.2383798864688158,0.8640915069926579,0.9022262772976591,0.8467883760284047,0.7901353529344489,0.7839945886417832,0.8764066421026885,1.291943841271224
363,1.2767701409505323,1.1469086362413226,1.090615766633975,1.0416047245362878,1.0143439496763589,0.9939948389583878,1.0310014781035968,1.4360513680985765
364,0.9185250428433563,0.8940991187772422,0.90155347587462,0.9333116761558667,0.9211283490127669,0.9227521837005985,0.9777556773377696,1.1729220013660568
365,1.0756374299039182,0.8398907809741109,0.8764956211850555,0.8206500207360673,0.7915931156072324,0.7837835602435455,0.8829156663836542,1.145890876235817
366,1.3285835296579294,1.1275217868487681,1.1061596806260665,1.0466053918992766,1.0199332649859751,1.0156847402761553,1.0588598355422554,1.4592750638719605
367,0.9537770404546237,0.9497710698690591,0.9786182704663832,0.9974487092620583,0.9509066432381501,0.9420506281349563,0.9903355139643492,1.3266362966752636
368,1.2059453260372055,1.09561978895128,1.052651377435021,1.0637084687952567,1.0403331567266674,1.0307988429194566,1.1234483322249973,1.465210047545701
369,0.9589632990911676,0.9348130275525289,0.9136329541204141,0.9286656889119237,0.9497995684278134,0.9458077613398319,0.9701269095731468,1.5341580557785712
370,1.2490647583109287,0.9026173020862805,0.9549165729792976,0.8893097037160236,0.8351255058097212,0.8267076936600453,0.8830190403909617,1.3605381921844872
371,0.8276873405008667,0.8228238304917687,0.8292658953225988,0.8621325573724395,0.8813541545929181,0.874917446201509,1.0291368124396645,1.3718980982078433
372,1.0665116438310396,1.0246596620044055,1.0090566653553517,1.0065388435421867,1.0062172789776669,0.9812125584762327,1.0027859184122785,1.5852907229604092
373,1.2084598051616617,0.9263045108382771,0.9492308469049746,0.8989953256697654,0.8604724067426499,0.8505549302129184,0.9202865711345446,1.2047728930511674
374,1.0287983372905034,0.9996807327956899,1.0170932379308812,1.0212824172016002,1.0282155794314054,1.0267182005058473,1.057447890498748,1.7349084125193053
375,1.1604690440398704,0.918284800968207,0.9523333188664584,0.9248299571677224,0.8904147055992119,0.879691409299051,0.9687853486794704,1.2309753637316632
376,0.8815701758721214,0.7343815732037523,0.7501478011259337,0.7138689790271092,0.6905225966896593,0.6766756865749773,0.7782170841187909,1.0748392108391962
377,1.1909690743947068,0.9843072290922675,0.9546950797257616,0.9150380413405992,0.8951940283954377,0.8852859238810604,1.0511012021018784,1.1347084723506646
378,1.020379712219634,0.9262950458471223,0.9158673966474481,0.8900982812371475,0.8624685300222948,0.8567893505293576,0.8989612291127468,1.3139800627700322
379,1.3994940324633196,1.1935625178130853,1.1570593883399871,1.11044305079866,1.0767059684838154,1.0622701180368634,1.0877279799138502,1.4704640263866096
380,1.3083850683349176,1.0191158158624993,1.006475821630018,0.9499401995593589,0.9097454525306158,0.8998612559045723,0.9586714172449298,1.157634384272075
381,1.1240581946346644,1.0699546364018222,1.0310058445979997,1.0066457729722866,0.9572796030896916,0.945912064659563,1.021911415283863,1.5734063616712988
382,1.3921102228280187,1.2047994510242674,1.1356431542454988,1.0851194426008173,1.0435846648261815,1.0220803060776191,1.1059059785428915,1.4676138350034913
383,1.1225527292420938,1.0347946898943536,1.0287377799313984,1.038569040989904,1.0435082681505177,1.019149455501254,1.0776651607635783,1.18492142170496
384,0.9133465355303235,0.933154383108366,0.938622102837194,0.9417341660475201,0.9331474361774764,0.9195932833804988,0.9703137324452336,1.2955262542229058
385,1.3003754396681417,1.0006690482274871,0.9656906407333445,0.9134297907963813,0.8886436690103062,0.8717655226479748,0.9383608811855368,1.2774113259693418
386,1.3399102109653123,1.1353936370721591,1.0935244139349043,1.0648835229466045,1.0210554492364323,1.0121769824239943,1.059993373549506,1.432878350585317
387,1.393756684768886,1.216234755789167,1.157357079818076,1.149868118586522,1.1103237504364987,1.0985433978047594,1.107330886552547,1.6093065102618795
388,1.2688020813687968,1.2009438991984362,1.1748272014722356,1.1189693856944944,1.0592642067060485,1.0440827024418797,1.0853179943226088,1.3655773083266698
389,1.3627332116162374,1.0725779313098582,1.0801068125070707,1.02358793042179,0.982221245409079,0.9606884012008244,0.997220570808264,1.4526320056142197
390,1.22287183632864,1.1365115355663433,1.1132362760719983,1.0818663486914886,1.0465366324766845,1.0345642621297215,1.052050001175059,1.791446049683851
391,1.4411716895922515,1.205231212280478,1.142561290210437,1.0778125516069603,1.0414629038211183,1.02879445557269,1.0837314851941404,1.3847653917506295
392,0.878848798466916,0.8089369211382492,0.7811704277093442,0.8120148427966363,0.8687856267960123,0.8945877097087541,0.9528328995927264,1.4475797982179768
393,1.2590363807773912,0.9279899213980152,0.9445232338141448,0.8867739350940895,0.8430460476667422,0.8397217011934147,0.909763503737978,1.2250048329055143
394,1.6714530559869065,1.373555172605697,1.3110334737299632,1.26789632815635,1.1695331804821099,1.166975569348992,1.2367784318930557,1.7114551906436546
395,1.311619997277274,1.1737054078244806,1.1737450218360976,1.1527372613391131,1.125831448598035,1.1044169867983133,1.155709154563801,1.675790889057602
396,1.279467793094059,1.2111376599976376,1.1574256785870305,1.1266037297243805,1.0657534126627213,1.0291756548087136,1.0638062538311308,1.6838929127252442
397,0.9813698464961976,0.9702259056349325,0.9532003775552583,0.9581946518399981,0.95513273070249,0.9471111982820252,1.0121714565754345,1.645352157524777
398,0.9325700206510462,0.9167536813330056,0.9179549587308479,0.9108755235842103,0.8684907326443475,0.8836673855970255,0.9392407845973202,1.1979614213584306
399,1.222881909613348,1.000480448770676,0.9884293050008061,0.9372206558713797,0.897012505829622,0.8872193482982633,0.9344187603102108,1.2746516628453992
