,window_size_1_RMSE,window_size_2_RMSE,window_size_3_RMSE,window_size_5_RMSE,window_size_10_RMSE,window_size_15_RMSE,Plain_wAll,Exp_wAll
0,0.8151892428341941,0.7707177614407483,0.7534036945666015,0.7565825062548688,0.7723267195078921,0.7811228782247168,1.5304439571685302,0.9637859178879
1,1.4294979074825103,1.0474493265099747,1.0913515849117497,1.0571883754987161,1.023390697627626,1.013768889083149,1.2826364238590526,1.094092313118997
2,1.3773388640833648,1.2307531682030206,1.1933745581878303,1.1692118191478182,1.1101782427621936,1.1043485156495532,1.4215606106634295,1.2081199301911758
3,1.218579624871124,1.1091398985962118,1.0789518771892332,1.0523122758013947,1.0179473996071309,1.0053351578438177,1.6545944714056184,1.168641376775428
4,1.6110954750780324,1.1330868198117368,1.1092117216909174,1.0269039508599416,0.952911715021194,0.9527080794747754,1.6866857622863043,1.1783215797349167
5,1.4384952759954017,1.1549244268106968,1.1130938818566747,1.0640521183782696,1.037404342356923,1.018744058075136,1.293706467058974,1.1520176280428975
6,1.132029672289504,1.0440728350915134,1.035543037128445,1.0203613201152317,0.9682982623566972,0.956049428559314,1.4813901411722823,1.136279494049833
7,1.2995367768729476,1.1314891136828806,1.1278261147134023,1.118344621434073,1.0769866779008779,1.0732769686327486,1.4531958815570107,1.1723242510648972
8,1.1159848717009067,1.0406227440252178,1.0216483251251798,0.9961014168949466,1.0216829387422,1.038727935145277,1.399094915733402,1.1849725930433557
9,1.4238459984137513,1.2025200736455521,1.1614472841791252,1.1335337804400523,1.0864682386027709,1.0630040891479065,1.4355614889087187,1.1299579325055844
10,0.9523410805483142,0.8837913336683951,0.8897329169889574,0.9054824886067057,0.9101814854695386,0.9204351407608196,1.2185649842402149,0.9851440267824983
11,0.858080749275026,0.8412452976102129,0.846957467987356,0.8581803217997662,0.8498531917498467,0.8277029533815894,1.6427807063302595,0.872504695319201
12,1.1082834968699298,1.0709007818047063,1.0686912999751863,1.044755728230742,0.9985844054819629,1.0085480659565926,1.6400285649241535,1.1773772339290527
13,1.135900478042228,1.1129551484954188,1.0989557637872094,1.1045273840046719,1.1343990809280922,1.1142964892519307,1.3224281398597475,1.211387245839037
14,1.4355381149497508,1.1696955159509463,1.1139098504905265,1.0871403158695205,1.0201591451630638,1.0080407013369161,1.7076290877515534,1.1472719344848172
15,1.6463650738654028,1.2912795772341434,1.2757945612488406,1.1819377925721803,1.1182184386812433,1.0990253577511655,1.4792761992291263,1.3158959617601198
16,1.3625201222366359,1.286480674497592,1.302750685441669,1.3102793033304647,1.2672162803260292,1.2625038199611558,1.4681893418405112,1.2010790234685116
17,0.7889076435746385,0.7301690395982077,0.7455204055294732,0.7846619441981825,0.8385884640039118,0.8594237853327238,0.9851621649320724,1.0293234888912377
18,1.3610787380691545,1.1112727559719517,1.1106992520286068,1.0503986442880608,1.0019809534381876,0.983310758709582,1.5108635386905096,1.097085689150574
19,0.9953371798824786,0.9658335281991723,1.00464034371404,1.0192212533882359,1.016771209519605,1.0361698683252911,1.2840014660465584,1.0743335912683545
20,1.219358631795006,1.1012750403500768,1.0886358337646036,1.05584730025381,1.0358278824372726,1.0315856938166192,1.6841273761917364,1.1932444755049374
21,1.0615925227188558,0.8330696684734344,0.8359576218961122,0.8056964243497675,0.7866455892723304,0.7832671906885381,1.089022182640237,0.9534769650626154
22,1.1860232923539882,1.1295899450652298,1.0804595565011161,1.0517498681221409,1.025766685985971,1.0157006064433938,1.3672790837247026,1.1301101490707703
23,1.3670351218861463,1.127163363317453,1.1429447530361645,1.1263405560462607,1.1194845069984813,1.1077597949749574,1.5118609516511758,1.249831422172769
24,1.462709938687168,1.2872246673361178,1.2306898224700507,1.2253758209763226,1.18798167778618,1.167868662471218,1.3866777539434123,1.2990514397245667
25,1.2294280127828539,1.160726803853503,1.1615481389041546,1.1399931118623379,1.0439087940790437,1.0325246818976368,1.7523513968376856,1.2152441558374276
26,0.863522866104114,0.8710582331386324,0.8702147424104106,0.887127421339625,0.9191745656183083,0.9530849552263801,1.4027225390150475,1.1297577213501608
27,1.2817735749553465,1.191311517046066,1.1523669529090381,1.1126690019690977,1.086823815156896,1.0739682516072386,1.336265372158262,1.1645614425951023
28,1.220663207482915,1.1564288359451218,1.1469555929940343,1.1459224413620082,1.1190467370280708,1.1163881951149077,2.865187986007608,1.10656273163041
29,1.4386890353763502,1.21602785915766,1.1718538821904696,1.1198644340955224,1.0784737002914537,1.0675919310273958,1.6131189194786089,1.1167591424363217
30,1.1125907138567228,1.0874706162875876,1.0748029828411545,1.0687457885183045,1.034979969676403,1.040248488699578,1.4157436143012725,1.161210839886799
31,1.1943421040620836,0.9675013180925247,0.9527531888899852,0.9110133355096874,0.8769573748435893,0.8681779285959176,1.3839166932850646,0.9655821917452916
32,1.2317577279478638,1.0438397091790417,1.0278143770742365,0.9852211563720867,0.9429328437368389,0.944642960915184,1.3727736351144155,1.1011110752019206
33,1.3202718406082448,1.1583476288210335,1.1633879649576067,1.1645796260360728,1.156657985773758,1.196727895952067,1.3650204544475444,1.191542882888299
34,1.3630829371496431,1.0615702416364774,1.0588759496660323,1.021851080596057,1.0043754580155513,0.9852576484361716,1.3068993519388843,1.1605447530188169
35,1.4203387291490623,1.2477466773315606,1.2146319361357047,1.1909912393636246,1.1449579799750962,1.1500579838263698,1.7813915918912837,1.2852666763256917
36,1.3008687642232584,1.1685429331627435,1.135420441276342,1.0936627124428007,1.0635846375191302,1.0429078714880602,1.7512640002134654,1.1744640672514044
37,0.8943491285976275,0.8563840279202303,0.8602805769543179,0.8690425550968219,0.874587175082938,0.8728933461816425,1.2655296865025347,0.9149000959840446
38,1.2987943598011813,1.1411976913407575,1.0974900571175024,1.0633731382677691,1.0218665788843175,1.004691547740476,1.340484203985958,1.1163237609015222
39,1.2544030683409753,1.20869582859171,1.183064348221648,1.1960659558250164,1.1031844606672487,1.087947300063405,1.5571170594483617,1.1571161718551932
40,1.4104703146440998,1.1948001755454076,1.1913082314611818,1.1356593393271575,1.0787003479019401,1.065357329479136,1.4507456574793662,1.2102321136903422
41,1.3440273431045135,1.2441864682049248,1.1412243705044733,1.1082228222192212,1.0784638972036837,1.0617806573064892,1.4119968820968547,1.2524137591473832
42,1.1729592875761847,1.0959371922385805,1.080741450452301,1.0730531541332424,1.0495599485387082,1.0561316256306208,1.3597103139387672,1.247871675794731
43,1.4225987080313498,1.1950471956602795,1.177387954028275,1.1350033631743468,1.1177482352164951,1.0974436636154408,1.206760659494913,1.1836207092602629
44,0.8886780141507205,0.852451685442078,0.8689497326973162,0.8850083128875147,0.8627365473987967,0.8508439311325657,1.2909065273119529,0.9938939010783316
45,1.3677204210663485,1.1978512725984727,1.1358543434846093,1.0875638542650112,1.0443337135922117,1.025786087501784,1.299306164663171,1.2174098575443353
46,1.1118520073560088,1.1302028733898206,1.1263182508769576,1.100672848198867,1.092104641578129,1.0724814241064096,1.5574947346434846,1.2098093951052042
47,1.1808640146884377,1.0948623777035937,1.0812998486943541,1.0095293152025744,0.9798014015522573,0.9662181632036261,1.273563257809922,1.0745028942305803
48,1.3378636828425357,1.196743097003818,1.2614631474836797,1.2410913209165497,1.1732600607524342,1.150470278703657,1.4812812609274637,1.2248838048691346
49,1.2454333890816807,1.107245827152283,1.0694209054638792,1.0265853165992564,0.9967123399251132,0.984249139793033,1.5507157094936703,1.2055847527387074
50,1.3223003445578578,1.171294569566326,1.1191189915882733,1.0851383600910687,1.056195885373808,1.0445640844143667,1.4290988805801033,1.1308252228157571
51,1.3231397327540977,1.0375937395920438,1.036348804846153,1.0024098495666522,0.9625373374736941,0.9490207035117525,1.371258707888385,1.049851323909284
52,1.2897594374317307,1.230859828584341,1.1731774102536734,1.1461394433870813,1.1165654063359467,1.0934949001985774,1.5780881053682732,1.2098772959346742
53,0.8743687106115547,0.8243303568428234,0.8073880500626939,0.8182237964921053,0.830151591824181,0.8265008249910657,1.0785061164293732,1.2060040461446686
54,1.5089939069029246,1.2612312915006196,1.2470093449154802,1.1834557127065328,1.144700607062445,1.1360432207158775,1.4402785295331055,1.297256399257094
55,0.8043080154176885,0.8023032440430793,0.8130937660702977,0.8131580505321417,0.7986559840509887,0.8217119233627839,1.5953699904513612,0.9832226326594083
56,1.393537870836227,1.1943284186773526,1.1599785066161161,1.0960899183015478,1.0541337232934778,1.0349830161217837,1.6646808219566225,1.2338428808855078
57,0.8530793056564114,0.8524674511710059,0.9083637461023615,0.9718023893449261,0.9933619521674846,1.0311057979266225,1.2148842714538388,1.0503390481354435
58,1.2295522288344718,1.137702165639721,1.0911369425528292,1.0486576364469906,1.012607014490433,1.0027001234080544,1.5800746105849257,1.184781366677237
59,1.1156571229417678,1.0513910382379161,1.056147992994903,1.0526515719535385,1.0256766377092883,1.0105991166384765,1.3177975946852056,1.12426357790483
60,1.298728692509058,1.1738971540346865,1.1066922140297106,1.0309606877340154,0.9892402691648119,0.9705330625514569,1.3453241225045167,1.1494655254560815
61,1.226920037041296,1.1286096857728427,1.092081574567298,1.0508391639630053,1.0185172523455874,1.015236794618705,1.2689156946802784,1.1181981133227596
62,0.964177831772456,0.9764222856686561,0.9798519922388774,0.9457106283071598,0.9002202911550966,0.9039173319687787,1.325755707267432,1.1102196936628344
63,1.417837862042898,1.0866472417196997,1.0758754289950572,1.0032844919908457,0.9504334267344677,0.942883939837788,1.2254809871513628,1.0112850197466323
64,1.291379432668695,1.2797595761916545,1.264794650086909,1.2120549609127902,1.1639315065741285,1.1249409140628603,1.3644503322587085,1.2216712938714815
65,1.5581741413885963,1.3025419951736756,1.2287012858768362,1.172212283418792,1.1447651788699122,1.1192305278578172,1.4635557495257394,1.2596873674144655
66,1.1722350457142403,1.202833636261218,1.2255151237688104,1.249072605912235,1.2168879964670178,1.2096416704326571,1.600053648921829,1.3018541239812509
67,1.4024372187261314,1.3126159654897895,1.2448896607734272,1.2032536893682628,1.1563537995782793,1.129507044656564,1.581005178543495,1.2919838950653286
68,1.3940191516024074,1.1296088717172588,1.1323736672360407,1.088373776410201,1.0449708482166025,1.0410567265902726,1.5342298653230966,1.1553156196925431
69,1.1776949353731179,1.0437062318736645,1.0334789143803491,1.000153724102562,1.0104698351980128,1.0081488571166304,1.2253584923694318,1.2188363138388305
70,1.3174305939091455,1.1703387765407318,1.1058358548583145,1.0807004560191287,1.0663806342473208,1.0564547032980933,1.7032953485724462,1.2456948200632108
71,1.2175351648489716,1.1288301930587759,1.0805963542633725,1.0395991913250873,1.0098601369718885,0.9960551567179584,1.630831371113752,1.0922223665425024
72,1.4071579551358118,1.1525089171103573,1.1874508525359582,1.1522888038221684,1.1217522970338383,1.1160730809319104,1.3340206630433524,1.1009017106978476
73,1.5554881943998635,1.1718036564874228,1.1733142377542318,1.121315569628754,1.0824978423562264,1.069826487354115,1.7709937224387675,1.125262980584114
74,1.0526769318271034,0.9756767199435616,0.9445913122245039,0.9114568069665697,0.9046479969255113,0.9168717759831088,1.8117247905023848,1.0292274753627708
75,0.6203543520533993,0.6417657334689696,0.652245245703817,0.6711991986677991,0.6911562161734648,0.695360761375221,1.2722128885160553,0.8826417243074205
76,1.2529618683518136,1.1788069802393264,1.125585817707875,1.1034323951980711,1.0923381688857257,1.0606464919354466,1.6486524045719555,1.2019211913460388
77,0.7975828583935259,0.7623822177059809,0.7565035530831484,0.7498570236066524,0.7601142213757015,0.7669568226844987,1.1705465624906972,0.9872252382382548
78,0.9484481518151416,0.9249582108800191,0.9370824415275851,0.9418292553329687,0.9536055262140787,0.9628992157872334,1.2131773708038704,1.0579916188857683
79,1.4839305461299512,1.259738586914179,1.219341890289775,1.1936872684172015,1.1881221796845998,1.1592998955506548,1.7676400728772097,1.2248554478927611
80,1.4886267662611383,1.2641907507726866,1.2073058728411092,1.141106808330566,1.117197045576087,1.1136750661410482,1.6756767264443253,1.2363961440147688
81,1.291140472301515,1.2042332879612825,1.1524171613659153,1.102493905186854,1.0824741485103768,1.0836342599185635,1.550251841379263,1.1933899838864692
82,1.106449186647838,1.0749409442894449,1.0701496181919508,1.0808850035784927,1.0710037321148786,1.0465881700670143,1.508214571496222,1.1306377316899614
83,1.3025404881725615,1.1439764505752745,1.0937742936271078,1.082117731059782,1.043346256844816,1.0433011618749821,1.4655788108781005,1.1154403099659087
84,1.0227336060872048,0.932408180408302,0.9064625795736417,0.8667995035569119,0.8528872246510032,0.8573127707401174,1.2303293150293744,0.994837796018616
85,0.9327714350634159,0.9429598154483753,0.9650270055941021,0.986357703567629,0.9413092477437923,0.9324302177213103,1.5962038443888853,1.089194904555548
86,1.2217124578575693,1.0088022433093817,1.0239655676600727,0.9875220385706277,0.9408857350170147,0.9413855554861906,1.4152710044952448,1.1419324476322157
87,1.2486523027090417,1.1684730096105749,1.1166152389944877,1.058397317724773,1.0178053806243512,1.0099350102209086,1.3624868686319396,1.138814340900283
88,0.9301336122689285,0.9304319637293763,0.9704810512232002,1.0216489627675496,1.0622504762672227,1.0173591512942384,1.3990584052847268,1.130193375844342
89,1.2656147254026475,1.0900473757040348,1.0499524904409256,1.0394078225834755,1.035925995331748,1.0252606593175833,1.3930607556696877,1.239501428970774
90,1.0729591841366908,0.8661977531207798,0.8470841683077952,0.7981401735020192,0.781356200422604,0.7760603243209582,1.217491711549414,0.9511228412040654
91,1.2891043497803372,1.2671176288577388,1.2643431891932602,1.2094558883451774,1.1904689148518721,1.1938474393760745,1.8651099058231415,1.1466354136806798
92,1.0759757132854009,0.9372544978658338,0.8982759774125607,0.8709112821652655,0.8508214198524696,0.8447577289359389,1.2471208968573,0.9788026668280396
93,1.2634668182557924,1.1416939733312887,1.1210633957883158,1.1055984241407404,1.0619639301943067,1.04665452171802,1.7095324477453009,1.1527649529783948
94,1.1886065994428112,0.995268924975506,0.9696146034094109,0.9183153199207863,0.8646829598723669,0.8566263705225421,1.2978216650533918,0.9798675174607472
95,1.0574448606858142,1.0394836149824729,1.027378506843386,1.0185266245278095,0.9859075263061223,0.9709044646562361,1.379117193971044,1.1589060922889594
96,1.3166582030807779,1.2058174785093119,1.1934497099369767,1.1404016943267792,1.1077358407074445,1.0978866934940208,1.325567774547141,1.2306712707538887
97,1.2856035978701186,1.181943724673691,1.1579837109283146,1.0904767356639802,1.0783536835002085,1.052220939935648,1.4747069949180998,1.1631324764298905
98,1.2405845268638387,1.1931379734091776,1.177684984199732,1.1485810230016404,1.1589818771107632,1.1556869630441562,1.189320068150913,1.215004799050222
99,1.3467421434285678,1.2286833911056365,1.203702961905615,1.1474561806249919,1.1227363587663246,1.0984462359727238,1.4296121208113737,1.1805234623284957
100,1.3118928622479067,1.0687395822306984,1.0653108948536523,1.0244039803529439,0.9945803003027537,0.9831184231095081,2.389155747263169,1.1107984196033
101,1.173846221937522,1.1346874732283379,1.1091777901693973,1.079781548059094,1.059235336154743,1.0624136335797578,1.6010710423183414,1.2376556687353673
102,1.2988912923829936,1.1619966829789552,1.1176129153762329,1.0803107041973707,1.0392459679800674,1.0123804494247584,1.3265333511131123,1.1675918627600792
103,1.3314310435073928,1.2443705067626147,1.203305102596662,1.1788607808197,1.1393501265927863,1.1241845626623568,1.5254417450972466,1.3260656542108955
104,1.4217777543678014,1.3404270159077945,1.427953313132667,1.5289395628053708,1.55221569171956,1.5418841525424765,2.866209566060791,1.36270246270587
105,1.3115151950174173,1.1897988480844455,1.1500981949507287,1.1059306791228105,1.0544728020045577,1.0550011679678444,1.3185336954982432,1.1705916551459554
106,1.3761532607457125,1.2020733934933925,1.1388052480286373,1.0895232789967852,1.0356752924591524,1.0262389581589297,1.6070652940446064,1.1821590395682804
107,1.0711458717993363,0.9223140945581335,0.9106528488292222,0.8948035443163872,0.8830393780437042,0.8824201448298546,1.4783344225169333,1.0330978946263858
108,0.9487648453467299,0.9722415266712044,0.9816490858241376,1.0144793236614198,0.9520618914704476,0.9378197652050032,1.5697589007174506,1.072145707876702
109,1.1662345712111064,1.1023096904428489,1.0477467454083318,1.0077137425242486,0.9782369814223849,0.9733199568614983,1.546014264327047,1.0883668557078487
110,1.3007153681273738,1.161265679922618,1.1449125284641084,1.0983292485838017,1.0970645582988574,1.0777133036917956,1.360295949122758,1.11899513604206
111,1.2879333552292476,1.024165957960241,1.0308593385891829,0.9798749066024572,0.9479863199398628,0.9335737200233597,1.2220644544956651,1.1161808055759403
112,1.0158072833293756,1.0226063787616264,1.058090115381676,1.110675510696528,1.1383581049218323,1.0814653524868463,1.4238233687214523,1.1390293026931428
113,0.8740153109204457,0.7815609468358801,0.7835482929642541,0.759202265725883,0.7317288522297004,0.7284865803476296,1.3449467020455603,0.7847809721905876
114,0.6922215776521913,0.7272803471037868,0.7659023568650863,0.8102991094810311,0.7975441403991278,0.7934144100444404,1.2394207793653325,0.9040477027568848
115,0.6583772916050726,0.6895506691530002,0.7002233743046872,0.7152320409829581,0.7421433502229906,0.7493946512338706,1.260778023380096,1.0128327650158613
116,1.195608172535868,1.1693886533636113,1.183433432154689,1.1757316733704382,1.1284382400602329,1.1034740830661105,1.4309149734702962,1.1851868131846035
117,1.1071380177759893,0.9480505653924044,0.9714501301804606,0.9543641075247603,0.9142607557990201,0.9070480174602089,1.8866540488026269,1.0122205622212497
118,0.8154096191537644,0.7650908146845631,0.7641372353721764,0.7648328753497763,0.7499707147527419,0.7501431466913118,1.044027777965974,0.9083116394046248
119,1.2134713606110934,1.135995040554952,1.1095747366842539,1.1041516436109258,1.1025397575663853,1.0882955484968497,1.449963930361171,1.1748943054175287
120,1.5700831674387168,1.271221761180376,1.2411764245264036,1.1784173458422822,1.1419129199468703,1.1227930017779044,1.581911779415784,1.28503405793884
121,1.407903003193551,1.1075232929876893,1.101925508078343,1.063736462027355,1.029638219732368,1.025435945101692,1.3615128705005373,1.122329775487258
122,0.9439137659547604,0.9184807196160165,0.9387089220632568,0.9590850669897907,0.9396679414918362,0.9428440753629531,1.3391935715852332,1.0271356361783843
123,1.073458575871356,0.9020904193167412,0.9112474436263663,0.8678972172890868,0.8255820047516551,0.8227321155905017,1.543364973696702,0.8985610484603981
124,1.0372143114877181,0.9049063759521622,0.8669075087643041,0.8322471334646234,0.804946364796574,0.797977459633638,1.130787022739208,0.8971108553552589
125,0.9755929914426185,0.989820791249931,0.9821469126698877,0.9954240031663972,0.9827491500386869,0.953384499542712,1.4817634992446795,1.0437542048753716
126,1.261001038687738,1.1518087656513976,1.1334075225557925,1.090133224954087,1.0257239684989403,1.0143737431766648,1.3565541703515052,1.09941496311237
127,1.2784580796331964,1.0528251813018679,1.0468361603899983,0.9887471372322469,0.9668279530207232,0.9514170416427286,1.2218039587787175,1.1694164066987904
128,1.252477880800162,1.0392745236917451,1.02545353848638,1.0137689508515089,1.017951607870589,1.0249387220649024,1.4951716954174257,1.1099817792525135
129,0.9663640359438191,0.838425643873158,0.8346749649003383,0.8191229875029379,0.7908778941072689,0.7753876356120153,1.1772493256676726,0.8677360799987872
130,1.086841480631331,1.0744673087410297,1.074918317984937,1.0919570840478134,1.0097580493107396,0.9882028064387992,1.4445186706637656,1.1286000284537516
131,1.208880669615778,0.9278210407348085,0.9617264765192497,0.9167013256657879,0.8957718664348895,0.8761767887275447,1.260141586775637,0.9263240667775712
132,1.3568766361499003,1.1047253390267993,1.1087914385294093,1.101793467193094,1.0723602259963556,1.0693701134287528,1.3722649310905808,1.2042624988323751
133,1.116393603804602,1.164552008256565,1.1791545997901287,1.1754708611316167,1.1067729484266824,1.130516419853199,1.4413151436513,1.2003665085210022
134,1.201792160214306,1.0327408704618017,1.025709972543998,0.9930114501303376,0.9666447130346713,0.9451489498197351,1.3829353592746036,1.0890800266713092
135,1.2854629107112134,1.2188324082700772,1.2067706065491979,1.1857268384767643,1.1572987911903196,1.1406967978984348,1.2785679319365333,1.2034952347460603
136,1.0356906697449808,0.9422573162610846,0.947594579116596,0.9644495291552817,0.9797215169548884,1.0208206343035453,1.3810661159407416,1.1526988564956726
137,0.9780688917068343,0.9379245708195593,0.9463508529070115,0.9449516081198541,0.9400688987902404,0.9329299194358213,1.3315590683517882,1.1390520502649997
138,1.1660484646081863,1.0566617451554996,1.0353259384498321,1.0212406519111905,1.015975532119337,1.0032819077714732,1.4042420759346448,1.1109860225908368
139,1.405510647125366,1.2215442457490844,1.13985937868432,1.0914029551592743,1.044107740700315,1.026136199991398,1.3623445609466125,1.129850598676287
140,1.4392892008321834,1.0431223359341024,1.0632258203707239,0.9935568981509074,0.9399174025250475,0.9254280090485781,1.6917190652693257,0.9904515469942454
141,0.9208339554232706,0.725198690520318,0.7419095588120361,0.6926882446802944,0.6594237137882497,0.6550059250399537,1.466642726389702,0.6906720546411573
142,0.9819947495556421,0.9136023159037394,0.8946722550155808,0.8857316019904186,0.8755870210472548,0.8780248074719812,1.0783032043951162,0.9694869591760044
143,1.4001926029120941,1.1295127497392574,1.107234301356522,1.047368638435556,0.9977353376507387,0.9774647399782797,1.3672938319763115,1.151027034074155
144,1.6137923274253865,1.2728248173308385,1.152674374809509,1.1089597943364493,1.0359405141379558,1.0243898256856274,1.4200488122705184,1.2293539543640155
145,1.294332409066645,1.1886072719621048,1.1397950446342702,1.1137143841630768,1.0917102645028482,1.0698400082723756,1.4032525033964456,1.203153322074121
146,1.4228411490894206,1.3403241313582892,1.3338878056800232,1.2664194545389909,1.2542659208250346,1.2395350407244934,1.3917729365277898,1.184662213054145
147,1.2706824471422784,1.1571091291864728,1.13373865545191,1.1201787781301367,1.1076952742520394,1.1015629941866967,1.5060763341839245,1.1875569590940225
148,0.9137793104351245,0.8968227623324602,0.8898623981211705,0.8572249421700548,0.8531380389010335,0.8471598394487895,1.311523957129048,0.9908175194415904
149,1.3429552809907304,1.090306142276041,1.0933137719777049,1.0644788771673936,1.0617813729557384,1.0451398029812429,1.3235759184894522,1.143955684639865
150,1.2406866996950017,1.1715462823426661,1.136228128425773,1.1298467418569402,1.1059728754588192,1.0822248899259865,1.3968430705405082,1.246329077413875
151,1.2031542160823596,1.1172202888095528,1.0732364781827053,1.0646220447298451,0.9985194472473172,0.9950778610707207,1.4690880070463712,1.248079651521408
152,0.7912419313804753,0.77078950270771,0.7993454816024881,0.8261337364971736,0.8942117018924263,0.8985092227562116,1.0931754215587617,0.967263038091786
153,1.3261625999968873,1.0775349807980878,1.0060022522184042,0.9400125646885,0.9058255279533565,0.8860876984522877,1.4876130766175455,1.2405302737185546
154,1.2815360146794028,1.1463583184198995,1.1184004458080066,1.1499539834152674,1.1061722920946664,1.0990504629350795,1.4865414458839517,1.1466432958062698
155,1.2738973691675173,1.1270045606550094,1.0915451050583438,1.0659096209993155,1.0516747950703744,1.0347823110609495,1.5600691752966114,1.178040887242526
156,1.337564212037732,1.2257091951827557,1.2313493256863302,1.1966184950397818,1.133653444523566,1.1445090341089212,1.5533505777469845,1.301535843467237
157,1.4179185056924766,1.218442872245101,1.1750694662595977,1.1183069929908833,1.0751032003211758,1.059307524715825,1.3777345406898354,1.196868008697103
158,1.2746748844497728,1.1455746639165352,1.1000945641273903,1.049606041456638,1.0211603425365097,1.0015045444007413,1.6362097302154153,1.1434745011948284
159,1.319892545088061,1.2190237156797985,1.1496083599183193,1.1172882170722542,1.0549185246767898,1.029839287592557,1.3193625736946162,1.2212754284141432
160,1.3170005901820079,1.0211674033292417,1.0023003229645366,0.9558634395809608,0.9161780461195863,0.9035480024256636,1.1974445363528778,1.0295829728455497
161,1.334654701964842,1.2114111548143514,1.1757745983025139,1.1411006171627438,1.1014167605725085,1.0767977432045177,1.4906104045468036,1.182244570522487
162,1.0563119429470527,1.1066295808239803,1.1199185927030701,1.139893778346443,1.1229483791635753,1.1178467894450033,1.341838981138942,1.2553806136662395
163,1.1800350776023871,1.1393086656638725,1.107508740176446,1.1020655123565197,1.0413177553183772,1.043282824413562,1.7542780093285384,1.1881496832785077
164,1.202171845200514,1.1641580067409478,1.1521591444302872,1.2140555868391925,1.1921086092879998,1.2050252030658113,2.0394056464012658,1.3579306749665028
165,1.3026045404380355,1.1580972014793591,1.1408073968274086,1.1130513541357794,1.1089453164443757,1.107642540432132,1.4774653384690994,1.2598382981703111
166,1.1825516521825241,1.1438507341893058,1.1233454751436613,1.098892096797099,1.0707398402470591,1.0477766607463066,2.032921090448478,1.1853624190390386
167,1.3815352306029185,1.1873913120720063,1.1482503800163506,1.1033156142095002,1.0733779921291173,1.0646233852478084,1.241577250579755,1.2211601614754757
168,1.1912410132479485,1.1588040759076146,1.1777689196168926,1.167206809791894,1.1439432675187886,1.1142711791205926,1.521056085467522,1.20322870921682
169,0.7350626596743296,0.7261228991358961,0.7433605064804347,0.7515639572292769,0.7802021578003165,0.7842062482414821,1.0908399300300986,0.9474983085689828
170,1.2841149815418433,1.1740350999041729,1.1733234089897766,1.144554073020687,1.1070141840622936,1.0878068624943784,1.7160862193690067,1.1618875394441903
171,1.1505771679927526,1.1306969153693391,1.1194527562025876,1.1331621892489578,1.1037935661856406,1.0957485211642424,1.3113978822139265,1.211669426262302
172,0.722638326594083,0.696655711719998,0.7043506220483612,0.7161070681601257,0.7094893734555311,0.6915817774714107,0.9782372720113912,0.8851952670056962
173,1.2767066465883228,1.1413129894533256,1.1031190352736242,1.056988617665351,1.024221941561382,1.001169325673549,1.3367796745295877,1.2344188396080134
174,1.2231535180374975,1.0225297154304418,0.999007398910532,0.9465873313344689,0.9082373003187978,0.8928482113651014,1.324351473670456,1.0642527291270567
175,1.0584355106922072,1.0238851336279609,1.0275128420292878,1.0125270581221681,0.9809177025721857,0.9578342800235203,1.3459965736318222,1.048153695431692
176,0.8654869807014257,0.8589411168838768,0.8752152714995409,0.8958267579529392,0.8596717122143096,0.8404342898076128,1.784411970618642,1.0435342999986532
177,1.0379262633831159,1.0382799704837433,1.0616113565250351,1.0442435125814977,1.0255528690444973,1.0142158300293453,1.6085494573172952,1.0853228418669802
178,1.1257638886073889,1.1178249918175254,1.083901081229492,1.0447712036833257,0.990896069684457,0.9923745343259418,1.1515483059363596,1.093629936090209
179,1.1883519076052653,1.074275862245988,1.0756205400300798,1.0231961904129454,1.0114170602312762,0.9916577427518849,1.357013635335125,1.1713970321535945
180,0.8658344284179789,0.8666529993524988,0.8688644232747179,0.8721884331255115,0.8549098466171852,0.8454368819207603,1.2049293094745843,0.9544937457443328
181,1.2236488073549001,0.8750619900009007,0.9333023147047028,0.8717819247429592,0.826402642778248,0.8106343616015861,1.158762640217363,1.0000866133446145
182,1.2533661616451501,1.0338567181680314,0.9863161202588722,0.9540995886688138,0.9246695816696273,0.9113773508156169,1.3251077171197236,1.0135609662537286
183,1.3387550459192898,1.1889008570780906,1.1937895147298538,1.1613263937372862,1.0954454350520766,1.0771871543656117,1.8876485965187348,1.273299454408714
184,1.1516905950852427,0.974893205372775,0.9574818147412972,0.9254037612461219,0.8906670867405109,0.8816305558882452,1.3532179525813848,0.953124518727271
185,0.9206968172154357,0.9442944102080103,0.9695739310936323,1.0166620023005137,1.0392695983936584,1.0311466190632101,1.264914448976214,1.048203701682998
186,1.3174324230702643,1.1310283085308699,1.1211800789220576,1.068616383485118,1.022663523564477,1.0164548239237634,1.3912496543101855,1.1733072270672005
187,1.2807077162537568,1.1744622984430348,1.1190393678359924,1.092747261051145,1.0519479586057163,1.0407531112062807,1.5156183715077594,1.1463225917927236
188,0.7255248824009943,0.685881036117277,0.6739220937049413,0.6871467839081336,0.6928558440060112,0.7034020826511553,1.0640689426241532,0.8670221608046088
189,1.3021847475988209,1.1830135787547127,1.1539619842866897,1.0933868573817138,1.0639000825704659,1.0468295706496331,1.6150746513812413,1.1462741204050806
190,0.98082125414499,0.9843234268776614,0.9723941893013162,0.988332780424482,0.9890431733749783,0.979225901828855,1.292060940190203,1.0960711847672224
191,1.2199160272185767,1.1201234330196672,1.0786902363098432,1.018253301152596,0.9876801674614077,0.9755438749370505,1.4381776406893323,1.1744582766401752
192,1.23945981116375,1.1927639424091538,1.153138402939956,1.1189908910954967,1.078267855185535,1.061950634947281,1.346540906131343,1.2046360688354418
193,0.8684882883488078,0.8284843462377286,0.8327715556331228,0.8526877052090941,0.8517530930412248,0.8406462247087,1.044850196340076,1.020635938682644
194,1.2046071662337694,1.1501298360002217,1.1189808132211505,1.1039366850821979,1.0724109738936705,1.0633501120609563,1.3754884379829102,1.2180889149626768
195,0.7628086605335813,0.7109434696149793,0.7286575636879072,0.7574585361739885,0.7757154251431665,0.7870139403944536,1.1088025194001885,1.0382944238118557
196,1.0531455688867735,1.082345469451727,1.1208495949140602,1.0903943230083222,1.152931322825888,1.202945866168898,1.128700176989437,1.1466239807605192
197,0.8823839004863102,0.8173192785587838,0.814143145903501,0.8080543016124111,0.830461002917806,0.833628467055705,1.1472401081264207,0.893613893218089
198,1.0992135367766345,1.1514475193250082,1.1791231007582517,1.1611880041182785,1.0920761267342174,1.0950888292378436,1.3950805925748313,1.2647645200814286
199,1.346166541839533,1.1553706894041997,1.101106598311836,1.0896944079023563,1.0637453090210578,1.0661977316449252,2.480727018310698,1.128097700528813
200,1.271059469862897,1.1657026735492406,1.1269724552618352,1.0402771680009113,0.9931902093073058,0.9928271644613489,1.2164021018589128,1.1413057968873763
201,1.4923852997131917,1.2909036835274548,1.2971103373133002,1.2574322759845469,1.195137062099159,1.1657452905633363,2.0451835146437003,1.2348684980999278
202,1.105385970097346,0.9059533949834884,0.9057601228240227,0.8647632276246835,0.8368842012720096,0.8203076748879735,1.6127201728103535,0.9459546557216274
203,1.1903460246169753,1.1025314956647376,1.1267573327499731,1.1286945303916058,1.0530008850310397,1.0341719427636364,1.2474310101315154,1.1557172853784088
204,1.241259938872704,0.9579882855370515,0.953608294408256,0.9118123884618036,0.876559864409555,0.8720355290836469,1.249177691348299,0.9792625267703066
205,1.3814000304152811,1.215495087726983,1.175374148006759,1.111429119589144,1.063681804194275,1.0421933406063704,1.792878994624853,1.1852525038168849
206,1.3617392237359236,0.9847820833907537,1.0263376354776432,0.9616785688266559,0.9076880275372495,0.8889090999279109,1.2471709257447623,1.0178619253279
207,1.3463790980400034,1.0789576404599475,1.043849910150495,1.0014437364887525,0.9481422555568835,0.9379573121132028,1.4405928549268054,1.0553982139158804
208,1.3921412891812945,1.1412537603226003,1.069772074290683,1.0332189800033134,0.9865113078626235,0.9854752457350955,1.4839521573894665,1.127001873294032
209,1.3948168752499137,1.2014069401377354,1.1482997899711478,1.1170567107260376,1.0834858445269646,1.0649178073487324,1.702552219502315,1.235489146045401
210,1.2784789936724605,1.126790145931552,1.0832443321205878,1.04301810766123,1.0145802028013775,1.003779700165026,1.4054393748888234,1.125461441299745
211,0.7382570756973712,0.6938388893018567,0.6845281910873002,0.6560359146085554,0.6496788956853644,0.6505292140326719,0.9454970922626068,0.7729937814350372
212,1.1575426287391686,1.143688065094033,1.1549202870305602,1.1445854748115487,1.1050071064496267,1.112334901449192,1.4797027540315353,1.2504513174730685
213,1.3452693954814152,1.2059220452157873,1.1938788155792845,1.1581496451030826,1.158187343055269,1.1800218038525736,1.3850081357849284,1.3952869571287208
214,1.3568736955295637,1.2305883954222057,1.2009017662839858,1.193741672681359,1.1792328500143863,1.155068283940519,1.5050901067937992,1.2379583696995915
215,1.2170920433362042,1.0088034169194688,1.0246386502212077,0.9963577311997387,0.9543983813580903,0.939184134901322,1.3038766259548102,1.0052891447822434
216,1.4668496421585908,1.1804808601828454,1.1870395534212124,1.1805294926836662,1.1562987324904623,1.1365615836128058,1.519761624161982,1.1899657279925564
217,1.6722067789947082,1.4896431313271592,1.406753280039643,1.3313535880458407,1.3447647224198958,1.2943931651452398,1.5662660772280166,1.3363380517142298
218,1.085502782790294,1.0385918488302233,1.045226469572856,1.030271135831678,1.0397886933359974,1.0272475911813053,1.4136808086353727,1.1145414217137333
219,1.049939577191584,1.0295066329374736,1.0419066627429632,1.065951230156672,1.0676843853349065,1.0919732265322524,1.336173678447268,1.1310690840441415
220,1.4746384770359633,1.0360915104364443,1.0182800424621767,0.9357906056075252,0.8835256311707812,0.8754007284954838,2.2787357138371367,1.0429201143728064
221,1.2963289420988402,1.0685702239073405,1.0254655381053321,0.9732713172342824,0.9434633770784059,0.9359178572340919,1.3757789535313365,1.092201094343309
222,1.4633552433125971,1.239275455504791,1.2213158356739522,1.16293536449057,1.1070154813682598,1.0816386573082117,1.491828686592592,1.248898741574205
223,1.1298620318617159,0.9550260555839205,0.935888475356073,0.9121404557146038,0.89835885465259,0.9011490095293718,1.5030114692807175,1.124146911672265
224,1.180297236561338,1.1785206363366887,1.125879321825044,1.088950096952031,1.0919997888739044,1.1027868987833145,1.4312151030207128,1.1930497449661204
225,1.0270773733166663,0.9871189225914422,0.9998006534889855,1.0173594424319796,1.0223682206977511,0.975909082530865,1.5473449158219683,1.1305238975968692
226,1.0366166282185136,0.8738706008328753,0.8626541028082169,0.8367543428679076,0.820922917301509,0.807237643269264,1.3740971790244814,0.9293660625974468
227,1.3024317201368576,1.2090801449325395,1.1560881344928493,1.1025837647505174,1.0595617256276835,1.0331366038235406,1.316323242023791,1.2616309885639867
228,0.7483337140917142,0.654720368538045,0.6739153850070224,0.6587010821637701,0.6435206958981579,0.6266488111368227,0.8838084289676678,0.723783643807344
229,1.3222445854560867,1.1585271616016655,1.1344262943000305,1.0943012188062209,1.0617763356978205,1.0623035531064648,2.036788193174578,1.162140149445544
230,1.5255132072075404,1.262439255408966,1.261163629772559,1.2155439667193677,1.1340571992908597,1.1163372747747333,1.777591164933496,1.1813105901796075
231,1.2342515054947223,1.1708655009083273,1.1552665343213853,1.1468652709673965,1.128163555043866,1.1035335922622156,1.9933920399917116,1.1583458579298398
232,1.2306449322328974,0.9875517415089843,0.987063353928353,0.9307964549879291,0.9027715723363127,0.8968362802417428,2.1205562090841363,1.0762649154802926
233,1.2619196143401736,1.1865488501731893,1.1694378870173276,1.1269380299575489,1.0745038491213108,1.0515891263625128,1.398895767059786,1.306551265849893
234,1.2177450848721123,1.1665910916934137,1.107004154791613,1.0531129299623412,1.044300952846114,1.0594107662998884,1.5192654476111414,1.207222695933834
235,1.2557341357313945,1.18561912514527,1.1296768222746518,1.0793984425163397,1.0580535876088644,1.0664053281342019,1.959446588047848,1.2591837222370343
236,0.9953173001337178,0.9311995977200812,0.9192374795569762,0.9454130933511791,0.9840354099966435,1.0337690607791454,2.0549056669000243,1.148744120192177
237,1.2032017841187415,1.118659149079481,1.1351907964963763,1.166643755930495,1.260172252751606,1.2590842886286475,1.9017256165788896,1.1865126261006456
238,1.393653380641128,1.1891541820412843,1.1309517467418948,1.1086198960209661,1.0614770018952098,1.0629241350239713,1.528555069743244,1.2714768181157774
239,1.0525144942856637,1.035224206444832,1.0276008419900067,1.056935137172183,1.0506950963099393,1.04043717287419,1.4554368418269763,1.1032495714065838
240,1.2246110218751187,1.1667398187614901,1.126572388045609,1.1280463628293618,1.068186454107959,1.0300667640061647,1.3975918224523587,1.2658429292263207
241,1.2088229318661237,1.0656107488406907,1.0413720289710389,1.0280805671909619,1.0200604364979462,1.0343925903132227,1.3203179345518183,1.2165744387115294
242,1.265708409824282,1.1713043872817122,1.1449811404769243,1.0819660054285138,1.0567223301857354,1.0541269488961393,1.924415071235861,1.2477730038870665
243,1.3157940878858236,1.2337559789960537,1.210042374488627,1.1540251011182383,1.1377586181576156,1.127303881148282,1.545792946004252,1.1938199993877248
244,1.3039920984905369,1.0323506344297406,1.002991077279167,0.9537873700943805,0.9205155309879541,0.9128278391709902,1.236451630250095,1.057164684522141
245,1.1753356751257744,1.1190970046092694,1.0738696379881627,1.041827089155667,1.0187605393858974,1.0190358307469642,1.465858193049381,1.1636171284161008
246,1.4097384731039149,1.089740776118987,1.035000828325306,0.979125367393504,0.9432558815008428,0.9342460754957937,2.202401884617001,1.024172190088602
247,1.276982218039805,1.2730558832692769,1.2307454687482042,1.2109070682236391,1.1555181149289224,1.1118416138332237,2.0948532831111013,1.207162354910691
248,1.2443321189883094,1.1132347445464368,1.0550753659949839,1.0269433754305695,1.020490017656992,1.0154748357979948,1.4003160534002357,1.1032905130154818
249,1.089603377495708,1.069852500303926,1.1012717380765984,1.0886568213663281,1.0472370177149213,1.0270123859602223,1.2348213966670831,1.1985021575670225
250,1.3038974787953703,1.0912686315534736,1.0623358888575833,1.044525553625628,1.0004451266390513,0.9876162574154456,1.380344179965451,1.1218845051577524
251,1.3262885840106924,1.1466464764094646,1.0941276451896815,1.0621018526641528,1.0234242188969531,0.9939665456242349,1.328350822325552,1.130949800885063
252,1.1562085852429516,1.0696923466206743,1.0563927565503892,1.0540704655685127,1.0495521234672627,1.014901068775626,1.5172520819249502,1.155145130991812
253,1.4729242714573572,1.2586678042759256,1.1726311270760001,1.1465065823869751,1.0759579015651841,1.0613869826510116,1.7032540694941307,1.2047031867344185
254,1.2793473389553665,1.1100013987772905,1.0733222230535486,1.0315637912229025,1.0056805216733602,0.9874867764527818,1.381188778796797,1.1359075754899544
255,1.371066771227709,1.2330446827799013,1.2004008523447556,1.1844501560260552,1.1310873935757453,1.0967960518399493,1.6102799245224555,1.1942031065600032
256,1.0365748894610867,0.8020013864744879,0.8303805080849838,0.7843931500490814,0.7571723010133717,0.7512932592150032,1.417780202636317,0.8597764193921097
257,1.4249120109600335,1.2361402041290779,1.1733579671974654,1.142531726094446,1.102229327041599,1.0881747327683164,1.489441285283476,1.2622613734017307
258,1.4829228095436273,1.171286978766836,1.159114161922487,1.100962569668647,1.0774559821822436,1.0617737566365366,1.9096271483467493,1.1348412871014752
259,1.2083689857579822,1.0969132448259975,1.0721681827574359,1.034517885834844,1.0323031549719848,1.02980151681751,1.603001248300036,1.137847721837845
260,1.0726952552345892,1.1031543502531944,1.0967132664953014,1.092441676090008,1.0683667253591804,1.0798616928351954,1.5167389526946915,1.203560311079831
261,0.7950657859407978,0.7785420120534016,0.762592597751948,0.7619906593812487,0.7901957193294956,0.8077918661190691,1.0991134257570894,0.8741537634196093
262,1.4310570305080548,1.2593445523833735,1.244823215707013,1.1843570979105302,1.1624048823360624,1.1405525055977992,1.685115958002933,1.3045588177047318
263,1.2759876622386195,1.1812411174006927,1.1542752846030329,1.1166477991425041,1.0757146884260547,1.0599128216063447,1.5491510796176613,1.184557539244406
264,1.3528997312522375,1.0918567379019006,1.017024211198875,0.9792200938481296,0.9549406759020707,0.9316597467149443,1.526334874445656,1.0551680833796326
265,1.4305533838492883,1.292642942032647,1.1814871445897384,1.1027548226268908,1.0586205323604518,1.0357614002560258,1.5738912509363372,1.1588765089946769
266,1.2608948313060715,1.0909800157976477,1.065075775347947,1.005254213595509,0.9806543054503342,0.9661902022497106,1.2908680508551995,1.136808526203967
267,1.0398085099576428,0.931953960071511,0.8740162802564743,0.8258534494816179,0.8024057704931822,0.8261736148869876,1.838046604970237,0.9332458482274378
268,1.2209547834741283,1.1430599643053456,1.1294616646956661,1.131663151480749,1.132399432375453,1.0896824586534086,1.451563448761494,1.132658779388355
269,1.278257309464086,1.1719923441349729,1.1340940253705025,1.1085719340316158,1.0857043203905918,1.0696999111993881,1.534228564481082,1.2474867804671623
270,1.0742044094905376,1.080949940935952,1.042006351068825,0.9985141876186491,0.9964937309473303,0.9810304104867354,1.6095169887426113,1.072615407268164
271,0.8477433756015224,0.830605482260054,0.8371136163670961,0.8430740318746308,0.8445118288829989,0.828955719153328,1.2081880324843526,0.9140000164731222
272,1.1432938150124357,0.9828982110487755,0.9333427004964213,0.8889214735539948,0.8561542094543739,0.8433307751986536,1.1684382899787389,1.019715550754713
273,1.176243427092549,1.0224492425297222,0.9832270737801371,0.932230155731796,0.9040576785507874,0.8938389271053614,1.1382325777835054,1.034926154541877
274,1.2399221489650973,1.1037197856848902,1.0644574924523182,1.0492153928609296,1.0265115533363829,1.0167394333385573,2.5476574095766438,1.1199561538778655
275,0.8261744310680147,0.8201521409205667,0.8347987021811825,0.9001532399522277,0.9444553365635501,0.9714192872889379,1.3319561499619306,1.2691289980036715
276,1.4490076295352319,1.3614240100232986,1.3472189224830438,1.3421291665860562,1.2563715518403311,1.2370327291988403,1.6827423010755431,1.4231409866552869
277,0.9931837911414925,0.943681063242831,0.949661261396332,0.9372379775257337,0.9141257328615665,0.8935638291303428,1.30223556378858,0.981064746429094
278,1.0364903945920758,0.9903045915607773,1.0017414838742003,0.9960392340514406,0.966884657177343,0.9648521195205716,1.3146979483735362,1.09989155568479
279,1.174345655905573,0.9885719791456591,1.00624748513569,0.9687112350210134,0.956722688844888,0.9388869221579933,1.2899397351748332,0.975688778233459
280,1.3642224694413385,1.179070659844696,1.1194407447137762,1.0861230158883366,1.0603464375582266,1.0387529990084072,1.814025706473101,1.1424186675815573
281,0.8200551955327863,0.7803253446696606,0.7559662020217023,0.7465230401952268,0.7342992416659717,0.7231848016021344,1.2829673381285798,0.8681958731379191
282,1.2473915462334555,1.092992169967276,1.0683145885038385,1.0377946752620109,0.9864988668343109,0.9727010424042151,1.3222573185894029,1.042415866249207
283,0.8943172302689412,0.9033935692539712,0.9421313509681724,0.9492074854358487,0.9713897519175592,0.9898074766815697,1.2149190175713314,1.2120754655283967
284,1.287864195477653,1.0694279708645016,1.0112800056668114,0.9780668074911765,0.9614796443819054,0.9483289636533496,1.2118943244366136,1.1088767071381955
285,1.1833830263385783,0.9375380549800615,0.9181382231449519,0.8535565755719912,0.8111769313887652,0.7949635665306364,1.1443447876786994,0.9642574758210692
286,1.2285426285835352,1.0766532797224337,1.0762459373026383,1.0456351788180234,0.9760054257897465,0.9767272967645841,1.2150567023453829,1.0727427494356514
287,1.2177977911350806,1.090471695491041,1.079912920607311,1.0498282898997164,0.9970096337156807,0.9919851239573957,1.2708619213883765,1.1930423150040073
288,1.2123616084852387,1.1601786349849268,1.1406841431639496,1.1441336965800628,1.1206718470630075,1.1055774334048156,1.8108228185233557,1.2061551906801748
289,1.1208826772667306,1.0521181341278605,1.0406132984286702,1.0226857079324005,0.9606870385852335,0.9309107055064375,1.296399680680567,0.9791578906350332
290,1.2668547571753914,1.2272024069900433,1.1868857300463014,1.1598206799990203,1.0771799554258947,1.0799625935690624,1.6256960987268203,1.2665087090052622
291,1.3706689035864292,1.270293424857111,1.2139073280591914,1.196048825819965,1.2116421858531947,1.2167510178874612,2.2662311050363053,1.1698995848253306
292,1.2271868678941913,1.1084005739266918,1.104296151432956,1.0817035893024434,1.050664801227015,1.0412989353379596,1.3659986190697404,1.1276943180613814
293,1.1542901082614996,1.0219019914408065,0.9908458225110324,0.9659301811218727,0.9359338277599341,0.9220760599793381,1.144403452721674,1.2057713754677404
294,1.1521362904194046,0.9642824873768658,0.9485066822792177,0.9112943585806689,0.9001633005913587,0.8913066738188115,1.526076172854712,0.9304437763344042
295,0.9179637730710423,0.94224915715093,0.9619057018162732,0.9801656088584508,0.9145371387267663,0.9020542468951795,1.2862031644384615,0.999138393608812
296,1.2584408907159623,1.0416046302064614,1.026049947218064,0.9655902290013577,0.9345850083902679,0.9285723573198705,1.281592953063786,1.2349397165047036
297,0.798658519389845,0.7627374996004957,0.7632764359758694,0.772138855913429,0.7698443510558828,0.8005928069047449,1.1869921693569765,1.062043142380786
298,1.2914056548022594,1.0902326281950854,1.0441268467827105,0.999063496485106,0.9617441621828535,0.9522484797768153,1.4062101050618625,1.202840597925671
299,1.338433690589593,1.1450176208764082,1.1385256531731078,1.0637951775232108,1.0232063434197907,1.014074483738022,2.1784519708331187,1.1185007466804548
300,1.5319396539139507,1.2866701577177762,1.1956930359450386,1.1492422459912472,1.114113303228568,1.1007027380171026,1.409778988393979,1.2697971972938698
301,0.9920385314935934,0.8001496641188928,0.8240140938133766,0.7861590374099721,0.7756542102733731,0.7605029881954269,1.0884577962211437,0.8635375756847317
302,1.1341806815861748,1.0065646295256192,1.0241231014699939,1.0191251844988856,1.024592419050741,1.024055941374896,1.4329617648332424,1.134856922477551
303,0.8659756965419353,0.8099331411005933,0.8079136572126362,0.794843325734066,0.7966545068512939,0.7986912744988233,0.900905394797859,1.0646757161107552
304,1.2775995313710025,1.0745363345261216,1.0759551800802418,1.0442261983559857,1.022892849999532,1.0063011241453794,1.3828071929353087,1.130859219664412
305,1.4717799947598715,1.3192177825412434,1.2759873912001145,1.2156465165742274,1.1556285120486591,1.128982361985194,2.4458377750688194,1.244179080496663
306,1.4135862731577953,1.2986471214593922,1.261901328301173,1.2313255492679376,1.2030754326375235,1.162826556782439,1.568960768938102,1.309044981293291
307,0.8683273982226111,0.8289347687963531,0.8331520383889557,0.8258107833704872,0.8443684623731751,0.8791645096899592,1.458383512802867,1.0736816075645883
308,1.5519157031752493,1.349358852381002,1.2844613601743287,1.2659270521164723,1.183818095012387,1.1786427054102206,2.1414259763422865,1.3740966829246346
309,1.179345314918591,1.1647459401335776,1.1285294968279551,1.1072402921793878,1.1000935023505498,1.1016372488373445,1.4188184486436952,1.1732877004929037
310,1.1057344845184163,0.9073283672682099,0.9121750035212514,0.869173596641126,0.8350894714373176,0.8283227523579325,1.3006175431599352,0.9414716676638868
311,1.0973433228423868,1.126882277354152,1.1253034864149263,1.089940224689662,0.9945088209678871,1.00412931377422,1.2269026311255231,1.104454074305615
312,1.2464235450718932,1.0751439258968123,1.0752650451749415,1.0541728347113322,1.0267952589439453,1.0208350138889968,1.5135795801029237,1.140003163163304
313,1.1798654297563855,1.0059974445990525,0.9905613790481793,0.9347564824249719,0.9018786953175603,0.8860670571778954,1.7685829553909114,1.0177440742036068
314,1.0260866496021281,0.9079643984714556,0.908928813529437,0.898791062874298,0.9147514719489122,0.8924939420691883,1.5262931181828625,0.9501365548633358
315,1.071264882732079,1.0472730907532068,1.04631678473888,1.081179107961567,1.0204510812452003,1.002883360738928,1.1856161338808742,1.138438536689485
316,1.35577105290167,1.3605110400108291,1.335166487376612,1.3443673600400117,1.3126492316545866,1.2983345543511224,1.632264490907441,1.2589323320625274
317,1.0755300328915343,1.0684642272308167,1.0822189292618427,1.085225211668082,1.0593884510449778,1.0505107069099844,1.6996286066340422,1.1143530389685818
318,1.421291959429683,1.2145060190827022,1.2474975609201104,1.2528418160568848,1.1975564193342163,1.1654911757145197,1.8228857504921985,1.2299005475290574
319,0.8661307540182523,0.812024394147057,0.84210390678176,0.8950708004690352,1.0150274737042204,1.063389924127252,1.3009642128476206,1.280822371756284
320,1.069538602922638,1.081065616683185,1.077457527144341,1.0551480655791612,1.0129736813268249,0.9831709954257323,1.5347847485549595,1.091921437574515
321,1.519949365342989,1.2355281062045247,1.1922678251140688,1.14217536117642,1.1004865006297442,1.0815041757385626,1.4674118009725867,1.2783066169421362
322,1.261953334471168,1.0618247620172168,1.0358725422721249,1.0055083144008528,0.9687798555204739,0.9612109074467029,1.3979088342641828,1.118602592068345
323,1.7258077420691185,1.2075552943909411,1.1402930106546962,1.0859194719566336,1.0121944463631596,0.9992666902098049,1.3087539429029238,1.0580589539756
324,0.8583624221496375,0.8498627545037641,0.8890462529131379,0.8977125722467768,0.8972120288047225,0.9286556793970414,1.119249520496972,1.013097501778239
325,1.3397286850168686,1.2343379062393787,1.1661249482132736,1.1344965160727798,1.0908883819913404,1.0770151784687894,1.530756997944584,1.2571218618486162
326,1.2434521491690391,1.170202554010348,1.1576921321358944,1.0981889329917291,1.079257060760051,1.0812854673867691,2.144167533962119,1.195194632071778
327,1.1593004521821457,1.0863967642141326,1.0802494418534634,1.054996903008861,0.9885763489479852,0.9874089301322667,1.846983270816036,1.036807705309694
328,1.0875669755925021,0.8693950619671378,0.8675252916057584,0.8352754108703931,0.8061704650410958,0.8011456152107764,1.370208505803175,0.9260731242401864
329,1.209346858381395,0.9598386149360509,0.9454914903142203,0.8960656432254149,0.8758113355125478,0.8666930148917126,1.2814594652474822,0.9960169382058892
330,1.4210550747245938,1.2437284449221402,1.2075999756931495,1.1544012361115634,1.1251317593728565,1.1123538136669597,1.8009023544671856,1.2877365657669273
331,1.0141636506686158,1.0556493512319574,1.0968072558752529,1.1093576470978461,1.0816474714976572,1.0830914870544655,2.3837350894994827,1.0907397244557269
332,1.2609462320829796,1.0867170401796098,1.062519864988204,1.0313505385712565,1.0386542540185757,1.0257720677162905,1.37530268381562,1.0581667842886582
333,1.6421237997512323,1.320489204596453,1.2891769022780846,1.2075008608550448,1.1763275237497883,1.1533500906504572,1.892778139671158,1.2589365424207788
334,1.3319847484206262,1.1832566215124507,1.144187105040504,1.14476342279671,1.13144911192576,1.1356932363231158,1.4820197392973051,1.2980622712957433
335,0.7958813415223823,0.8195382818538594,0.8396960339167985,0.8390319542102016,0.7900116371193053,0.7813182591082618,1.1743377030215,0.8838527537663498
336,1.2331129563978853,1.120972823780183,1.1034342127492633,1.0333325782339948,0.9999299667737663,0.991303971260172,1.5758703570063437,1.1190137173624937
337,0.9519362886814038,0.8624718336344727,0.869311037215983,0.8713138176000097,0.8721460999985278,0.8823848394106502,1.2750207180788324,1.034822050346039
338,1.2169204111204066,1.0837644370704032,1.0840717259231065,1.0523629225256446,1.0351570119242222,1.02070407643163,2.0089983246608245,1.1577529585337345
339,1.2139568948672783,1.0925497546739031,1.0677801918420637,1.046031346638063,1.022381585253325,1.0093483027391776,1.529033315019382,1.1650857973214632
340,1.0046565441525865,0.9947031819634254,0.9895561248615077,0.9673706957855578,0.9584775934436175,0.9624786759905815,1.3200237461976188,1.1140971457673978
341,1.1982447860165157,1.0843854069590109,1.0697405978768297,1.0184816140884376,0.9834400173526223,0.960019418644461,1.345668794296862,1.187359803720104
342,1.4997609264914216,1.2057599318725352,1.198701150024163,1.1485001541565758,1.1137249054820406,1.1017093942526484,1.568474384715463,1.1844009769168975
343,1.1651903097751781,1.1367335747541487,1.128425233478042,1.137983706476095,1.1067704736851007,1.1028995686251792,1.2814716828253625,1.2096684712565906
344,0.7954767403384665,0.8426506826983663,0.8894676148524695,0.9457111733813984,0.9819345126829481,1.009765583268718,1.4556303535629034,1.081847411363806
345,1.3281837895861515,1.1374390255274762,1.1321728675262277,1.0825250651992344,1.0516171488303534,1.0358088438495276,1.3465536307819457,1.129198742212834
346,1.3516498243512263,1.1470348828241894,1.1036207587606273,1.0431147865755408,1.0037782504452724,1.0000702011187592,1.3958609183409791,1.105814623823015
347,1.1441713878082136,1.1871698608974626,1.229704038645834,1.2499794387830416,1.163060258595822,1.1300638935880791,1.247545209505709,1.199460788892005
348,1.0471962057926405,0.9912108894050303,0.9843542736673375,0.9827210589761193,0.9377978827190718,0.9215774429112857,1.2084274566051612,1.286802572938556
349,1.384544688212937,1.1603589491858717,1.1013220658598117,1.0573116771603244,1.0089485797280873,0.9977245177542543,1.4997924994840224,1.109566075907931
350,1.3834092099073876,1.2030563549271662,1.1142381261726426,1.080675807306828,1.0477918469444543,1.0375029642417255,1.4227884458528983,1.26588370990801
351,1.3323238374615474,1.2431028645587974,1.2015434627625416,1.2037529962933757,1.193084823940414,1.160183885733483,1.4838174425597466,1.2600941659823246
352,1.0158839742658452,0.9245537852518854,0.9045094874653693,0.8783942498539293,0.8596023462376413,0.8417835527448079,1.1594692392135115,1.0302487247895542
353,1.191983200726603,1.1731429982091957,1.1546381105482764,1.1341810934996,1.14027351791304,1.1210086289881613,2.3809317893516315,1.2384327522843597
354,1.2655850794784786,1.1190859203063832,1.1013682895010146,1.072039445763414,1.0792590667046236,1.0989502911615028,2.480461318199873,1.1842343484829998
355,1.3400997620271227,1.227371496776186,1.2289030102512994,1.246267397823646,1.2377018435985851,1.225956356961009,1.7281332543194636,1.3936823496975543
356,0.6938318747624019,0.664607396897295,0.6627353386286211,0.6994659287856595,0.7770480411089196,0.7840932870460269,1.0670166892472095,0.8580891486797801
357,1.1041782367484014,0.9507514054873631,0.8991443455790641,0.8656032998049856,0.8374548211025451,0.8303872807121084,1.3268198813435683,0.9901304791715356
358,1.2066132953765432,1.0553087388005835,1.0130681896149465,0.9902375554225147,0.9633646796165889,0.9491971748798967,1.3688890684036188,1.1172416971308572
359,1.5979729564396938,1.1399970718860035,1.1902930586647167,1.1191018455514214,1.0715744392589515,1.0472959622108866,1.5479127214199857,1.1935635593236722
360,1.3690241693746217,1.1555560571084251,1.0737078872943786,1.042555359505151,1.0067849905795678,0.9949446344206008,1.4350540345692602,1.1145823954422618
361,1.0144895647751981,0.9376200151998536,0.9461792432833462,0.9728421552014823,0.9682276774925929,0.9596629331890498,1.7783256033002603,1.0185663877217963
362,1.3622074715718688,0.8914007078625085,0.966204142460554,0.8870987710556338,0.830370947193206,0.8234531426174718,1.361120089379933,0.9888939107337577
363,1.270697956238263,1.1486608081008471,1.0910264649974366,1.0415244425779788,1.0087427981741761,0.988038697656148,1.3244252339543363,1.132902602013432
364,0.9558816797193799,0.9343111627269283,0.9417138449270942,0.9702898776825044,0.9534347939131005,0.9629170468337429,1.7237605287255775,1.049353120858092
365,0.9947926638537483,0.821455830974843,0.8404472699728311,0.7848685385226006,0.7635384718261019,0.7541501709127245,1.0728223049557506,0.8422075070414609
366,1.336371745731593,1.1619390404036303,1.1388859237407796,1.0817607512626504,1.07657380667339,1.0675521622736697,2.0834538048474887,1.1030661793020224
367,1.0125918529822957,1.0201695726978073,1.0466313067101602,1.0724706499359102,1.019231882645349,0.9955247897916929,1.3621971758057392,1.1846732298343263
368,1.1964598808032572,1.1618813543672184,1.1533411657398507,1.173270948538588,1.1564198306516824,1.160226484564577,1.374332865942086,1.2168626191100085
369,0.9891609941738206,0.996080145158559,0.9901299843979425,0.9966572157036127,0.994583153195489,0.9756417301248519,1.2806174262110912,1.0444885243566835
370,1.1901453204496406,0.8732923025136872,0.9205068864047516,0.8610159260828661,0.8305914798319278,0.8187510620500527,1.3208738075381006,0.8968885787572453
371,0.8930805964986918,0.8735059179540478,0.8615340124108938,0.8775164276828732,0.8942981168463631,0.8874406592399662,1.6181050592782844,1.0453593119467266
372,1.0947266887606242,1.0549914061685626,1.0257959748393548,1.0106493103604002,0.9945697746945071,0.9713869544009417,1.269744674863331,1.099472222960964
373,1.1134355672442509,0.918524614030509,0.9154852787035217,0.8722876877905146,0.8440000331525144,0.8318219395384124,1.628798019764785,0.9914410850109886
374,1.0845840389859567,1.1193442106008238,1.1336413324162393,1.1139197471304412,1.1050235509054036,1.0961880427022919,1.3374494154066014,1.1536261200433222
375,1.2559002752949728,0.9907477625912238,1.0251900559106841,0.9935909166004759,0.9490891634730554,0.9288164811002515,1.5574592473630489,1.0862652541684965
376,0.7947553147126314,0.7302939856658903,0.7304283385918526,0.6995932241001842,0.6852684385306146,0.6597360781423314,1.2663580681962738,0.7933713632595587
377,1.1855369827085638,1.0015802549116506,0.9748498582256441,0.9388202036051142,0.9157423491164294,0.9080340286201556,1.5302137084148573,1.0607447452934629
378,1.0340610777538821,0.9528428479937473,0.9403247058989785,0.9139807476605637,0.8810402493677337,0.8731528195342028,1.2360553053884076,1.0226504537084562
379,1.3650503378195242,1.1859037685057676,1.1657916144668687,1.1173748403507557,1.0820084004428074,1.0667283560190184,1.459858555438581,1.1850375799273425
380,1.2646709552167705,1.0230797735936081,1.0009819123223478,0.9451250145414027,0.9106864667268174,0.8975925504174451,1.4947095100198613,0.9909325551492608
381,1.1716724798017613,1.1334130638940272,1.098355755578473,1.0628471618222288,1.0098461614653655,1.0019580100160868,1.6479943913184911,1.2349270175330174
382,1.4312781238647672,1.224182742254297,1.1549331575333985,1.101868542618368,1.0603212344282915,1.0398746004048771,1.5168057183653867,1.2674482074459967
383,1.1866376758748907,1.130447271744563,1.1106618397912589,1.0954336492821357,1.06510103881323,1.047202890571621,1.351958103840617,1.1644944867888711
384,0.9605057664605926,1.010141685245357,1.0068950047884153,1.000127205234622,0.9736934133033656,0.9581359057376987,1.3693111724618177,1.0893004137973947
385,1.2742471699264162,1.0081041603951935,0.988086278039766,0.9360548862788997,0.9086055150431086,0.8875147448984244,1.4622554527117737,1.1016857963927316
386,1.3175534425300586,1.1324457254260485,1.087190705490115,1.0564187799057736,1.0121723468832589,1.0047126110914717,1.3384198631905184,1.1910904515642904
387,1.4905972333265731,1.304739818316625,1.270559174720164,1.2732472261090302,1.2206448296727792,1.2073455541604219,2.271358922558097,1.279618838462353
388,1.2812628548954936,1.2390265490069765,1.20612222609859,1.1454341974650322,1.086550338122022,1.070057130512974,1.5929311119627976,1.187761854925631
389,1.4088824384549044,1.0922304108333614,1.089397198486017,1.0307871613551818,0.9924955537678041,0.9718446396893048,1.3716943248860465,1.197853912953033
390,1.2420862851735917,1.2071063275163993,1.1815827179489113,1.155303810259892,1.128413447385614,1.119289999758852,1.474232575896057,1.1705711145207451
391,1.464923613160439,1.2557389099588043,1.1903997156712656,1.1186068957640043,1.0813953234421598,1.0671706943144805,1.5760550038971204,1.2138563765824832
392,0.9292707930175095,0.8928004712055227,0.8729677727986149,0.8929124547336121,0.9146824515090435,0.9200611354363337,1.3027756997157196,0.9955216197963644
393,1.2496036562819501,0.9222811699797446,0.9316297003508675,0.8776701848450222,0.8338722157049876,0.8294439896114119,1.1561126337542746,0.9238207722176972
394,1.7439040549411968,1.4611334101920346,1.3766311876077535,1.3233465771987625,1.2170751081807796,1.2101924181153527,1.4713363535532735,1.404748047064534
395,1.325837193504379,1.2363455647897554,1.2218407113597334,1.1933194014098143,1.158143711338396,1.1361791802720558,1.3588623372609203,1.2086381791190994
396,1.3367613708287205,1.305190923673579,1.2432714417958959,1.196543209478573,1.1217421615100927,1.0843872156221288,1.3981232513377695,1.2461330926566805
397,0.9886404718142031,1.0151287185883462,1.011637194203748,1.036272207507916,1.0392427795890327,1.0245792488211243,1.2173763915070424,1.1357466034567212
398,0.9640360414633213,0.959137295271032,0.9636577798196755,0.9599706712152644,0.9098866939641127,0.9159480613515714,1.2223000025666764,0.9619480266392356
399,1.2398384855532347,1.0363265609175778,1.0029841237940127,0.9671041192968377,0.9216284171379728,0.9108422321264702,1.2232379111445644,1.0481314492904272
