,window_size_1_RMSE,window_size_2_RMSE,window_size_3_RMSE,window_size_5_RMSE,window_size_10_RMSE,window_size_15_RMSE,Plain_w200,Plain_wAll
0,1.1702075038531157,1.120198495335563,1.0898890699232409,1.0738313987813697,1.078105179787387,1.061899751450942,1.020775631968707,1.3163828026093856
1,0.9373663910199895,0.9513503738119529,0.9845376736413962,1.0251779069550735,1.0451297035049747,1.0238546242938666,0.9128012725455144,1.1394752000694288
2,1.0863281957863524,1.058948671610636,1.083946624640581,1.0966062676888244,1.0561934142138454,1.0514011072337752,0.9973855329295432,1.4146132425188316
3,1.3235898389036274,1.162437185898683,1.119902833569829,1.077241298714776,1.0356835885101265,1.0377793125642638,0.981604925742242,1.6050617041442594
4,1.5754746815374492,1.2238442837635894,1.241632752657518,1.2006359019459287,1.1878655965914602,1.182672531462063,0.7371644697932602,1.00835417108385
5,1.2700608756524363,1.1660610376461933,1.2446847291987297,1.2559787980712132,1.2255379574993173,1.228696168651514,0.8286501016660011,0.865180192557398
6,0.5556968564200017,0.6537427016475346,0.7392161023035616,0.855882550171648,0.9809326747044407,1.0124085986741693,0.909703375260432,1.0216705656359104
7,0.49760890849917855,0.5183995426912968,0.5935756043022553,0.7145523531762961,0.8739546141720623,0.9728245544337147,1.0970461414693582,1.8359112866701808
8,1.1821040318938685,1.059419369754251,1.0608965705427562,1.0640213422782367,1.0592591551957289,1.0450979338736324,0.7229925303402795,0.874541776661372
9,1.3402245569183255,1.0626093867901414,1.0763519594664197,1.0355518582118532,1.0038137551065092,0.999019003417147,0.8125442642376788,0.8188129497909066
10,1.5696608107388672,1.171234386254603,1.1304887413145177,1.0820339381600292,1.0349684690858647,1.0216915540001057,1.0669143273806154,1.34586991287436
11,1.5964207185990658,1.1729312511126666,1.1709876837726656,1.1449402392417698,1.11946286311923,1.097752739110897,0.6892816545195676,0.8932218962544123
12,1.778335214898034,1.1100149149551677,1.200102219694731,1.0998516123720357,1.037491692255848,1.027153462628289,0.9177932321991368,1.194218032759431
13,1.5909579037622676,1.2208939513533876,1.2101370664648226,1.158389658984507,1.1254984594642783,1.1201300776020247,0.8645207005883135,0.9350498383382876
14,1.5390854895622934,1.1207356260142374,1.167575363069135,1.100076670511874,1.0586929964149054,1.0482903352789839,0.8279633578250707,1.457489703611456
15,0.7994072443838892,0.7613967760262872,0.8416404084427298,0.974046147247514,1.1156305516575724,1.142593085472031,0.7096994075700798,0.8064491118006414
16,0.9978377047928565,0.9130297320257001,0.9555436859328585,0.9985642117196973,1.0430288497832825,1.0560682374879824,0.9814525597397668,1.1584232853020382
17,1.1972622674639768,1.0904520833199864,1.067281529138094,1.0421902683802615,1.0274523691876976,1.0193580288738175,0.9992425181297588,1.3789789230527216
18,1.5307281695157016,1.1397025303679529,1.1736242372650176,1.1009513747135358,1.0580451132502287,1.0446793115199204,0.9223937703988586,1.0479467970325949
19,1.193180364073131,1.1756674187176825,1.1974623764704615,1.1794195503158147,1.1977334268899897,1.1878238723568184,0.9733368589150168,1.1890085244029438
20,1.0777854084973053,0.9306920340009763,0.9869526994675473,1.0282599130386676,1.1156568766135624,1.1285655138628428,0.6821462412553491,0.774890567083648
21,1.562474921880292,1.2517596092473187,1.222348431214937,1.187154431798073,1.1523881985149678,1.1459131969080594,0.902127863143535,1.0439216122619397
22,1.3801255565205386,1.0294740631088792,1.1157026945320108,1.0920830647852744,1.0692094810917638,1.069891062499783,0.7064658459692289,0.6988957101901725
23,1.7610539392472417,1.1603485377771952,1.1651809751638482,1.070808283478805,1.0257876306084395,1.0195247732831207,0.9955913031590456,1.6668898066357547
24,1.4294214764351703,1.257594412673476,1.248020826490158,1.1965924284348117,1.1902049849908365,1.1877402260691263,0.8481678289201419,1.117485964562914
25,1.6472175774304898,1.2896584336257337,1.2214126591785872,1.1624246077753007,1.1073331137073634,1.0964638108434173,0.8279711621696662,1.0406933604304192
26,1.7693724690861186,1.0637293452997811,1.2480065729334617,1.1467286785809554,1.0625050128748217,1.0606628841695582,1.0047277119847378,1.2939330447087207
27,1.5243055353804544,1.2300097325210844,1.2603907858281147,1.2141221400114113,1.1837790756252042,1.16652247367882,0.5995294398230979,0.6366826514301515
28,1.4121816165911303,1.0141764474558836,1.0714170938435692,1.0103332155690747,0.9841978391395922,0.9743600054659557,1.072351139227503,1.4189660693673505
29,0.9777917467453465,1.0035310220898253,1.024851167648219,1.0559464060657682,1.040271217894002,1.0155091346396148,1.1014284756348285,1.4282799101773778
30,1.1814245692287457,1.0732100572373309,1.1026629586910777,1.1248799264080083,1.1090285842483598,1.1015720960786546,0.7292593674456042,1.8852790643665365
31,0.9558017360651251,0.9298308548626836,0.9824500205392294,1.0608427452004938,1.1091148338658081,1.0914948265542948,0.9627402015910436,1.124733389970648
32,1.0140958847501282,1.0419850115665306,1.098567749500945,1.1317707365600873,1.1163983628973604,1.1295916519026918,0.8954843326527943,1.0297106573910444
33,1.57819446788931,1.1050282268703502,1.1783845011057896,1.1180548069131202,1.0949086696083312,1.0788765037809285,0.6963665312987692,0.893781715232996
34,1.3917757595557787,1.0598255762425375,1.0468324825697024,0.9986390720942848,0.9742767502079708,0.9565407429016493,0.8668179668206974,0.9333644029518192
35,1.2155134480321572,1.084732448339597,1.0767623666908381,1.0517361132226872,1.0630045942726187,1.0424647600391985,0.9203936245744828,1.2067204632730586
36,1.2093279633451999,1.1309694269126391,1.1373371422253702,1.1046804776069388,1.0903171050658584,1.0940592637530748,0.9888951879041576,1.5101191881823115
37,1.0473104847208052,0.9987940614022729,0.9933081965734243,0.9563140980306027,0.9012171419357204,0.9014688268850429,0.8709733395378736,0.99303086723429
38,0.38014884013178235,0.4419683306837161,0.5011534948150214,0.6111058568859901,0.8120090409992884,0.9199081093749139,0.7910946339037193,0.916115111359382
39,1.2781082977097808,1.1548455443284373,1.133296434353175,1.116699437478392,1.1144649304604521,1.09339262652598,0.6718890173750407,0.8556361833861742
40,0.8251762731959826,0.9310976530827756,1.0037822900158653,1.0808915016672145,1.1490403953960522,1.1606954924257558,0.769709589924758,0.6897958128670746
41,1.8211824497466236,1.2249840194211374,1.245364392757864,1.1644570644568886,1.0885129868682062,1.0857432558356956,0.9773874320332888,1.2284469734813712
42,0.4897474606522706,0.4604624273700884,0.4953215253407281,0.5576424636799124,0.6387792753335902,0.7028370275226754,1.1253463754402069,1.4853785669327149
43,1.7912604910349696,1.3057623594481798,1.4268865894400997,1.348412005894443,1.288265033533344,1.2792489875866884,0.650418069150929,0.7696705207091982
44,0.9782695540196702,1.0451139215675338,1.1080382138373879,1.16565153259738,1.1777237067075035,1.1373144190981224,0.9764335554449256,1.3857657694978465
45,1.667821416822138,1.0539984807893583,1.192009418688817,1.1042258382969938,1.0177434136567316,1.0186069188813938,0.9982115544774076,1.1947444547404138
46,1.2396644360605527,1.1198658516776292,1.0877600664919147,1.0606447505771344,1.0509871151281769,1.045630789476345,1.034981636841397,1.4423858708376776
47,1.5869473594819592,1.2096408514780437,1.2102566096595957,1.1861462507824927,1.158967582842748,1.142157197039518,0.7830589796585629,0.8517639755100507
48,1.1737576209721905,1.041000957372604,1.039476861778082,1.020530040523698,1.0057405839945968,0.9947959056045962,1.038381471143273,1.2028518930818342
49,0.6294513514179503,0.7192698155325358,0.8026409816279949,0.913295065173169,0.9953681493867743,0.9594991636769306,0.978721664791292,1.2830235323308772
50,1.8073643616044182,1.308251354768152,1.343848966437777,1.2759526006861737,1.2384236546761973,1.2190531214704319,0.9185982998021962,1.192553920154141
51,1.4663928271679918,1.1554913417698138,1.1461742025536619,1.1122925642204873,1.0875973456751988,1.0780569643188407,0.8293103731340756,0.7476403746120757
52,1.448233105408468,1.0431826688933747,1.1035850700778267,1.0461895347158676,1.0087370549823127,1.0074091025476,1.0270754786762497,1.2903908394840646
53,1.568580964554148,1.2601318372646069,1.2301106866113791,1.1872891783375819,1.1371136219345412,1.122834929253344,0.9547167702987522,1.1224059498309702
54,1.0459058207658207,1.0143862900988754,1.0506620343888158,1.090427877742837,1.1452452744506822,1.1426256455486814,0.9366888802216856,1.11133461138548
55,0.8444116415225479,0.773238531796819,0.8136488991745006,0.8466705934538472,0.9019128639839872,0.9202326194051625,0.9876900217692912,1.5436075078211389
56,1.2310329822912356,1.1037858962977203,1.0962069350456045,1.1021452161682603,1.0788956551809759,1.0586121131199164,1.0467752464295983,1.2598714396492068
57,1.6668987115648473,1.1953646715132884,1.1987528132936434,1.1270660969621038,1.094406586448277,1.0850032977321886,0.9418146804485876,1.0926804768267604
58,0.6364621726425365,0.6925874471276929,0.7524014837427289,0.8380306268919696,0.9771366269130796,1.0890015678699787,0.8793777374099975,0.9731482788989426
59,1.4272185883059816,1.163762329980275,1.121482858171139,1.0787315433721631,1.0970275721382925,1.104917700819315,0.963188764057146,1.173091963266928
60,1.1764841824294348,0.9903598882375676,1.0034247093887518,0.9783987024197395,0.9547269892514229,0.9462254519829217,1.0835435676915548,1.850419305421653
61,1.9258393171992152,1.1949327466000472,1.308833608309557,1.21826139826366,1.1801201102934598,1.1886978067503966,0.7104647157193046,0.5993053766352385
62,0.8350966174920051,0.9490615163772276,1.018768373538834,1.087761527426786,1.0651432636811178,1.0759503309625096,1.0119415763443818,1.14422315451659
63,1.3327944487039458,1.2010594901662663,1.2321338551210168,1.2248207340982795,1.1678528747826826,1.1480498052669794,0.9246014744207404,1.174746600580511
64,1.406877058348762,1.104477890241396,1.0852825807693414,1.042724966073795,1.010429341946393,0.9995126032656003,1.0330383770250289,1.2340585881760742
65,1.585663618744113,1.3330800782403003,1.386359700040319,1.3474853463562524,1.3066845895250363,1.2716984876067339,0.7194983326310685,0.94861773003744
66,1.359968423925936,1.0702888780020035,1.0770344271366867,1.0537743389950374,1.0433537612024903,1.0436872601327931,1.03092547924697,1.4247228640964054
67,1.3757552652884786,1.165098019711636,1.142384247793987,1.106524857246085,1.1297404355170868,1.140591611288072,0.9298457540234948,0.9649128418627574
68,1.151138876587659,1.1457562551291063,1.1800637705601362,1.203900683877075,1.1943109988867235,1.1851512212373359,0.9492519716987846,1.7998010556351418
69,1.2651184998611387,1.1729103141081048,1.2076718904018984,1.2145996027336727,1.1870205596965862,1.168671596368406,0.7794876773204891,1.1074067121355151
70,1.581719260157351,1.0624902350022638,1.192970005733051,1.1167122150487652,1.0527278812165528,1.054567443043734,0.8948819466076663,1.075252090150301
71,1.142037571380522,1.0282890188963827,1.0461675302803082,1.0342559744471664,1.0176571650228587,1.0014057729330015,1.01349141807283,1.253246462446998
72,1.5549800498490487,1.1041979117381968,1.1849364084361722,1.14590266840609,1.1198685816192224,1.107189883469084,0.7802566612728745,0.8598833588214676
73,1.6577227574212006,1.164563893851172,1.2001179899682817,1.1450471362010741,1.1200130019334096,1.1394677612258917,0.6751401921833126,0.5816793536949227
74,1.5968245513485586,1.2383629276789632,1.2659884437724562,1.2102220587330448,1.1623904850548956,1.1557080486094093,0.6461288718798808,0.8773741051894818
75,1.7075189184068447,1.2950443753134122,1.2401623607906411,1.2076237940052197,1.200384514652564,1.205487789128358,0.813482735033336,0.925837918284776
76,1.2266356019024955,1.0749930688146616,1.0849651763980974,1.0848165149532822,1.1052915237415324,1.1143876223688094,1.0763948053890264,2.0594700423501195
77,1.3725864274644086,1.1647893964669516,1.1479858351660455,1.1151408338144961,1.0689879745734112,1.047281666952544,1.0895932512134008,1.468764664172954
78,1.4198069969901796,1.1480774886304077,1.1166005286510727,1.0641706336402663,1.0403024413363358,1.0286734450532953,1.0295576255570476,1.2115608281537582
79,0.5921289033457682,0.7012220691381716,0.7890858991281808,0.9012091145711448,1.006444554833201,1.0357788175284777,0.9792778248073918,1.2457043498446994
80,1.5626378148246751,1.0598992310002153,1.1553323927129417,1.086002924386868,1.044781001892227,1.0297277418819826,0.8642903231173318,1.3283967555246683
81,1.372860884300361,1.0260687254306498,1.0376295860661169,0.9855761778142734,0.9566930228013542,0.9538582212359753,1.0578139410839478,1.4163270963860548
82,0.9645552748204288,0.9892461721290177,1.0185796728717766,1.0358147802279105,1.0252211013744454,1.032107970119522,0.9821092659642916,1.0409881527236535
83,1.3000576820618364,1.1239540521630575,1.1570969764687271,1.1292278952712855,1.0680743620496957,1.0721029464716991,0.9769270288495798,1.227851267196011
84,1.4378279756278458,1.0254521669992047,1.095773096126649,1.081701101075473,1.0954996476667402,1.1099646174239144,0.9165386401487964,1.0030244888747653
85,1.8955247333912721,1.235012157845794,1.3760772806647084,1.2830815895002512,1.2030883534267371,1.1919515257931346,0.9944696735876044,1.4993519153242554
86,1.4303847624932196,1.0908857472876767,1.1331207327304471,1.1116098734436521,1.1101235324177474,1.0929710578583376,0.8350889029758242,1.1988241102772268
87,0.6392031646689385,0.7000578278956043,0.7574219891406856,0.8303706943892533,0.9138802769002666,0.969157525429413,1.0596966783370316,1.4412952544955164
88,1.487348458187995,1.162142991513822,1.1587835354422475,1.1027567994144016,1.0621750664518728,1.0504308329494596,1.1366198606252025,1.3535210976986258
89,0.9266870116796807,1.0564000080487062,1.1394311308622058,1.185004097293738,1.2167421205395412,1.21460904791449,0.9446973034015956,1.2293620502658646
90,1.1343279627581702,1.1171882847254442,1.1116413893692154,1.101804681317081,1.1189163065348982,1.1233751247069266,0.8401757609868593,1.0380870983298798
91,1.3144862933565615,1.1671658713615753,1.1730024991302657,1.1312149233625564,1.1171901092042824,1.1210381531279878,0.794090207466627,1.0473483007455542
92,1.651825099697535,1.1654517356600071,1.2016319243727172,1.1318632095507652,1.0876181782392205,1.0766944321490273,0.8707615400140041,1.0471153222108966
93,1.8481952396316887,1.2097953682574873,1.3394608518644067,1.2496743060716233,1.170861485787233,1.164189299467794,0.9902416008355852,1.5051130535750488
94,1.4496033366917418,1.1938801840373394,1.2061471471832872,1.179707803934541,1.1669315086834435,1.161436415265052,1.005616444892159,1.4983465606144966
95,1.4783144657822518,1.1677087650862612,1.1820067117253081,1.1446939171342165,1.1260427305050533,1.1080077930456937,0.9241402143477022,1.1370420880185537
96,0.721364920805587,0.5632230281471312,0.624107912054958,0.6812248738388788,0.8061515741865389,0.8851541245182813,0.7952456521057064,0.9876616192164626
97,1.5411798736100804,0.9946521435915102,1.1232103635874184,1.045428789754096,0.9728698984840962,0.9779162325853787,1.0688665086663856,1.527796266967166
98,1.1764966465907531,1.102809360510871,1.0952665344268406,1.0697202210875882,1.0230454337506534,0.9977107967966413,0.9893505297767682,1.2516531183899249
99,1.6141198234260554,1.1166602440297757,1.2067369527872132,1.130974082230409,1.0846737746867627,1.0843599244985684,0.8954712085119997,0.947301635251104
100,1.9277343760962546,1.1952110186851579,1.2938970706806752,1.184645240853192,1.1193907673671724,1.1163105674589333,0.6274238235192802,0.6238369771486107
101,1.3761608588628307,1.0975063980691693,1.0646031117523331,1.0224750735623302,0.9938832807175775,0.9838247012776197,1.114754948820432,1.4704644262922164
102,1.6656873237077854,1.2380219814947284,1.2426165887091234,1.178373993015277,1.142389069756926,1.1170608921826788,0.8141466122460495,1.055954980769641
103,1.076405891395936,1.08126671587471,1.0863455243862472,1.1046670728816879,1.0585931886335138,1.0494696637194905,0.7586315651457741,0.6041975247059225
104,1.2260112781665844,1.0727042544674288,1.049440382612652,1.0260660525069607,0.9810002528389811,0.9715969974296865,1.0198538558856969,1.3184262837500185
105,2.0336507832048856,1.3059724558631798,1.2861248388809337,1.1804635499391725,1.1195140518207602,1.1060419501589078,1.1100938863599574,1.3806263141540358
106,1.4710831899560477,1.2022493569791837,1.1922683820560955,1.1338063907528289,1.1018220471197,1.0821508226316165,0.9747045084193028,1.230104253408718
107,0.8724393617314455,0.9042047078889432,0.9370908343987749,0.9642803240465195,1.0094732260413417,1.0147882651095377,1.007259962893892,1.3155141708980551
108,1.3890950890739135,1.1563455088173864,1.1603040994281637,1.141156441571446,1.1350422013492671,1.111992441360315,0.8094061785209138,0.7521937787516673
109,0.9393954207580555,0.8874784636130887,0.9633788622294183,1.0450919288431804,1.0947374665678469,1.120175760604903,0.9129187962606014,1.2497574970365375
110,1.845918734117915,1.2384400708776244,1.2910932389906757,1.1974418977038228,1.1407363807855775,1.1411345727003068,0.81154417446686,0.6858393879200494
111,1.5779612827489142,1.179862246171389,1.2067287585405222,1.1529695027599074,1.1081645781200455,1.1093693972921166,0.9629741630350545,1.3989612998459544
112,1.4325047603316463,1.1702993652417837,1.1881535608317835,1.1640984482940353,1.13431502337137,1.1279716465248777,0.7002392427847698,0.7761059295549468
113,1.32428622034087,0.9815362183624955,0.9928015558703761,0.9573165660647351,0.9513426236549221,0.9615684083893222,1.0129739593183,1.4104307656105473
114,0.8190580833251331,0.8736388144439237,0.9487019191383149,1.0340681833847898,1.1059952001699849,1.1152731372103586,1.028694858987557,1.3983681213850674
115,1.8037131491489315,1.2532823405307196,1.2498520119525578,1.1714268304437445,1.1316349445418934,1.1257302573203067,0.7406586607385628,1.215993008681488
116,1.0614189831008265,0.9556915922872387,0.9511067002934217,0.9440637665287293,0.9636798454946508,0.9868779084055944,1.0047821641304684,1.250766735375051
117,1.6796028637939118,1.2286031972459,1.3279307639234186,1.2606446549157881,1.2093811777914483,1.2044546964435394,0.6405198902130309,0.6291477414613574
118,1.8787235447760031,1.3471176760482346,1.2927163376505748,1.2258583856815342,1.169843737445125,1.154657661853976,0.7923688531454023,0.8966271426685661
119,0.8439000684147827,0.8985205770417105,0.9834490948797138,1.0933956014512662,1.2087546139002585,1.2486416724626475,0.9647209123665794,1.1785859814393835
120,0.737017550116467,0.8243338458512582,0.9110568869694681,1.0274462650648548,1.161935623750662,1.2141495479365831,0.6499691287570386,1.038860921943684
121,0.9704742895473506,0.9978954584984034,1.073186579749985,1.1482865896281336,1.1729896991093143,1.1750241836174662,0.6791019636506934,0.7144392393976041
122,0.7037787764591098,0.8226093438012698,0.903879150116827,0.9908724569923941,1.036546059760999,1.0362692031110414,0.905600063709322,1.1877738486830691
123,1.106325701175298,1.0408427389886041,1.0392458993919305,1.0284456261709207,1.006692527446737,1.0089850381753849,1.0526164485097425,1.193171254607056
124,1.0561061819188053,1.0530466517757693,1.0747654137922862,1.059706863131895,1.00497241679691,1.0147898756517937,1.0708974834346214,1.2766894704957357
125,1.7250646860277,1.206387331322268,1.2912341472247262,1.2108170456175515,1.1651448598482137,1.1492408190180274,0.8515538683190438,1.0151919328201402
126,1.691092536709883,1.194903131943337,1.3543821288702154,1.2970246760715802,1.2343498462948383,1.2564710551797922,0.778603952398458,0.6413867601343286
127,1.5044033658228726,1.1410829996447598,1.1731656717522505,1.1638937956041935,1.187686920840468,1.1875829535313103,0.7725967466547611,0.9305379484633094
128,1.8695479066629486,1.1840326108727794,1.3629753665283706,1.2599925109072734,1.188804486896451,1.1789478365653336,1.0151917303588478,1.2988854978427633
129,1.318454670810995,1.1657627351299562,1.1946847906885396,1.184046036755376,1.157184741502641,1.1750759462556382,0.719291633838105,0.9382958278288912
130,1.0169041630915356,1.00266009357628,1.0157809891734608,1.021864027615049,0.9769685543660055,0.9639935504802947,0.9121895171013464,1.023699771103466
131,1.2183936611690376,1.0872677008816105,1.0723979305064117,1.0563074772624457,1.0309389628265746,1.0206290725756997,0.8133007330870664,1.0268187437114802
132,2.148690334730549,1.2750789292694045,1.2808869126795512,1.1657510388252321,1.1123323072268763,1.0975680195731152,0.8365288549447076,0.8762957087005383
133,0.6202459145940726,0.7246834559381838,0.8054005687087743,0.9180362315601426,1.0172243578119298,1.0332464773693224,0.8694298865283482,1.004104180898029
134,1.6770907533777268,1.0968018871996308,1.2011019698181729,1.1115154127012736,1.06026619106932,1.0453383209104141,1.0396789710284593,1.3778175043945455
135,1.3781093151767538,1.1592650810271998,1.1652130361256186,1.1445107149867335,1.1313687635887766,1.1283826071503926,0.645837411422791,0.6510156453872211
136,0.9436637719379245,1.000757928981346,1.0506186116237508,1.1021362190062467,1.1225496063624312,1.1352280698372113,0.6415525863602037,0.7674576734978444
137,0.5956200368679895,0.6800265295166127,0.7585979570214365,0.8698499264862998,0.9976091500575359,1.0488603349420555,0.9635192449851298,1.6579656194767785
138,1.20828268742506,1.100792111037369,1.1140229403720667,1.0988580225758855,1.0686393556383476,1.0537744512409288,0.8679021839065584,1.024841702734846
139,1.4078359781593082,1.0881734275939268,1.109451820473184,1.0742042962875242,1.054474202878168,1.0376833092039643,0.8861085881987765,1.0177158539016071
140,1.4660394457186232,1.11586117222531,1.11085253729039,1.0729618251378918,1.055984621574738,1.0527677662573713,0.9367302113337996,1.1320884146770331
141,0.7970078772865756,0.779864803880415,0.8579377809358678,0.9472683444419296,1.0537060972706298,1.0377941935252417,0.9319406259645026,1.0054195607443746
142,1.6780816958307485,1.0302568477541707,1.077464431919295,0.9885839899440027,0.9384978045500326,0.9418154219387315,0.915245714426356,1.4002193878150653
143,1.1083777816623652,1.0110118867158313,1.0357000272310588,1.0413621640173578,0.9913954664255524,0.980274075461614,0.9539394635059292,1.1396105027737895
144,0.47428274026231493,0.5440471279494651,0.6362037699601545,0.7889680334992598,1.0486437699955466,1.1675490620909441,1.0837788278913465,1.3313374180153366
145,1.4958130656793591,1.217621149892504,1.2456407128440625,1.214696909089414,1.1581809196481103,1.153790360031668,0.6225112096278622,0.7500152818921318
146,1.6818480590579534,1.1359594817298388,1.2379061582577013,1.169969675652035,1.1247434233907185,1.123458828050639,0.9239640008231448,1.1054991168536896
147,1.8043010423823531,1.1991684200621668,1.2231437056603496,1.1552607746898123,1.1104685601359527,1.0982776764995967,0.9514480271710264,1.272809935870428
148,1.4815629907358518,1.1423978206570866,1.1637670036207357,1.1284343915460233,1.1363791616983232,1.1464530471502974,0.6047181933692077,0.4837582775259206
149,1.4359482081967851,1.2413393078846091,1.2541249561795482,1.231335001091973,1.1654053010712047,1.147623046900719,0.6555673881106416,0.6356037978870337
150,0.6322569911425426,0.7034128989981924,0.7680935412709937,0.8666590008265218,0.9513494802138943,0.9225830457887422,1.0807021251897715,1.298699490373541
151,0.5536869790927793,0.6615755998920241,0.7563635205671705,0.8931436381474354,1.0728903593818007,1.100084218649818,1.089412041452758,1.6217590224450726
152,1.5570656452581988,1.188043961124749,1.1711034474492685,1.1059874447946358,1.0802520704141374,1.068910218849214,1.0847774378629969,1.3698108839619596
153,1.0828568213686705,0.9522931469275732,1.0260481690078722,1.0836193991728853,1.1465960299319327,1.1671469260393978,0.9102201788618992,1.21703026884975
154,1.1172937309100344,0.8845768089053481,0.8746690525118538,0.8289742887816045,0.8091302293222675,0.7995466804621052,1.0615371205553326,1.264765160797687
155,1.2443938077360766,1.1167805409288871,1.1182290083240938,1.0878118058152617,1.0708554750812023,1.0520630089816136,0.9263174115313836,1.033385465006581
156,0.9207461191837393,0.9564286839505908,1.0026645824947935,1.0333730509794476,1.000579502059991,1.0060202936986158,1.0354327388753872,1.233654691869819
157,1.0967501083526399,1.096273516457264,1.123509743046096,1.1444897694195226,1.1278346545419198,1.0969299280338565,1.040091096732937,1.236134647059091
158,0.5503340474565795,0.6027300903526863,0.671143991396422,0.7814804431841835,0.9601519652070796,1.0505451510209214,1.0950511887459249,1.260889752804723
159,0.728791608419527,0.7373826761946881,0.7943475103268317,0.8557798452920838,0.9364405901338361,0.9592546495977005,0.9653769982380398,1.131396871795903
160,0.9112509693026863,0.8724442279354405,0.9101290245370554,0.931414302605806,0.8795671151871575,0.8995025897731784,1.0765826708686408,1.3127370892527972
161,1.4745654502980616,1.1577678290325764,1.1736777652587482,1.1211570809761358,1.0913259918116753,1.085186941749226,1.0668936472983177,1.31685296106888
162,1.3799850862094227,0.9580247443915759,1.038208099513852,0.9930419301183047,0.9770517536575798,0.9839203814281311,0.9078031583676344,1.079825314051786
163,0.8319836607824714,0.763927057697909,0.8101511354085331,0.8736436285395092,1.0052769487569875,1.054743807516285,0.9608443056772258,1.3085908306033371
164,1.5225391859671051,1.1246932152404667,1.177066206040558,1.1359263248491764,1.1235463345968304,1.12541724515201,1.0001775522872591,1.376991685352601
165,1.2953805226826722,1.2017087845152659,1.1988769582012353,1.1600561332287462,1.1410305384692299,1.09507713377754,1.0689470885461263,1.3519807429867268
166,0.8696365658345856,0.8227158281102641,0.8406150791643511,0.8600694915097239,0.8860679676214384,0.903246003530792,1.0053614398341244,1.1853269502409258
167,1.4965622980286992,1.1971209152333062,1.1940356785400668,1.1451640822713491,1.107768214463881,1.09881491823547,0.958146493141398,1.190560898851151
168,1.7543736487146089,1.2150795969059882,1.3194119777474462,1.237962122343869,1.2021448418512481,1.1853261935934798,0.959557748541854,1.1435821505873751
169,0.4621134138557326,0.5211672285392704,0.5671830683835596,0.6491714143487917,0.7915411031805899,0.8273000128285356,0.9140055339272344,1.0754452032600277
170,1.2491225483062616,1.0874730387611777,1.1022592790551449,1.0972505707200195,1.092479433025463,1.0964748325883742,0.8074547455396055,1.0574720324807
171,1.7574235606363555,1.2229757274373227,1.3263961957349946,1.2550160872565246,1.2034322271986673,1.2070604769319595,0.8950337078211935,1.3115986735934968
172,0.8874287901519219,0.9885707082594246,1.0551461736277374,1.1151433975773757,1.0818127426565354,1.086243051026604,0.8961127849529852,1.3093064810021426
173,1.2344328332354897,1.0669890371152344,1.03505045054672,1.0614940826003976,1.0659848147142825,1.0719305352434294,0.800597430878856,0.9887826716588444
174,1.1277615083622148,1.0202185800970303,1.0273835853973228,1.011274882452306,1.0299330733280119,1.0289768271566573,1.1693643010054235,1.9451807312121363
175,1.3812180462334596,1.060283936193607,1.070041726514037,1.0235865629697383,0.9889882542589501,0.974432103003914,0.8348969895180844,1.0311562928209903
176,1.3885206983590517,1.1952379317484645,1.1762915673811651,1.1367360693524398,1.0926613304219948,1.0835910168341625,0.8387444833088864,0.8432374733853969
177,0.7788988098658144,0.852889981846366,0.8896367277274004,0.8968893809621074,0.8967635984696101,0.8661265072864524,1.0150282423740808,1.1596334205718417
178,1.496478179796768,1.2095433745863344,1.176404862442253,1.113685196991942,1.0785362120754443,1.059393019225347,1.0264125293693898,1.4424555209765464
179,1.4044272438272398,1.2016448785708782,1.166298873578484,1.1297373486530191,1.1151913693574473,1.0973434458104236,1.1211520031783213,1.7090478263985784
180,1.373920696336813,1.1366022237651183,1.1602392090497435,1.148819881324646,1.1268923968246138,1.1360811884732354,0.8268097468470346,1.046596775766416
181,1.5171942540920687,1.0364344333798505,1.1711534102043526,1.101641371660787,1.035674652879371,1.0421080476555487,1.0550499384243406,1.3127889775631982
182,0.9349228153866048,0.8359387465324113,0.8256719949606645,0.8073460588468572,0.7877447586822374,0.7766184617729749,1.012975242519014,1.226463901130926
183,0.47900258754092456,0.4853393084878139,0.5559044598349152,0.6656133222583682,0.8212226737144553,0.8987900391309379,1.074835188264507,1.241303369971143
184,1.3148131066013873,1.1433577424498396,1.2397597852229842,1.2346956924491876,1.2310343556344763,1.2404340681581723,0.5495732182845706,0.520938585924686
185,1.9752002858080877,1.312760761925949,1.3027043987191183,1.2036951299736245,1.1431972029229036,1.130325806401708,0.7735415515196026,0.9934775896205046
186,1.6443817535779848,1.1753160536340266,1.2526188882877518,1.1734621474932896,1.1207834023539178,1.1155647314668442,0.865444762372384,0.9547169015681648
187,1.5404833041155999,1.2112715972857582,1.24608591822428,1.2057957910337143,1.1750003509092253,1.152930534668489,0.8759513023050701,1.3431875136463638
188,1.6964925535742128,1.2538356809653928,1.2262210880996987,1.1408531070283823,1.11155056784091,1.0901343068742548,0.9244533630958924,1.0843496055691626
189,1.5232126386877576,1.255426006898637,1.2301210750069422,1.1956208895782194,1.1955010189295572,1.1807108460641986,0.8715719431718323,0.8397519393332487
190,1.129332836009724,1.0826934121286462,1.1101619789214188,1.154086242297694,1.196477396389109,1.197817909119028,0.6464157259057006,0.7429086994633107
191,1.5736387649020678,1.1795048259860406,1.1483553750878366,1.0897242295673149,1.0559850884693083,1.0444451670049686,1.1113953701330077,1.391786322890386
192,0.9255700970516303,0.8829476948203132,0.9165139373788522,0.9516542542320194,0.9932500836668526,1.0171145554636583,0.8749379749625217,1.2019961648426587
193,1.4750210013831786,1.0038975679780702,1.0881191807074688,1.0194618728107745,0.9804637416048875,0.9682948743889457,1.0235988322197416,1.1637226760819783
194,1.3766812508098805,0.9587381805770941,1.0331389490611,0.9776820022486795,0.9538672243845701,0.959126287832124,1.0205332155758478,1.115606990133451
195,1.5237362225148845,1.155669061331353,1.1768362409863073,1.1135568207830218,1.0913186951245128,1.0812179406928426,1.0391120037257922,1.475505334932873
196,1.3063332060915327,1.1651047304263227,1.1736108263993985,1.1556953356813142,1.1460785043108805,1.1340171685957137,0.7721991274142147,0.923201205945603
197,1.627438421262118,1.25135357474147,1.2813947142182989,1.2224494100285035,1.1736538870272546,1.1635515544394706,0.6538437443786294,1.1040404472786638
198,1.5268306349228384,1.1951604126739939,1.1577291920996886,1.1304367797526693,1.0827598119412434,1.0555384806030925,1.006459980405656,1.2728202594293072
199,1.4835129892249257,1.0281961084979856,1.129509412664301,1.0634780451682564,1.012869465544852,1.006273039477202,1.0207414232172427,1.3179282205884573
200,1.4489054574900853,1.080531074305691,1.1321698818618604,1.0762456901832858,1.0208183230163244,1.0121363165284225,0.9572194394601884,1.117414611855618
201,1.3284899416652536,1.0222866997064655,1.0953611725555297,1.1075151933202114,1.1355205767266723,1.1430890608641584,0.5198254478352494,0.6529429608396063
202,1.31255833208939,1.1918051011105506,1.2036581751329276,1.216235254279111,1.222113839090216,1.2127775910353378,0.7168402505623255,0.7356679232311736
203,1.5251504444931512,1.1218523257856199,1.0847291893029247,1.0266545312308204,1.004257143233838,0.9937469382388897,0.8313639249920434,1.0964687035752707
204,1.2310336833470263,1.1536644804749463,1.162519155311651,1.1481869689289255,1.096270432997461,1.0845058568812806,0.8799552073763798,1.0452651578911831
205,1.4246523147563557,1.1997315603853334,1.2054322618698858,1.2040481082384251,1.1887028005501303,1.1770082191383888,0.7052532941246114,0.8264637566687091
206,0.9687205614890635,1.0093437304896034,1.0597260421640982,1.094978756355126,1.1044252827985512,1.111402412201672,0.9023534613639326,1.1091366515585444
207,1.0906151288112063,1.078419876352145,1.0831094895497808,1.0676024616290207,1.0525698826347958,1.0445102886709685,1.0250290193038625,1.2400586147675972
208,1.0003972018882261,0.8161154025463534,0.848571710201927,0.8919985196974567,0.9557583411587343,0.9919544872512112,1.0583072312644466,1.141689580380985
209,1.8003563587075342,1.3251041615669052,1.3404444587198188,1.2755413132817472,1.2302661114870592,1.2180728678885704,0.741052154983831,0.8072706836973663
210,1.2811196074962283,1.1097677768315912,1.0904688996027663,1.069308359447889,1.0476651128170975,1.0414411495966984,1.0208430870861116,1.4704333348191212
211,0.9005211352187604,0.977568035163455,1.0323731904863067,1.093737932810113,1.0952581751356798,1.0896772302673716,0.862480454400165,1.1589803502309508
212,1.1327499678491604,0.9147627041904841,0.9023804352134314,0.8735227095005119,0.860285752537605,0.8609533541790217,0.9734497215526896,1.4063223433996843
213,1.875703452340346,1.0369865717030018,1.2735527222093257,1.1691651613263676,1.1037364654755915,1.1105248160072707,0.6745258086917906,0.9118765396685764
214,0.4885180149669615,0.5284682121522173,0.6249563203546351,0.7902802834792714,1.0504772489317642,1.167227138087418,1.0687959739619364,2.284364334909049
215,0.5141074270287537,0.5835961722968944,0.6515410364185338,0.7408187738273881,0.8483342308307479,0.9123236251924189,1.0725196718214538,1.2731930983738566
216,1.2971292861064185,1.1333451184324788,1.1025677917411005,1.1022431916474615,1.1225677155824973,1.1288482426733746,0.7633818132262215,1.186769352041085
217,1.5339755462482039,1.063945635161313,1.0905681051517646,1.034452541074243,1.0080841967196823,1.0034020766880531,0.7899089366895486,0.811324883407227
218,1.3507064529591166,1.0660520258082569,1.095083852386388,1.0511961275167072,1.0090969087782518,1.0038406712814558,1.02530188006147,1.302822464612617
219,1.3124836867906489,1.0663122308361352,1.0720967508272887,1.0649679824167468,1.0618967829492412,1.034197633590236,0.7927148832371443,0.9259199606110394
220,1.7635563227807327,1.198894567843856,1.2923643548032056,1.2113859360169459,1.1642499692000983,1.1581215388342756,0.9844458205486676,1.250952691323115
221,1.5539563538807977,1.138211876924181,1.1464443012897854,1.0813409869260469,1.0451556009411622,1.043479695288318,0.9671500370754073,1.142926983364066
222,1.9749930730035312,1.232452472890298,1.2752745139903172,1.1855354261695377,1.1373399328136384,1.1339501912409862,0.9090324704154172,0.9677063285971466
223,0.7507592060433387,0.7656771242964878,0.8155035903484433,0.8884266555577025,0.9929116671705247,1.0293001797132861,0.9426977901721504,0.9525985351676036
224,0.8399004503055685,0.7629568401458362,0.8117614089312343,0.8920297639956922,0.9642981413346872,0.9807523136155752,0.8786645092910166,0.8846647198029062
225,1.392408331593509,1.045223000807336,1.124875471847896,1.0734480274928242,1.0381731324252674,1.0480188719797408,1.0778503933608428,1.239373206223401
226,1.2646007016398821,1.1002922716037211,1.1966915793557227,1.207787856670455,1.2130134368917374,1.1956536904294317,0.5659901442228311,1.2641146341641276
227,1.1575263265358993,1.1380271370950903,1.1389903876784484,1.1379109870686936,1.1124390917780391,1.1297405280909547,1.061200650028935,1.357954797848396
228,1.5372117874395557,1.1505960598642289,1.1615609641833018,1.1017376764058855,1.0635227402513938,1.0562368606990165,0.551850880747335,0.5459190851045335
229,1.039911195364404,1.0324511786235295,1.033046532680262,1.0247476733255034,1.0097572419440672,1.017925693981391,0.8681363740563647,0.937888472155501
230,0.989649204090435,0.9173015892014273,0.9627562316833843,0.992906726942999,0.9614501172047467,0.9399748619180216,1.1239272133407494,1.3590732149904523
231,1.5427316056661393,1.2517007433533973,1.2488282177594514,1.2015805189151234,1.1678530021897577,1.157566333832321,0.9172793392188504,1.133184263288714
232,1.1765847439154211,1.150229391924957,1.1625429014102004,1.160438048503451,1.1613149665885663,1.1297998884727924,0.871475653390526,0.9004609657610678
233,2.3163408519624302,1.3025490995684945,1.5917386591330922,1.4488652493398138,1.2935211820723742,1.313748758691948,1.1047363459764137,1.331457083071137
234,0.4039209135003725,0.4542266256418145,0.5100506484053304,0.6089608587834886,0.8000407678319656,0.9032305021279944,1.1221798501528524,1.294428692399053
235,1.5231237446490424,1.1323537612023258,1.208366480308268,1.181818407156206,1.1562786135843193,1.150923704610037,0.8294658063859128,1.0716836459871169
236,1.5131962235831378,1.0255282691633745,1.1438302088284544,1.0757122220044357,1.0112903796358699,1.0173548169410724,0.780649734433996,0.9900017464225191
237,1.1555674130365483,0.9469511928584747,0.9805357908055811,0.9898799835430998,1.031159142913788,1.0342317024078163,1.0532605829897626,1.524204406763338
238,1.4584882762428784,1.114071201959982,1.1931862611667847,1.1569273070216717,1.1367998115796076,1.1281613436198161,0.9835813320165788,1.4389283413525618
239,0.43411159568542484,0.5141031648594256,0.5856140918730376,0.6982651057756433,0.8466597774998145,0.9249638009710897,0.8541537472024185,0.9755308412262256
240,1.2639323723962241,1.1408002017191243,1.2272847681221024,1.2307002856558185,1.2329640721728552,1.215756109148148,0.4926047422704063,0.3235350215268155
241,0.5162240647724062,0.6063144595164964,0.6919516552469794,0.799272377084961,0.8766399384979131,0.9085545863604068,1.066890508021285,1.7115848355340924
242,0.9597152441221217,0.9487801311203713,0.9887733359247399,1.0367907048029024,1.0860979371624908,1.0886245110292,0.9910805116130922,1.2040683178491782
243,0.6950451079228093,0.6370128722521731,0.6872964113059402,0.7504989048322094,0.8222946641421709,0.8759664781239926,0.894939485169074,1.1135654582741
244,1.1834690285387557,1.0290067969226289,1.0107467905013388,0.9894917209953328,0.9495658519807019,0.9335198473464773,1.0006256621317815,1.4429882759364654
245,1.7534345358966053,1.0921550942218914,1.2377861746346412,1.1520914505282807,1.062439704267152,1.0774394982523268,0.910015299037026,1.1605243621215156
246,1.4047135056283016,1.207158312528552,1.2143554666205063,1.1970442752945667,1.2327332132102302,1.2407110257904312,0.648477751030534,0.7809056670426022
247,1.6109164393098432,1.0147225029394558,1.1837493056296504,1.097559289498233,1.007367175835416,1.0201434795777258,1.0432031338126206,1.689446927857613
248,0.7276688906973292,0.7408871305944779,0.7885618645190404,0.8511371052209655,0.8850223265835069,0.9110307770953745,0.9041682059566908,1.1298116721146694
249,1.1626162433320075,1.0269967941523572,1.063558803004565,1.1240047309242969,1.1583035001485273,1.1392817612885275,0.7641721137346826,0.7267928921984631
250,1.754274913814919,1.1438444798163028,1.2229990489519988,1.1342973835817638,1.076270166592709,1.0662073187086873,1.083098884901158,1.5244910398445657
251,0.8161181443176407,0.8780988788957772,0.9375603220487637,0.982081242743115,1.0086774064282995,1.027861756449617,0.6963921827184858,1.3448724642740622
252,1.568341073481177,1.2379218053046455,1.276373944133008,1.2280107717807545,1.1746832596269676,1.1623334141692685,0.7373925416822484,0.9968936073183828
253,1.4127253541019886,1.1512209919320473,1.1674598622779835,1.1510213046886248,1.1376076037127034,1.1176429282218912,0.9188788237113834,1.7574726300053214
254,1.8864172281733151,1.1875309827378704,1.2744950288902848,1.1717417004901778,1.1118602938723134,1.1007541744608054,1.071575109804879,1.3574915361960371
255,1.6638627316040562,1.1440275956363892,1.2428013336603299,1.1774871395645736,1.1411518383399695,1.1429233058640098,0.9093693516224052,1.141711545153988
256,1.3462381958618472,1.061695239613147,1.1159411967980812,1.0655710930099715,1.0463226393051406,1.036224937056807,1.07969996651171,1.5480439562864217
257,0.8588839432984101,0.9358252252980283,0.9875406858306559,1.0264136257668885,1.0014614281524175,1.0074885659315316,1.0540316553950773,1.237376092941317
258,1.3137476041331653,1.0981664233758748,1.0957290605076038,1.0666794607769416,1.068997146210809,1.0473261210220657,1.0286551698480555,1.3376687210798164
259,1.3422975634233412,1.0887505008847396,1.1377875869324992,1.1127215577031717,1.1034840354135012,1.1021218240706365,0.9133169680766826,1.1956450720506078
260,1.2898337270795774,0.8673150943897209,0.9417378707860868,0.9000266505279824,0.8871305184284529,0.8996679802506815,1.1186710901868933,1.5254424866200074
261,1.5985881982995078,1.1387994772134498,1.2574545537330057,1.1962376670846235,1.136056086578768,1.136616696246452,1.006712679724871,1.5449042403023128
262,1.2569050821212742,1.1342004895384734,1.1479761819391396,1.1430883281743323,1.0984608391839232,1.077793154625513,1.1057481408654273,1.2906134794336903
263,0.6121104434624618,0.554823216780716,0.6391061084604704,0.7778119226306102,1.0232846966341622,1.1338768382241804,0.988422505614143,1.471525808323349
264,1.137451195915975,0.9906080988354703,0.9613607955944073,0.9305091554399539,0.9072979432863987,0.8994202184159114,0.8842894790795612,1.1347697579844598
265,1.3617098541237256,1.2180608899498142,1.2467662881693555,1.2604485129500247,1.2990677628461935,1.2955858718387978,0.7805000380159872,0.9137115522411812
266,1.3844877285894384,1.1286570522633075,1.10051438796031,1.0763268532617234,1.0394044850620143,1.0311368688714149,1.0945917616678882,1.2294061000861518
267,0.796128277526411,0.8754544300083217,0.9509344722256406,1.0152166664408784,1.038596650449888,1.0376716861223452,0.9683730408436368,1.5323514654331287
268,1.6420191191429807,1.1539841572202143,1.1319568901622314,1.0663094044116572,1.0239000208430917,1.0173087865608355,1.0670059940434358,1.3485272088181952
269,1.0072581723367886,0.9265840052866072,0.9479453227348301,0.9540633415834996,0.935110486090196,0.9227987850013459,1.0153506915702988,1.3044991586273875
270,1.4977880215996717,1.1805478579247481,1.1610912439919847,1.14969908961583,1.1340167711150169,1.1130663047420501,0.9145009921304542,1.3630269135584852
271,1.6020003026582292,1.1965939784137742,1.2125239106893233,1.1679488537546816,1.1376571892810903,1.1342478172489499,0.869978367511976,1.901508968632353
272,1.6342747664962194,1.2783953225154598,1.2502374252286472,1.1789497714501143,1.141293242833219,1.1189114021070887,1.1723792908918735,1.4059541165583902
273,0.794903646404928,0.8283838407940537,0.8776243563842678,0.9320442409587258,1.0429174832070882,1.0595111689861723,0.8793144353653455,1.3153202897465122
274,1.21803705872861,1.0153419481498938,1.0323870970677786,1.0378181232319208,1.0381440581218147,1.0515989607834442,0.8448570596857935,1.1342922664818256
275,0.5830722404824153,0.7046858054592935,0.7942225180540394,0.908171871740504,1.006806023995823,1.0583591918172552,1.063059171131658,1.2360587588383092
276,1.0311765864802869,1.0681016677227388,1.0790677585997608,1.0573962600416023,1.0085521985460235,1.009697628002734,0.8391759082248675,0.969642333642346
277,1.1936346162328486,1.0899833471677485,1.0818143655600934,1.032363623259041,1.0103347529290052,1.023820602594287,1.0121120776640062,1.1992940647299506
278,2.248883515425141,1.2715577265086369,1.4650375827598658,1.3411482546960773,1.2667867345365604,1.2629319687088352,0.753717389083239,0.7381896182582502
279,1.765778564821844,1.1825968410045782,1.3628021908786334,1.282250295386646,1.1856228080303797,1.2100145593230514,0.980396102468156,1.1680215459776304
280,1.3835622209967282,1.1703593126669452,1.21036750116663,1.1869684899331872,1.1772858518898393,1.16134433389611,0.5757148671056268,0.6225462685293729
281,1.0257219342925514,1.076909890217904,1.1218474668005394,1.159010802278685,1.1950897623645562,1.2064178063850695,0.8620779547556182,0.9874282428494178
282,1.0263377349966476,0.9780041011241841,0.9773442362445993,0.9845365612809029,0.9420933248672861,0.9279264660286493,1.0142963718324836,1.39433195721286
283,0.708964206479237,0.7582809350061809,0.844234983495055,0.9642175983104109,1.0659247307046111,1.0510993062616178,0.892877383662881,1.2167255709665106
284,0.6562947340483913,0.702772950384739,0.7607201589380572,0.8487349085519851,0.9756913273776131,1.058779535569026,1.057414645983797,1.2718248231195768
285,1.4836895651404598,1.2139940692714584,1.243257541131845,1.213077145929805,1.2043721019883702,1.206655137154697,0.5919063381553658,0.5831915156067575
286,1.2797918489791569,0.999472838884406,1.0392116354696668,1.0304085595013401,1.068106532206823,1.1042542803467923,0.815315718620915,0.9678834584833754
287,1.4821352431609622,1.1600717467993151,1.1733389609106044,1.1494805491011877,1.1640965714761324,1.1630000132150566,0.6213626387885607,0.6734966556451635
288,1.163153210005832,1.1178636147043746,1.123145857906105,1.1642244663238528,1.1677029547937268,1.1271857456607899,0.7582821804100577,0.7549668285800862
289,0.3743536594806241,0.37514565094809765,0.4416678147900756,0.5536814683296304,0.7265491232735416,0.8072459570660873,1.0577835298317533,1.281495366839419
290,1.1153833483666806,0.984799933232515,0.9999687485739375,0.9971331278416502,1.0068425558323593,1.0080246727557391,0.9701607967602156,2.199925742159598
291,0.7506037787616598,0.7608370875230129,0.8013231934036535,0.8657384075608037,0.9578072747211892,0.9969990217342017,1.072870198930996,1.3402867898640929
292,1.4605445747906267,1.1643321703762723,1.1288844713686292,1.0858728450516515,1.0469628840919827,1.025958251970611,1.0947304236214126,1.2747982945008411
293,1.1497245172161006,1.0741726303587356,1.094302137750271,1.1242223762160284,1.1830005573910134,1.1703233954984489,0.6447602952444855,0.6246600691661446
294,1.0193311166642094,0.871065720263783,0.9468302791664698,0.9886485823253621,0.9926833960811519,0.987379210096478,0.8227874764329371,0.8192666119383777
295,0.9414759192365689,0.8970860470058938,0.893282698552468,0.912881524622937,0.979790443613235,0.9992907759974505,0.7585748535768451,0.7546833021011351
296,1.1637249218104244,1.0719896563160018,1.1046963235276035,1.1537239202190868,1.1688371466620737,1.2079638496943303,0.4882130870398722,0.4591384885342499
297,1.1967758476855124,1.132579403783669,1.0940277645435887,1.090526108071735,1.092801240994587,1.0741103928399234,0.9035366200847182,1.1169231448681645
298,0.6787466017155569,0.7193710566200934,0.7987431044382767,0.903341380575381,1.0022030011672352,1.0235782943333847,1.0502054838813537,1.3262176129401817
299,1.4389320096476925,1.1437856977435297,1.123837348230617,1.0789692466403074,1.0419696769980318,1.0166616028678659,1.071701989538615,1.4627260864327618
300,0.9022905967367674,1.022860509814453,1.0878154245573421,1.1278402506019776,1.1278058347060684,1.1034514618235873,0.9930998565109516,1.475037730028073
301,1.5180923418226262,1.0828073343245541,1.0848368667652937,1.029767267161156,0.9865581025776479,0.9793413367875706,0.9982318358880272,1.321219454447783
302,1.1227831311078578,0.8462350370563392,0.8906293109321486,0.9168879897507346,0.9479356258208802,0.9241640259193484,0.8151019081639298,1.096972099958076
303,1.7756822475181064,1.0988036616766803,1.1538623776034356,1.068769732947749,1.010826562864181,0.9905347410976749,1.095167682701999,1.6293175814560252
304,1.160262816345433,1.0571376721052645,1.0843909692508293,1.0943335882082532,1.086370116820345,1.0834295565956569,0.9757494644399552,1.2747090453271317
305,1.0878871183699734,0.9080005766394333,0.9119908888421567,0.9115599286478595,0.9111873640742217,0.9097341982971553,1.0275649752083016,1.245556039469079
306,0.9852724498312732,0.9252125723873988,0.9489688416104863,0.9571727064540031,0.9706173586017555,0.9804315499748459,1.110486242153646,2.2031204143838936
307,1.87703438963328,1.1913574645311436,1.3323372753239882,1.2371624511604093,1.1748840641188196,1.1682429190665056,0.7973896830748421,0.8365392455335491
308,1.8415607588564151,1.2542517176460883,1.2744396494755996,1.2068020279484482,1.1516182151820795,1.1398701922041725,0.8437548148562225,1.36594252731789
309,0.9364793833933133,0.9280868888896986,0.9806958754556976,1.0335579835914588,1.0613942896485449,1.0470541640864321,0.8593171755942651,1.4365212987802378
310,1.5928341264550132,1.1117591058854932,1.1809262070114157,1.1001974258144407,1.0436708891386757,1.039390227303645,0.9282507666114528,1.3260477957438987
311,0.8666565932864599,0.9300497937688481,0.975410870021838,1.0332012147597769,1.0573505845388615,1.0773181455979706,0.6690769200155855,0.7015532391352753
312,1.3121456916984253,1.111838140652811,1.0838436938479323,1.042048577200766,1.0172610899102397,0.9994219853043744,1.0393426609265937,1.314936911979899
313,1.6656984907996761,1.199480134229734,1.241522942476991,1.1666612180227,1.1361960524757526,1.1260704240360926,0.9601111217591702,1.1900572466696189
314,1.693833321356467,1.2781591610619463,1.2432808014480725,1.186970981533942,1.1472095683649586,1.1440951402585944,0.8960379419266548,1.3551890266675897
315,1.1750106653773127,1.1450578557021074,1.1909753143695485,1.2062296274066955,1.2025934709926214,1.1993118099991482,0.8697723309831628,1.016839623078845
316,1.4862112443866708,1.017577028223119,1.1357604305228177,1.066244329966857,1.0085511237076576,1.007082126443312,1.0425331203895902,1.195484810953995
317,1.4055140228029988,0.9710597518434932,1.0596805332910149,0.9950173880110383,0.9531240877096664,0.9506134527544909,0.9958042878480532,1.292805126376554
318,0.927545475143027,0.93873098875454,1.0068954510321395,1.0558118319348309,1.0853956530047801,1.0643152002877134,0.970686933003854,1.756771086996436
319,1.5207467881597034,1.1051095194830305,1.1349354898342636,1.0809798806355835,1.0440782394219394,1.04032567470127,0.9213675391422056,1.0952623941011117
320,1.4630338313780404,1.1669871380317398,1.1422079184165401,1.1070414757058962,1.0808544690952178,1.0810475482009534,0.8177670116790526,1.0393854603424166
321,0.9409270467537848,0.7937349414550203,0.8132788254968221,0.8330838173208485,0.9090758337014883,0.9571655055893833,0.9508118625004246,1.640534113699322
322,1.0083028534250116,0.9892053156006508,1.00718550248301,1.0206216115029234,1.0259992944528233,1.0151056885013157,1.032025528929385,1.3356497666744878
323,1.2595536407473094,1.0852105233012463,1.0871512633904803,1.0702739589784265,1.044355445323384,1.046436562535551,0.991657885557628,1.194587452282775
324,0.681485230272275,0.6885682446119871,0.7293482885018439,0.7713639311591097,0.7814688177889466,0.7949825359921004,1.1222179262328398,1.4421745203335503
325,0.7676614827084088,0.8827722294098793,0.960332031629655,1.0468699905041159,1.1979295579000666,1.2519191978535094,1.060801971997576,1.5675983798786952
326,1.2019417258986482,1.0793536787291556,1.0886145693428508,1.0897614967004179,1.1006101288652848,1.1042082771381714,0.8293812949325006,1.0978355784315694
327,0.8714027384225989,0.9099341446850313,0.9570123964712343,1.010179548849574,1.051698467571821,1.0143976639351278,1.1821861375043472,1.2847203838968682
328,1.0502825341949522,1.0781967186246553,1.1230057887474354,1.1834108678649846,1.1640125595518525,1.1203229416597007,0.7876996655476891,1.318839002129704
329,1.0412502285128402,0.9963767834836931,1.0055918320352144,0.9984048211645496,1.004156807360178,0.9960801181965605,0.8685308031517393,0.8446106463683156
330,1.3914163733029872,0.9330866502368862,1.041901971446687,0.9843216766628224,0.9563564153071268,0.961349676697194,0.9945346944537896,1.1497813784892972
331,1.0754977080831443,0.9619817523548237,0.9683637664251812,0.9837977157590265,0.9775264568601076,0.9790741645923345,1.0118914458734374,1.366129851347159
332,0.9666608547878055,0.7451019953310986,0.8459299071098204,0.8853300645655917,0.9800343424808876,1.049494192414828,0.6667837347798335,0.6113953302885847
333,1.0040990876087152,0.9321943855014982,0.9634636189372308,1.0100100619753147,1.0248695261176752,1.043078237211644,0.9262962305712732,1.2173216226231036
334,1.3622309310129648,1.1895508657424703,1.1430017507815537,1.1153603549008626,1.0802569599275906,1.0640057232331253,1.0801364918735594,1.3735201726872623
335,1.475305148085898,1.0891625419329976,1.1062676514113907,1.0483446226420383,1.0192787350380006,1.0079756372929263,1.0620065190181074,1.3863073497508116
336,0.7503022107787721,0.7267582856306959,0.8071407779247659,0.9138230341564767,1.0319996392746509,1.059920262955362,1.001475386843197,1.1998320029123717
337,0.9102852236292682,0.981381703926769,1.0336922424884856,1.0968123855792076,1.141547067346311,1.147310579000939,0.7732371278607018,0.7575069064784031
338,0.6077936423243999,0.554874344181846,0.6342197399116889,0.7391642457989408,0.9001519749832391,0.9726827331443041,0.9901280257975056,1.1406983015222123
339,1.3460753357976438,1.0777292869741903,1.131554458300112,1.100416722494634,1.081406969090137,1.0630702194018629,1.0233805729876333,1.3850535982515677
340,0.8318544925354119,0.9120071435705441,0.9614978473119777,1.001671244992657,1.0275203853304733,1.032538188545072,0.9319443156800966,1.0382880164010742
341,1.306257335561104,1.109386922254847,1.1203055508907152,1.109841239745816,1.1139437463101873,1.0894131413750046,0.7877138579600776,0.9710665516524204
342,0.9279225617920525,0.8487134040550987,0.8909799753403026,0.9207859380246386,0.9801208927824795,1.02692771054137,0.9945372289989428,1.2636570734469834
343,1.1861231164246084,1.131941324144826,1.1319442426109132,1.1098629394180073,1.0704605231464586,1.0523525025989477,1.0583675301221844,1.272718203739907
344,1.0388741259923313,0.993684510362161,1.077057255807689,1.106896959701301,1.1171684066626197,1.1237161262631314,0.978014326192534,1.070050445036089
345,1.6720466232217848,1.1397590283179029,1.2080343755034093,1.1275679917036208,1.0853066356313812,1.069977502794384,0.989558745248549,1.5528798877488703
346,1.124610278230766,1.1485212346859381,1.1631154640124328,1.1397785675760865,1.1089778584551007,1.104105049469558,1.097955572497939,1.504565191496939
347,1.0977344050367002,1.0926272468812013,1.124085926703696,1.153348640998701,1.1407201653491985,1.1293108350690844,0.9689578623838162,1.2519637384133555
348,1.7695067355590086,1.1788051165745144,1.2671383330098758,1.1834319752829496,1.1283381746760832,1.1250666964969425,0.7261450104028849,1.9736750653508983
349,0.8676065941715109,0.7882354501224702,0.825255967629946,0.8559190480221752,0.9113404755276205,0.9355803655561922,0.9479963458656412,1.301421795040344
350,1.0552197089669575,1.0509115232911936,1.0759990489312354,1.100236843928523,1.150086371548718,1.1802175030389481,0.7004760195181491,0.7142191466039448
351,1.9817933161851835,1.4622335427580326,1.5724020973092248,1.490802971700263,1.4246059535719438,1.4266122402709713,0.5057559206315313,0.6659488244849827
352,1.4522849652282632,1.1411770403388704,1.1284852737789657,1.0754919604576347,1.0567460644035136,1.0476402735346848,0.9090117279632338,1.7746048320054113
353,1.2225360594059314,1.160378801835107,1.1812826253331212,1.1819099933210109,1.1851217223773483,1.176391879638788,0.7725946714334967,0.6165550609466677
354,1.2194700758417034,0.9763047263269442,1.0301013558952918,1.0631113270082606,1.0806136841574718,1.0541012469854185,0.9944562807754384,1.8874595890488852
355,1.0548069533233342,1.030828714929597,1.044716456517175,1.0443124799685166,1.0716589839886967,1.0661960612244603,0.9663868759893351,1.287399952426272
356,1.519644864152931,1.0469601680392804,1.1237936000900985,1.0595065161938562,1.0015681241075878,0.9990081830911346,0.9295165153436132,1.6377484367039656
357,0.9093578193469093,0.9218749410313921,0.9551993514007722,1.0021069201368005,1.0416455102201718,1.0499122113114727,1.0450205999752598,1.4730613890449635
358,1.613920892696887,1.126141785319831,1.1694461424427922,1.1004199465010955,1.0644705173638747,1.057770674537433,0.971194627664082,1.4227714529233422
359,1.3395169888256835,1.142510295383823,1.1676127019484568,1.135175752135383,1.1265443749012267,1.109487969435509,1.0697757692909116,1.5033945017367896
360,1.5837625685115828,1.0421246631234777,1.1770832081820448,1.1031308481919337,1.0523925578106805,1.0442872639140248,1.041103442864535,1.457779406679667
361,1.5140546911379458,1.1141107535379362,1.1439045419077354,1.1004525554907447,1.0755994437001009,1.061609835645705,0.9644978305995632,1.1495387057177346
362,1.4867870784814423,1.1013153222165084,1.0380269795096169,0.9942616542054872,0.9581977568168479,0.9431785830970617,1.030525146944991,1.3560632355765705
363,1.5136778558237292,1.1663379841829375,1.2053478976990506,1.1395557426516703,1.1063152718941762,1.1013995040241054,0.930790252865156,1.0909529364337327
364,1.6183971368725896,1.2009235497836457,1.202832889578503,1.1514965236175243,1.1129188321847459,1.0950507903009996,0.6753363689448938,0.742079226824498
365,1.5499441924706485,1.175317701995496,1.1859092981548862,1.1350433707167293,1.0944876688329817,1.096814135834761,0.9995233999429124,1.2000575596924343
366,1.343640772509344,1.10304401113275,1.1008644668015264,1.0725771033122589,1.063261626904445,1.0542538700914807,0.8801847289802949,1.3311554108236816
367,1.734221829097252,1.246762842368017,1.2451513818278102,1.1801432210669764,1.1461504290399682,1.1315900200805284,0.7167741372239952,0.9191246276593464
368,1.906170347061768,1.1434112092416042,1.1954675865457112,1.09536178748425,1.041403581715759,1.0220387711937011,0.8704230231438238,0.9966978673567944
369,1.4627047885942892,1.0217897641523803,1.1031186953476972,1.0373551314951648,0.9865415447984439,0.9766891764963338,0.9533664059646144,1.3083581382259868
370,1.0796683446732982,1.0812412375861455,1.1174895583029976,1.126928609128147,1.149755493889029,1.1473468648431073,0.9694020379825348,1.361716427151723
371,1.0473800532369568,1.0207996776379582,1.0394223470215525,1.0479772020991125,1.0480108279481355,1.0640327950220876,0.9298876668454163,0.916042787813978
372,1.4804475647969,1.0540021380175653,1.0593521382908622,0.9998747034170473,0.9632117858877416,0.9557581395736223,0.7759913829796176,0.8568091362139739
373,1.4779141555341644,1.1728715089367119,1.1421082485690965,1.0889652372876086,1.0571888273116317,1.045820690956053,0.9635055226338192,1.3459644165553863
374,1.4232707247289094,1.1178486718062188,1.098129872933782,1.0412338785115365,0.9941179142606245,0.9904187641474432,0.9897290625779644,1.3174415934937955
375,1.3956528566001227,1.1870475814974761,1.1792903414178755,1.141715054793826,1.1109212442929317,1.0927370797168852,0.9883656288976546,0.9770744182928404
376,1.711498674491673,1.2377416358732096,1.1832260042229412,1.1078754544658387,1.0706424857034176,1.062912409840677,1.032568058884343,1.1944621655421572
377,0.44644170127037947,0.5450302162988342,0.6437304311102481,0.7943117494006523,0.9790965238821632,1.0278703556470146,0.9828793214078198,1.240139708675949
378,1.7883208941380717,1.280310535430271,1.302472314438075,1.2276149661698406,1.177157651917353,1.1688099574156354,0.9084133127624896,1.2200534125029705
379,1.2045299263986775,0.8934063078127926,1.0269758017599413,1.0672629261294955,1.169876040400351,1.2052713665883126,0.6861687258696234,0.7721143107177966
380,1.737156761046368,1.3283649826267694,1.3241551431342824,1.264932824310851,1.2224940751774696,1.2038799922363344,0.9262964993639916,1.0745270054184377
381,1.5315816291646156,1.1417804125572217,1.1634678063303032,1.107508573929396,1.0642384394725932,1.0561879111408743,0.7692948742076944,0.6628146166246257
382,1.8890934572797995,1.1198161264798092,1.308947360092507,1.1986657420378708,1.097376039709852,1.099779804332066,1.036930313968483,1.3120674022153234
383,1.2197332447578213,1.1191070262630667,1.1443623378832444,1.1444542455546807,1.1321124294117972,1.142203103955857,1.033041933914225,1.2580252727068355
384,1.5018030972621024,1.147662690439256,1.1411869092209377,1.095661000569348,1.0669356854081855,1.0505153314319255,0.9309158410494665,1.4226123230378394
385,1.2787032361764874,1.1277698236015576,1.1027803992188028,1.0824897397953257,1.0920356222690606,1.0863293063066382,1.0548663909944138,1.174513530498139
386,0.8326814718922665,0.9820249442860969,1.0923790761225183,1.2116061066143247,1.2123100152243635,1.1747484831851627,0.8358845826871867,0.9450557071608612
387,1.555561618353188,1.197414808768926,1.1481694780914253,1.0921377735420916,1.0557108589419872,1.0409648669482685,1.0883766924346605,2.090996130678974
388,1.2711031202473344,1.1782172199490628,1.1664990787496416,1.1133679214857346,1.0797279094019525,1.0645556646010685,0.9746551425491226,1.3072663527025097
389,1.0253307903877282,1.0248291315175595,1.0956696874470824,1.1399251405985305,1.0842466045897265,1.0836211226020236,0.9024017200703024,1.0887228672687466
390,1.1975042120735284,1.0123607179103786,1.0260526630174926,1.0081191643268965,1.0071868575247842,0.9941446882902691,1.0199789061658138,1.3840478914874228
391,1.4084647401683912,0.8914141543282416,0.9964212975492582,0.9212687824126671,0.8694827394903364,0.8617944347477708,1.0380895484498625,1.3198633249230318
392,1.4940675332610538,1.1294331877459625,1.1339643227978506,1.0940814839394686,1.0676596964629872,1.054532423993321,0.9323627636877404,1.25049982613732
393,0.7215070672562968,0.7457538172372957,0.787626844089843,0.8294885908280661,0.8780127962564797,0.909224335244587,0.9500968496231582,1.0783038093479531
394,0.5438464879748335,0.5820871480896962,0.6330129778814682,0.7225229404579809,0.8490213616580867,0.920216116083976,1.0204524815918277,1.6504306039150365
395,1.1844250797250955,1.085428559386904,1.1756449415564691,1.2101092306334933,1.2012584240204434,1.1993734924948376,0.7976167556185219,0.8010640374720863
396,1.0677352079087024,1.0269339106274782,1.072426850003922,1.109681790910913,1.1003074757505935,1.1218187912719242,0.9428977789886992,1.338487588222301
397,1.4977381270668957,1.2471862990392322,1.214991800665848,1.18538397888243,1.1407032725659232,1.1285842581793548,0.9327510103215289,1.3207035847347646
398,1.3509209969392737,0.9525934011542125,0.9792375504159488,0.9169344424525607,0.8641566431294648,0.8583637004559755,1.0533621693214337,1.2792571973443565
399,1.34891356752673,1.1814849078893157,1.2204146974518086,1.2278206680738164,1.1993979693759895,1.2297735146749695,0.8031234062383185,0.943789131396994
