,window_size_1_RMSE,window_size_2_RMSE,window_size_3_RMSE,window_size_5_RMSE,window_size_10_RMSE,window_size_15_RMSE,Exp_w200,Linear_wAll
0,1.178413459885656,1.1258539033746773,1.0926433612997417,1.0720535222276002,1.079175195771252,1.061819226439624,1.0531671389017163,1.4287482745336662
1,0.9387277895286295,0.9447182393821575,0.9721706553219047,1.0095154459121853,1.0438728468543146,1.0280799051307183,1.052613455781756,1.4135071827409948
2,1.2191844667221128,1.1701382839181733,1.193999678144816,1.1972729671693398,1.1647702337558583,1.1609794180718365,1.10455409287666,1.2028382698482196
3,1.298419543257776,1.1627011687074236,1.1188001918175297,1.0745651790390343,1.0311411385191451,1.035487471503853,0.9540723070690638,1.2557375416362393
4,1.5216737728153635,1.20390619057431,1.211793091867701,1.161521577009377,1.1396173286137752,1.1361550675757275,0.8594164214352034,0.7931551809422485
5,1.2690768717419352,1.1772013906250354,1.2483441718790382,1.2685000552695815,1.239544505587429,1.2412431948795861,0.8319867604724309,1.173467631941132
6,0.6054679183487801,0.6993364500831073,0.7886079859511501,0.9103775964549984,1.0174415670286137,1.042938560878233,0.988109273899571,1.160404342043069
7,0.4440542624019967,0.5253518935756403,0.6091949528935622,0.7247103662732038,0.8711882045009809,0.9668744768641785,1.0774411764216432,1.2433225523849318
8,1.182244682615925,1.0054638072146271,0.9738978627339985,0.9376288253760405,0.9128101606437992,0.9001080105477436,0.9079752951989348,0.9310664604295676
9,1.22960758022003,0.991746995944176,0.9990555005588507,0.9616502918698084,0.9359050621670219,0.9326019228339884,0.8908470959013848,0.6901503417534536
10,1.6264254271106817,1.1836108261585572,1.137474667643773,1.08112972839625,1.0284387267953425,1.0141485459517463,1.196791856540405,1.1926667345690474
11,1.469603602717706,1.0945479469713022,1.0620363133007114,1.0407675588950898,1.0225144985180543,1.0038479998483094,0.7755220117336727,0.6418270854636126
12,1.825525108785433,1.0889489500835747,1.19369294527972,1.0874406686683924,1.0218433527911626,1.010043175481762,0.9818053935280188,1.279982457230424
13,1.50825711807388,1.1925991716532127,1.1838879831187703,1.1361985994999044,1.0980535175709596,1.0836657384131225,1.1038667199231744,1.0408739432202316
14,1.501010161108804,1.1020496962436723,1.1441728537985663,1.0796761925828273,1.0395698584801243,1.0296440007077128,0.8528411797096002,1.1646031019005136
15,0.834102151957286,0.7821960275270653,0.8571145819477777,0.983540412901423,1.117483550846882,1.1456734263281478,0.7046805242402451,0.7759731059665996
16,1.0076848810538948,0.915471988583051,0.9606308834325685,1.0052588372114164,1.0486249125480251,1.0629524902121956,0.945526027256959,0.9999427805519332
17,1.1930769753116557,1.09346488641127,1.0675316262228236,1.0437476511284405,1.0275277572786348,1.0205767676409065,1.0249425143288058,1.2800246341045436
18,1.4942018641354367,1.1211222405532058,1.1438135285248257,1.0769204969853492,1.0392511102270845,1.030176744064849,0.9849124621707124,1.1313724878806903
19,1.208143611254409,1.182359813078403,1.1981486993362713,1.1758214385719878,1.189751748060537,1.182318980148139,1.068008712456159,1.186020439746691
20,1.110933188364124,0.9736373055545176,1.0283024642528822,1.0652476584250563,1.1510064156500128,1.1634786161011443,0.7447535926438978,0.6947988600055588
21,1.5035412058530793,1.2025791953831562,1.1768046823224072,1.1415903257502868,1.1090962358246532,1.1046891537917594,0.9190720755122808,1.4095884182769802
22,1.4077683109592656,1.0604446657222748,1.14789608149021,1.1256641731902384,1.1019989519605393,1.101603560800361,0.6746507336781135,0.6790867086337096
23,1.769881032356571,1.1875622875498482,1.1851971091193898,1.0915462889970822,1.0477117177792394,1.0400141747856966,1.119417427112802,1.3478782536639835
24,1.4634772333464212,1.2691487528115952,1.2699829754518501,1.2160398928521294,1.2017546809410933,1.2001035754143359,0.8389293743641238,0.9466310095666144
25,1.7092203479318397,1.31183473552139,1.2217421590220032,1.1632268268040493,1.1022037364418527,1.0938670942243773,0.9473551621693752,0.9717143579978136
26,1.7458779534119493,1.0629147593237669,1.2376120425384718,1.1372446942260537,1.0559085934142112,1.0533155887949037,0.9927882756970132,1.0499508726878188
27,1.5074117206163016,1.2250854414251156,1.2588347930905814,1.2200911432506265,1.1909386015419412,1.168199586764047,0.6770686197114044,0.5611724612624992
28,1.4071179833855545,1.0118196788626324,1.0711641727991459,1.0112336834715916,0.9846094181289833,0.975185574296038,1.047912584944833,1.32145080708432
29,0.9743981395812535,1.0056719796184346,1.0314511795685604,1.0646981517408454,1.0471050382527605,1.0201478220737243,1.089168351693789,1.2493307320696925
30,1.3028232951278604,1.1584353076203466,1.193284388845039,1.2056586190255103,1.1892075954895158,1.1821233849173038,0.7601245028947529,0.8574579272062581
31,0.9798724253653767,0.9681137828628378,1.0225138016162145,1.0986442953902185,1.1438327266551553,1.1340025290930198,1.0030141325889126,1.0889025873824203
32,0.9532317319352406,0.9545365810267966,1.012691775039962,1.0549037150006575,1.0506860643588298,1.0624230683477711,1.0361476578731788,1.0722982081923866
33,1.5400793671767008,1.1050341429368358,1.1732937342877594,1.113068411293365,1.0836994548199081,1.065354190988778,0.8808321827004748,0.8209201933403457
34,1.3702975804189501,1.0261662229873698,0.9998317024751532,0.9486497589615679,0.9240590302190661,0.9062070725177025,0.9115072846835852,1.0631587216669656
35,1.175633236194887,1.0796065859947297,1.075112811063504,1.0560305805511436,1.0668245937547562,1.0464099590404483,1.059454905863468,1.0673022058866466
36,1.2297066567688322,1.1839572353763603,1.1931660182055885,1.1687661783834664,1.158579296555781,1.1539059975379895,1.0412393127807276,1.145813688532349
37,1.0935385266335511,1.033259744857315,1.0264017249109825,0.9872989251161717,0.9391466095163453,0.9354941552258533,0.8676004150033293,0.9514308622776508
38,0.3430205265474867,0.39543739918103,0.4559692994321261,0.570036259177501,0.7814323081801402,0.9038063055182114,0.9031226139145008,0.8936125637015547
39,1.2766830906441284,1.1525183657476605,1.1364931381052268,1.1379726876416418,1.1555961043511855,1.1270912703159526,0.8940967455672642,0.6956075934932646
40,0.8076431073650623,0.9058847956789247,0.977950718938586,1.0446294082894183,1.0867525882231888,1.0730824206736156,0.8791012437790633,0.7566755538784133
41,1.770420747749364,1.2112294419366403,1.215176215358753,1.1491725800753576,1.0731948333442016,1.070430887902303,1.0161632350025185,1.361635348378219
42,0.6095026450461092,0.5541044667050079,0.5932119184532546,0.6472785472222797,0.7153950397207238,0.7756948402027527,1.1745749224991062,1.4983029854127183
43,1.7803240485561604,1.2955309722454302,1.4118240213045221,1.3355930420719628,1.2793188350501017,1.2708861452026905,0.6513559497541445,0.7241917525593395
44,0.9838856608761292,1.0490157719112172,1.1059209627720725,1.162767895751966,1.1777267097188753,1.141486464701548,1.0086549167866343,1.1321600365484918
45,1.6224443047160433,1.0695352473247295,1.1948833027121462,1.117343465664032,1.0389870872132334,1.0373148005297586,1.0503018693771728,1.3027979469449795
46,1.223946164117907,1.1216753834649185,1.0944987695603194,1.0727231326161721,1.0561887274466573,1.051463444717708,1.1158285660117255,1.4019185845109907
47,1.4749036408346525,1.1961453346375441,1.18865227878005,1.1715332882753264,1.1472775521243181,1.126921290662382,0.9597420697318186,0.8968387454474649
48,1.1391094083226803,1.012190946264268,1.00419846461574,0.9901345190500137,0.9783344141848319,0.9662744914360011,1.0923348824100354,1.1575767707328086
49,0.5915091179619577,0.6929674589200997,0.7790593735859127,0.891850738629602,0.9831706085334762,0.9508928377350907,0.9770704521944932,1.0671315207005014
50,1.8341365003671524,1.3423723905626186,1.3757068089683904,1.3002057408917498,1.260598236294002,1.245084661052818,0.938019382522377,0.9155952064995028
51,1.4862565577567775,1.1674214607590752,1.1619724648987977,1.1221075671359335,1.0950771798644556,1.086625576540934,0.8231527668813368,0.7187811769310528
52,1.5836312271906638,1.074403200045121,1.1514367625481865,1.0776118551245175,1.0224977398520763,1.017083729468259,1.2781434163834853,1.323927323391058
53,1.5925397136164992,1.2475599601245237,1.2166206523273564,1.1669723708590574,1.1175703935411587,1.1006524415224852,1.0419590212140717,1.206697881030618
54,1.079871722082853,1.0680133565515182,1.0955361317012464,1.1344661187586744,1.1778248025937583,1.170928604149936,0.9393540040782088,0.9492934926508008
55,0.7760840972520298,0.7316246094261281,0.7707408190055314,0.8148391643664195,0.8738949217565707,0.8918483751683814,1.0148704790230232,1.4947104984054074
56,1.2684269799872983,1.1172779160100255,1.1035898639932555,1.105119916377613,1.0806450096080287,1.0637571282463023,1.0785851692653683,1.335329804146131
57,1.6764655982615437,1.249491493386323,1.2524886144660654,1.1972741902965494,1.1674342753913471,1.157379167119512,1.033982536372991,1.0295419093263327
58,0.6013569577799819,0.6560241852898373,0.7195831515671174,0.8139990896631651,0.9635902807951243,1.0872805907283418,1.0958699397353278,1.1914789251778846
59,1.3740485601487056,1.14499353791256,1.1058949162486147,1.0711036920748014,1.0909128862858515,1.1078721940516885,1.015642053355608,1.1741140651594877
60,1.0917733444560656,0.9711635139518869,0.9885318063949052,0.9741412521271976,0.9601376408116669,0.9527728412852275,1.3244695713394978,1.3830954675741796
61,1.9484980148950741,1.1876698697465011,1.3035097413500178,1.2018049415879268,1.1503323753177483,1.1507072577398403,0.7971927968592296,0.5286052994100052
62,0.8301560444482649,0.9400771529374906,1.01274601664988,1.0811688586919814,1.059609651146542,1.0740762678976523,1.0026986567835767,1.168510321421009
63,1.2634030483587984,1.0993800857106406,1.1089090525680037,1.0919912273439392,1.0597156117165223,1.0460875857470948,1.0493553442592112,0.954137026826385
64,1.4484110837194197,1.1282618567825276,1.113297085906404,1.068282315298449,1.039276780216519,1.028409002058096,1.0036026397782292,1.2758666629061683
65,1.7070563965150736,1.412577529902819,1.4786472373584856,1.4267632339818905,1.383921507461101,1.3521118033582356,0.7802273434994896,0.869497921004823
66,1.338523421312093,1.0711549989553186,1.0792164187058284,1.056972685619763,1.0467167213677897,1.0476037382694032,1.0272859896515778,1.1418104749111444
67,1.3506234472125318,1.1566683520918528,1.1392008495348425,1.1063908391735162,1.1322571825322854,1.143442306026596,0.9442515705899204,1.0575433052811556
68,1.179281441237268,1.1989861208750177,1.2271116260622232,1.2500432768694512,1.2400487739927073,1.2140998430780807,1.046264578362358,1.1175711182441237
69,1.2415689241287553,1.159193361564265,1.191091006107615,1.199575364298651,1.1736027765766923,1.1524724196107885,0.7851450666894432,0.8071704201008594
70,1.597165936561327,1.0932152339229073,1.219059302772001,1.1442966651655864,1.0805863201447812,1.0816109150356592,0.9412156362943024,1.1352650652150944
71,1.2093364575112568,1.0776754558245125,1.101478180170319,1.088144916296909,1.0702807201430065,1.0518725635007367,0.9822097525074126,1.237424957078318
72,1.455971783766382,1.0620944791259366,1.127670255542163,1.0915275576053112,1.0770281150904177,1.0661500908237214,0.8388666587399412,0.6835613178868684
73,1.7410019407544106,1.1781881258740954,1.2149113929756685,1.1502520977755168,1.1194022725038433,1.1359281079778203,0.8030871483568118,0.5780432073586447
74,1.5416974938882522,1.1890737914477814,1.2179775996514086,1.1646791372100562,1.122658443705553,1.115839480640533,0.6838904107725686,0.7261077080644368
75,1.7922769505360199,1.260539431597104,1.1764846965878053,1.1251903567104928,1.0935816942954795,1.0849908443971656,1.1555556700245857,0.8304059922163115
76,1.219213321937783,1.0863665035074237,1.0997896545338022,1.096753494361941,1.120350915209224,1.133750854014356,1.1618312335492944,1.331378027411124
77,1.4075346786808978,1.175975006561226,1.1571335384833885,1.1178155048481264,1.0735188170802825,1.0509982335061692,1.100180750142537,1.2697885204670731
78,1.419148829596199,1.1474603499427551,1.1109557880947094,1.051732738817918,1.029615522288889,1.0139030708973944,1.0517452221513612,1.2485491897486083
79,0.569262890392291,0.663655727990203,0.7457855311928169,0.8544406695011095,0.9632148521495812,1.005049019398721,1.033562855506664,1.3952509310563328
80,1.4347548386087603,1.0430202060495621,1.1184752595871366,1.0690073220583198,1.0262660379181432,1.011744020509787,1.151320055364301,1.2575499696032757
81,1.3915321678568513,1.0712307642289876,1.077425385132628,1.0266266267323,0.9983269891266598,0.9946605169286534,1.1187406475121622,1.4454207857884944
82,0.9024297208780885,0.9117105335935745,0.9361115409065524,0.9690574451933044,0.9795430794106581,0.9864628931719085,1.0385734598068694,1.0127673279937075
83,1.2932920492383984,1.1137309356466942,1.148266358973761,1.1210167116261973,1.0579311067335069,1.0629521004970772,1.042862091823444,1.0868048453349113
84,1.215620528206158,0.8637149678091122,0.9375771940575225,0.9426696667674641,0.9635453959720173,0.9839439145508329,0.9413585751659924,1.0045361920249127
85,1.8619128324648013,1.2323863400291168,1.3672781620719032,1.2783259603812047,1.1973072703015208,1.1864497330294337,0.9779583018438358,1.2673725076850313
86,1.3262979715179934,1.0461045474251092,1.0739700707741318,1.0379125995463951,1.0183934931113774,1.0058515085984379,1.0815827768212634,0.8749531857892192
87,0.6308132718260753,0.7017111316774254,0.7618669717166663,0.8339818329940484,0.9145017387056932,0.9642956175805159,1.07272518811424,1.2788224605557887
88,1.445487716515826,1.1545332974720288,1.1504938485470828,1.101014720770716,1.0599491074285579,1.0469921961652675,1.1375148057083468,1.464289555131992
89,0.8639624752762501,0.9856269231582601,1.071059225783294,1.1265805998009593,1.132688641527692,1.1228109954580074,0.9949614010053952,1.1612731361057136
90,1.1898366687616466,1.1570285167284664,1.1457635785863673,1.1333427386663417,1.1547821625525316,1.158004796878575,0.974876776784891,1.0020715372518658
91,1.2619244559854605,1.146592831863215,1.145527837003083,1.1008822665558247,1.085562307957073,1.0912560260739765,0.8644348309855164,0.8220530613121589
92,1.6767552164404338,1.174896693691763,1.2168124902627906,1.1399657676695947,1.0947657057497369,1.0854401603336055,0.998419022120529,1.117774037166914
93,1.9117237049026778,1.2285316214164617,1.3652208106063157,1.2651569717761733,1.179824954324371,1.173433939175428,1.075249860604415,1.5162905700597438
94,1.385823221065317,1.1378548480393773,1.1541929938293594,1.1289461404685412,1.1274384112169178,1.1219266134065857,1.0301049055117044,1.5200239140236318
95,1.548792236072594,1.2333232819223159,1.2571703483378567,1.218799534503956,1.1950299298134777,1.1775759152935295,0.905113288751546,1.0364024369530969
96,0.7269887285144565,0.5687107473799042,0.6221418666440096,0.6739530417831953,0.8013133447027541,0.8815917939812548,0.8239565352846848,0.7143442704929245
97,1.5576416985305452,1.001728613312979,1.1358376232590859,1.0560754341014986,0.9824042036187288,0.9874319222895452,1.06537374168332,1.3668977029165268
98,1.2436470402957727,1.1447794288286322,1.1314789802477596,1.1042051082480566,1.058107231663896,1.0308557103399185,1.0018568277652111,1.265112842205588
99,1.7268277675365131,1.1032367939842773,1.215987134313927,1.1278497149861106,1.0767473484087504,1.0868268475681828,1.171756842548196,1.0167767762823012
100,1.8086725625487514,1.1228674955417526,1.2111825225484456,1.1104124993822877,1.051139266091345,1.0471486545100193,0.7508114840962185,0.6241982574672639
101,1.3124446085518038,1.068278266128577,1.0477878315160618,1.0127764215444366,0.9872582907376788,0.9774940667137995,1.2523235899026468,1.2699644965895576
102,1.6076291586470581,1.182497412071726,1.187607314894651,1.1295538453567189,1.0925071307739154,1.0663877836397748,0.8910194129962228,0.8911754513098845
103,1.0455615279770931,1.0464512049007684,1.05931501502323,1.0739674736264455,1.0337714028411988,1.0162168046252715,0.8338916899076558,0.6684041908184406
104,1.2661367545492335,1.1025340414788811,1.06737954553265,1.044185103021308,1.0012331088494153,0.9881869491021512,1.2083900166011512,1.1920253251275938
105,2.0665027045313007,1.3180821433660306,1.295633207738431,1.1867295923868275,1.1247880966781678,1.1102512498170327,1.120708300119749,1.5558701801545232
106,1.4814672745461779,1.23388660017978,1.220070119003652,1.1604425357621495,1.1276441754504092,1.1096708056874915,1.0012802694483725,1.2356175695332108
107,0.8746963845843069,0.8940966966407684,0.9229964209613164,0.9523315635742351,1.0012600507604288,1.0062927342166041,1.0330665677000868,1.3847356376641844
108,1.400622344716737,1.17860727576627,1.1870329664150332,1.1597358622018104,1.14362043629859,1.1205532926848887,0.8100415895794626,0.7644207959536847
109,1.089796107696668,0.9995062961281108,1.0622712739474398,1.1328402752693643,1.1718929596267722,1.1898724133765888,0.8855104368984686,1.086913703609122
110,1.929702385958113,1.3071774541076002,1.3652945225614803,1.2662687262687087,1.2124886393053276,1.2085517710834452,0.7927532271468845,0.686947301513069
111,1.5606929061956711,1.1441142295245874,1.1651384025672382,1.1057461096907468,1.0521387904579926,1.0462524786079106,1.0946939939621303,1.3175889077331489
112,1.5578337371518192,1.2422126135069054,1.2807218953016597,1.2496505117166659,1.2119814351647575,1.2085791062423439,0.6431719108036882,0.5696567775029152
113,1.3463410362162676,0.9755813426194695,0.9925953257918313,0.9560685821783015,0.9501496733697286,0.9570468582201221,1.0669194471355423,1.5449971808810343
114,0.8200406810323204,0.8831615093702654,0.9526616704934787,1.0384831766609155,1.110779448715495,1.115379280776943,1.050995735520874,1.3666776700879
115,1.7107002904119266,1.1968004566532817,1.1756357896054654,1.1095450647682084,1.0779906134736026,1.0746520835788755,0.8471527333687402,0.8906192522756264
116,1.0564152724354368,0.9608466054602429,0.9526750761650953,0.9451793938913716,0.971280431595297,0.9948182130800426,1.0047991262367568,1.2107326514459258
117,1.7176615303354117,1.2862386875551954,1.3891542125655847,1.3222604499611506,1.2687757887506015,1.2646830169062593,0.6591468039577866,0.4847970748888423
118,1.8589267437315626,1.3344450121472684,1.274406356586789,1.2095715092134633,1.1520102168239157,1.1392659849476616,0.808260009705203,0.8192071216805733
119,0.7490450378907216,0.8440210073901394,0.9340338823359101,1.04449327027372,1.1596555513123843,1.1980611999273851,1.0287646154105503,1.3630032446900224
120,0.7013522994014384,0.7853165925419718,0.8631907182442725,0.9634236072345664,1.0705530247201147,1.1196553983512845,0.8888085724018301,0.6997338147701916
121,0.9449006273383979,0.9443388624092658,0.9963087204224705,1.038018481078528,1.0245502898037593,1.02121640043739,0.9326366138248456,0.7091743734193956
122,0.7039237806621996,0.8149037606117666,0.8939594105616028,0.9842445445001474,1.0456242494685961,1.0435782007299756,0.9536265252301168,1.2900414554908104
123,1.1042357613868872,1.0407021203719065,1.0375090908506692,1.0245183324030744,1.0005701976206696,1.004317726307528,1.071654097146761,1.3878134824550172
124,1.1198503952691663,1.062345146219781,1.0815066978261023,1.0625770774322139,1.0113936390297464,1.025233293565702,1.146585349138291,2.1248936785320804
125,1.7336531693061001,1.1476252299159098,1.2312677369122669,1.1344312719826326,1.0835499819198222,1.0770213417613534,0.9738835370298636,1.0895597140994688
126,1.7296994417786857,1.1817643911457232,1.351824368800052,1.282269328642699,1.2027681745806051,1.2257346735802555,0.7874456244503473,0.5151553836390561
127,1.527857950167525,1.1908933302165643,1.2286874812131285,1.221228308424191,1.2421747447418288,1.2374609145510713,0.8066999257969211,0.8452831051739177
128,1.8201742065400246,1.1744023618246875,1.3352555998610833,1.2380666314107251,1.1722703605072378,1.163616228750661,0.9926584603213092,1.4643334490133553
129,1.203071523764566,1.0808374784660035,1.0875346290398251,1.0892452560606145,1.070111870731603,1.0924808894084643,0.7908856140841393,0.7205859526291657
130,0.9883456997144285,0.9832597884774544,0.9983500974392481,1.004486553774148,0.9607989056905598,0.94930188810793,0.9785375740205002,1.066725582066953
131,1.1805419050391441,1.0043988419361216,0.9743873139757341,0.943495375573805,0.9121612845038557,0.9042258023282435,0.9908413105710662,1.0014718825267317
132,2.133442435352097,1.2781528749467843,1.2827282949839514,1.1713173606074772,1.1148324419820062,1.098992281156841,0.8870684700593052,0.8198881174010624
133,0.6021632181151639,0.6818706414304646,0.7483703016383367,0.8497123254535532,0.9641581544212657,0.996710824628153,0.9586942918248552,1.0636813676366443
134,1.6298600044848646,1.1157807250945433,1.208122317064561,1.1251299308568286,1.079693984799876,1.065551312413717,1.097311081283618,1.6773392936384983
135,1.2197157120630628,1.069849000093188,1.0554012261265673,1.0492642883577525,1.0520984940680047,1.0527381135631682,0.7487171804862048,0.7035348848693213
136,0.9130914264573282,0.9666805793230709,1.0143617105115605,1.0629380219378546,1.0798296645547985,1.0828192229944402,0.7295984395210232,0.6075406606896966
137,0.5473959023718202,0.6197406128794548,0.6896267380208875,0.7990910068317818,0.9515135849553169,1.0000825328978962,1.0309204742108316,1.249214902456225
138,1.1959765260946187,1.1053373589565278,1.12563564672499,1.1115327535112776,1.081850826483902,1.064595192220319,0.9288391489991736,0.9791683891724672
139,1.4178549334373018,1.1173924518458942,1.1440694700656746,1.110630815011186,1.0940553634064298,1.0767474788800182,0.918648728923042,1.0333120195093248
140,1.3886632927334215,1.073178075792712,1.0717991196875276,1.033013906312089,1.0079789515688775,1.0010905715542444,1.1235276065642186,0.9616137120687864
141,0.6906840760156004,0.7314992509939627,0.8130249353342945,0.9109421478924195,1.0255175683282494,1.0109654595579614,1.0077657159454931,0.993247966584534
142,1.7393618412360108,1.0931739949379693,1.1354328578909123,1.0434359957785355,0.9908798666269236,0.9930084902807108,0.9241638337846728,1.3168690025049532
143,1.1567340684760479,1.0607241939786407,1.0822000387961797,1.0857055652981265,1.0305102849501766,1.019493790059509,1.025800860842118,1.2884181592357722
144,0.3866669748028814,0.4727056908200452,0.5700400795623941,0.7352164369383944,1.009292410548989,1.1351717327971114,1.0997029946518966,1.3589823950382474
145,1.3716499353571314,1.1304710617794855,1.1327670991927103,1.1084496538790818,1.061692832408339,1.0575369103855012,0.7318423378120665,0.5785043067716784
146,1.6206453562393754,1.1138965632409308,1.2071639786802109,1.1380519374928544,1.0883948608371627,1.0899909692348542,1.0699407920223682,1.1366495467645177
147,1.7829267966826483,1.2246187193167137,1.2513663347544688,1.1910565170006617,1.1423301171152427,1.128002828635531,0.9924358112846252,1.0180904591672906
148,1.4222826215732738,1.1186686972068514,1.1313031864593728,1.0839644245595303,1.0639896523963146,1.060035562000352,0.9235544510937856,0.3379806037963787
149,1.4907845970477787,1.281440918618953,1.2971913269668354,1.2732700755337703,1.2116930675224165,1.1898970106280742,0.6743562672165904,0.6455606689418638
150,0.6102741674886475,0.687486018124681,0.7513071023700222,0.8477810642896081,0.934283551177055,0.9053428683306615,1.110001629758912,1.270353056415436
151,0.5522451398966111,0.6617664990551838,0.7525808171674694,0.891980170238564,1.0821640722935166,1.1130987229391858,1.080645499995014,1.33574376215544
152,1.533367949277304,1.1893766715712282,1.1694531421785406,1.1126677942351513,1.0920931023609342,1.080092408799921,1.1352746560020652,1.4383187013847634
153,1.2398419220350392,1.0870258405178426,1.162663888451713,1.1966817551493525,1.2432494544824364,1.2655458087899603,0.9219667426448545,1.079794870709574
154,1.1303402874674664,0.9052428315295723,0.8991200302910919,0.8536309015977473,0.8339546088781429,0.8254585067186148,1.0638009120441922,1.6145115781563129
155,1.237070294437031,1.114130512686177,1.1223986293669506,1.0989075503512677,1.07699819334831,1.056978577958104,0.9167854325275802,1.1590504349682578
156,0.8953561422448101,0.9428779559352612,0.9790164602585776,1.0083660451331118,0.9716765881359389,0.9778253918365566,1.0723738453346514,1.2517075323069835
157,1.0983356371901725,1.1024048080206401,1.1323203442781609,1.1475914887752154,1.1247584046524475,1.0836174190703267,1.0091739965441833,1.2041780799730664
158,0.6313872419972091,0.6409761452528144,0.710916571209703,0.8121091434638976,0.9848683772467554,1.071219075695199,1.0533684365422014,1.2032613707779038
159,0.7658257511697626,0.7488258361650887,0.8066350026991029,0.8596769551923402,0.9381933290534233,0.964609987647572,0.9568683861444732,1.0168262020035894
160,0.8771121741346873,0.8608791562837849,0.9036943824081384,0.9297090832976018,0.8719433538446525,0.8943646182793873,1.0942910329288411,1.2663469210467249
161,1.42106762659075,1.1178832014128182,1.1328904896599319,1.0846859696476732,1.0655805018285776,1.0585554343221102,1.149567557883283,1.3140463695719182
162,1.4113485446736032,0.9991910406460106,1.0703685585626252,1.0275978523962725,1.0108845687708714,1.018803802917365,0.9228929205009868,1.0961117684205994
163,0.8473163863687522,0.7832704198237654,0.8213212431066688,0.8832107801083936,1.012009526580894,1.0611346502148273,0.98886440770139,1.208669794824896
164,1.5080921649915435,1.1235228769478611,1.1738117126324463,1.1346061278920587,1.126579990983008,1.1279242427660778,1.0163706591138684,1.194401973257326
165,1.3487947439351535,1.2530432277732837,1.2521573320909027,1.2140444212669776,1.1956376456743556,1.1465736216266298,1.0270518028101998,1.3484163638291151
166,0.8428818596374525,0.8198281965562536,0.8438811171425774,0.8633895213300307,0.8933678906511575,0.9112226415018675,1.05270120309054,1.1115887329267269
167,1.4908464814076847,1.1814826068397297,1.174766347143791,1.1334113810249873,1.100193076134359,1.0900288361954011,0.9791026217576264,1.204650048517719
168,1.741416407046214,1.2330918461528793,1.3365279633581162,1.2580883694754104,1.2229974323055426,1.2077153867929167,1.0205845451910494,1.1171671517654929
169,0.41765963801550643,0.4469980070034476,0.47870100632915874,0.5571948922877146,0.6985877831694489,0.7263550923903227,1.033715884335775,0.909078490844867
170,1.2539921887073002,1.0762827911022397,1.0856664215112728,1.0659708073532062,1.0470833399040882,1.0485718277486102,0.937507994816379,0.9220506273993784
171,1.7946853000445602,1.194057414745473,1.3030872581510966,1.2152198080754593,1.156473757878426,1.1540757921363518,0.975698592919587,1.0223794064138791
172,0.8863312111849323,0.9949743366590216,1.0632735742549675,1.126767601726143,1.0942448231728197,1.1009529841452277,0.9091753379440212,1.1229315991279696
173,1.2608971522621493,1.069788616937197,1.0299709627957623,1.0505132315822292,1.0524533332477333,1.0487396012984413,0.884237082815821,0.7958641726844061
174,1.1153589112433522,1.0204566198887577,1.0240219284219756,1.003640279073878,1.0111723601221643,1.00865232811655,1.1191303591309223,1.4629340759332183
175,1.4095001231748154,1.121792704318717,1.1287337470419332,1.0866360470854008,1.0448035846701493,1.0317770196042757,0.9026946071715888,1.1500316267384394
176,1.3870748172524354,1.1751257912952568,1.1482554338697144,1.103096600743637,1.0567831434184662,1.0465069496428971,0.9459990161971348,0.8166521211800477
177,0.8012833653367277,0.8841774622998902,0.9168354580447081,0.9160383398868671,0.9107028474126126,0.8791202191149595,0.982408337783011,1.1819006692541287
178,1.5133196434050207,1.189128598941724,1.1644094328508576,1.0981814821404337,1.0629938474755858,1.0420287301244986,1.1098593659861182,1.4489595084099651
179,1.4505776849208865,1.2190754286277534,1.177125961924686,1.1327787746089206,1.11766094408821,1.0988576374915748,1.1860269222106188,1.3528524643178144
180,1.3981452189168608,1.1136952503704902,1.1277473398645779,1.1077756240640975,1.1044448459008962,1.1226508616938227,0.962127115930462,1.0305163016011354
181,1.5039659399156846,1.0283963558532456,1.1585707601437112,1.0894621348894318,1.0274492303818703,1.0332369372719654,1.0484319333330354,1.2733506463622777
182,0.963779257066013,0.8516898177291088,0.8456670846942467,0.8227192466268473,0.8009311964610761,0.787263123750231,1.0644423130994785,1.3841200858495195
183,0.5385579396535548,0.5084060109926039,0.5765742987795682,0.6807588833505586,0.8365069560593335,0.913052565909876,1.0590671434621255,1.2839098848539652
184,1.4085717958315356,1.224062728023959,1.3346803288933369,1.3211099256251746,1.305936232305975,1.3198738519027777,0.5404055631143826,0.3976942185896442
185,2.0087077912567746,1.326376658067918,1.3111231972555446,1.2080282669620823,1.1494436087834674,1.1327102320734055,0.8236345690005312,0.8332002194085972
186,1.6310821008806762,1.1564206277062365,1.24047635677283,1.1633402953696557,1.1113736461784356,1.1078363877901825,0.8870630966563199,1.0179550738152705
187,1.5631086785081543,1.1949944368680288,1.217273122661875,1.1520326483429155,1.1132593757538454,1.0954157021692348,0.9180354365558469,1.243100988524602
188,1.7203064308170015,1.2663008480590472,1.243667221065338,1.1563320770737449,1.1224867589152296,1.1012823066822526,0.927631991578195,0.9795982748544774
189,1.4808323280392064,1.204820810140536,1.1657508942723989,1.1113269444921439,1.0932612370215076,1.0818310031519076,0.9793942229548206,0.7428363459384937
190,1.1381699710477067,1.0585930302271611,1.0681340956489362,1.0798751826474964,1.0768828271988649,1.0648892693044887,0.9383061792329704,0.7213783668447756
191,1.6843403482138701,1.2173189764393224,1.1826146429672935,1.1144829087185038,1.074526805353084,1.0621523823489432,1.2067692603967035,1.2808330048666787
192,0.8634054239948248,0.8228109821408355,0.8559815575541534,0.8992671480277865,0.9443846902638581,0.9757046081947086,0.8774051612312274,1.154318000856685
193,1.4234355100109781,0.9969735720648365,1.068568378142473,1.0060366254703084,0.9696759826547965,0.9600515293847973,1.0739086714718231,1.4030566550930124
194,1.472947863895831,0.9809894254219684,1.074885924182619,1.0114432973384118,0.9748850380559989,0.9737644351542394,1.164843965192906,1.1960519528949374
195,1.5438587084757276,1.1425434581728453,1.168149813387383,1.101796668488379,1.0740610184923254,1.061536277103064,1.103813228852392,1.2892200630169928
196,1.1816010976947,1.0989257121078995,1.1042823142107663,1.093558660802886,1.0951890772334023,1.0840114553002378,0.904588011068276,0.7634871913765983
197,1.673461061779007,1.2917575867666584,1.3203591445643021,1.2574177499430788,1.2077467112944398,1.1971416813950135,0.6537348057812783,0.6525407514322619
198,1.4860938493743927,1.1670542837558286,1.127217852260348,1.1060155597425898,1.0645331473717388,1.0336835706884382,1.0380570590917233,1.2309167055525674
199,1.5018739337208704,1.0303876375626952,1.1344464699524774,1.0644119768731561,1.011385175002344,1.0036186864108745,0.988661434511135,1.2713769392958023
200,1.357111986475036,1.0379790646375096,1.0873561448198867,1.0358907790783485,0.9862943860513993,0.9790280053412947,1.0382130050302836,1.178350465292867
201,1.2785131977211992,0.9968624222665103,1.0536720357397482,1.0521618405026374,1.0719904833761225,1.0799369093848956,0.6935029597287509,0.5380981177794452
202,1.363939100189937,1.259404766322049,1.2898462865214744,1.3313531295064027,1.3593777877848139,1.3254870683201694,0.7083994236962525,0.8289278631059763
203,1.4437448694758133,1.0693629948555634,1.041676064115354,0.9879506232440489,0.9694860730250201,0.9606058498713845,0.8387057209791665,1.0879341899084067
204,1.1872823726827062,1.1332358875929616,1.1331389032775445,1.125252921757179,1.07518454273908,1.0645532881261432,0.930418147855168,0.9768215301650108
205,1.3648088849536764,1.091344953782461,1.0659775404720064,1.0271283436138376,1.001195916354805,0.9895928314901377,0.8886394769871319,0.7904451368687136
206,0.9987093923407941,1.0355746026559454,1.0787022097900523,1.1057956269015965,1.1043236538797123,1.1111828711609921,0.9179269612381497,1.1567728821585492
207,1.1105869639189239,1.0983987207715298,1.1126043959042702,1.1030265639225307,1.0812298943745218,1.068072706122986,1.068628012881892,1.27438822697819
208,1.0864630903837649,0.8116485689802917,0.8453251178497105,0.8801485852597145,0.9549106647297896,0.993863438636238,1.2078066093599311,1.2524346334516
209,1.5466104768999964,1.1555041075026777,1.1496909455183186,1.098531518891411,1.0657462434861842,1.0524935698018891,1.0003322758856392,0.6438740855933591
210,1.2456518437147595,1.1109127009680773,1.1041334755994685,1.0953238124759597,1.0718040724956264,1.0651841728352271,1.099594579210207,1.2758669251242818
211,0.8815381466087933,0.9449164229132321,0.9956249651017697,1.0566250721397814,1.050804474838251,1.0405804986038318,1.1666637970977871,1.130708521688211
212,1.14374529663757,0.9280601952971811,0.9170298918791828,0.8878513569226332,0.8736239522280095,0.8741570807928323,0.994657116581182,1.4340706626471027
213,1.7287698419413953,1.01877051986915,1.2177168248959935,1.1209893288654014,1.048969265874272,1.0497292109686605,0.9473781464860548,0.7531790133502241
214,0.4562623259072133,0.5479171151453183,0.6360209980418803,0.7997643886587115,1.0626588613710228,1.1851806048352016,1.0846075789886316,1.360297627317293
215,0.5216511647875498,0.5832507142576047,0.6516987346783434,0.7404180019620579,0.8433054694045371,0.906199504734809,1.101246951161176,1.356352645288655
216,1.3533388612118853,1.1748519628198466,1.1369358405238057,1.127889325295615,1.143251894841331,1.1481754916952684,0.8600725923940067,1.1778488735306651
217,1.4557916503781647,1.034096025169531,1.0560621945599913,1.0043270753376607,0.9766145345448243,0.9712738385355122,0.8866136746001984,0.7443775127889224
218,1.3573627099633951,1.08725926811144,1.117279313646855,1.0772792142165317,1.0397602447851237,1.0354910302680516,1.08717414959744,1.149443091866384
219,1.3789198051622946,1.1368769572204376,1.137012434354395,1.1206898512969563,1.1117384798087317,1.0858366098862686,0.823310223456568,0.8142067011343501
220,1.7114895071810845,1.1922463414208555,1.2624147504049947,1.1823825518098146,1.1541031554550378,1.1475084688931463,1.1286297598183428,1.097230916183407
221,1.5464339304442731,1.1520076650802578,1.1580252375089766,1.0911095444612817,1.0558927245085374,1.0540229139890251,0.9621534577325944,1.259439485176752
222,1.9845031318503685,1.2190817692664861,1.257433344430364,1.1605447868244774,1.1051577888447675,1.0939922843639556,0.9873131906481504,1.0621420120304377
223,0.7644777748451302,0.7775138942435555,0.8316757696082103,0.9024578376019851,0.9957844381926239,1.0323764653016365,0.8946416822001139,1.079159552175668
224,0.8012912923019774,0.7451242023037837,0.7986118325256991,0.8813363956553308,0.9511558642530388,0.9676461819372948,0.9007620647924168,0.920824348058756
225,1.4043313621821474,1.0406477783517794,1.122690170651746,1.0663951927024413,1.0280281646933254,1.0355328393493897,1.092348184514595,1.3084957463684497
226,1.3910364769626478,1.2277652473898448,1.3315162293406522,1.3314866382608073,1.3203193555410657,1.300881400487008,0.5941743446487503,0.6655451311262928
227,1.1417217732578637,1.1363390384666572,1.1473462195769655,1.144593882088901,1.1228247310716122,1.1466241131074582,1.1354118886153026,1.3418937732633376
228,1.6396361545276603,1.2314177183285426,1.2609526204076824,1.1893831269743156,1.1438032396998894,1.1357831853902496,0.6386365538862379,0.6378936379984874
229,0.95543934031342,0.9038993680075564,0.900120584362207,0.9025196009506793,0.8923308909903063,0.9141619466377048,1.0545063544030129,1.1051283598911636
230,1.0420589099624007,0.929429014978691,0.9706150223408835,1.0018237150587923,0.9737459568660342,0.9511510188287573,1.1750030295121416,1.8276628362907972
231,1.5860461006500883,1.2848284543308153,1.2838562215589233,1.2345714515131982,1.2013969091619314,1.1918792633437567,0.9181810044162136,1.0288369445794912
232,1.1901675106941672,1.162026779489296,1.1808914798810364,1.1875974814011896,1.1911885278619627,1.155859074611276,0.8594234178015101,1.0482351294071468
233,2.459558430952588,1.2913959674015894,1.6267616369707762,1.4613681156340819,1.2842635888266156,1.307689098057849,1.108716342832762,1.3144621979987496
234,0.36737254861500046,0.4239312561628652,0.48597777607226217,0.5902546465720893,0.7795701803977761,0.8805830527400507,1.067410727907361,1.3925014037782164
235,1.5065534074684772,1.0945118882339946,1.1684241387965288,1.1370253860705468,1.1118108172637489,1.107387112775364,0.943846680572547,0.9802679426108496
236,1.5134187108527954,1.0413273290450127,1.1566893888700558,1.0891123508274363,1.0248163719502879,1.031290036625983,0.7890898678685851,0.9776840349841014
237,1.1372528664052413,0.9525003068010193,0.9852215189939705,0.9977469623999728,1.0375680173303894,1.0368282745428257,1.1061052993725693,1.27896174218522
238,1.4738886822852706,1.0999360623089767,1.1817771900023453,1.1379021417537287,1.1057533698623998,1.09449260832922,1.063701346321404,1.0859887071745171
239,0.3860718727181545,0.4447776119895276,0.49877659252193973,0.581771761859963,0.6810413708991341,0.7394080623862468,1.0443167275111762,0.8278775087355669
240,1.2955370848971142,1.1737749435821845,1.2653641436885843,1.2667397716678779,1.267163576058562,1.245514286747732,0.5098677760670168,0.3130723913536229
241,0.5573694429613334,0.6488678971961379,0.7295594678392314,0.8295924263251795,0.8994799159900668,0.9260861920198612,1.0529475604891296,1.3111126372383004
242,0.8761893947950853,0.9012400280702019,0.944617262040637,0.9972843830290639,1.057214057113852,1.0655633868582326,1.0034418825409264,1.1026352450665402
243,0.6739836612456296,0.6206991757024677,0.665259872840516,0.7311294637747144,0.8031180470826513,0.8580084502704131,0.8944128972633416,0.9479535920662392
244,1.163898121358497,1.0200490159734215,1.0018713805342878,0.9838896014641632,0.9494808249888741,0.933872205693699,1.0130973741559854,1.2010875795351148
245,1.7047496396627175,1.0742389861129498,1.2082591394832984,1.126759948036133,1.045350258638252,1.0562227340511445,0.9122024863873468,1.1409738389462325
246,1.4427499772413803,1.2362080977775725,1.2452795244823434,1.2318390575445468,1.280206096357979,1.2955292129882117,0.7054079913669998,0.7488178286658913
247,1.659009074595977,1.0347893349095265,1.209075957429363,1.122708535273508,1.03150214682366,1.0431698473814344,1.03735730662426,1.2581939517425054
248,0.7187827478233456,0.7416243758577516,0.7829529873350385,0.8409905961627974,0.8734423597456894,0.8966089283016629,0.944882823152576,1.0892799000606102
249,1.1162778197994148,1.0218553315810655,1.0590791356207836,1.121957813517288,1.1526055673198818,1.1307082851970163,0.8921891135615155,0.6023232576509688
250,1.773070657893116,1.138074207753644,1.2191545546166669,1.1252094351980688,1.065267913728115,1.058757754789069,1.0910451852044465,1.4976594244383754
251,0.7649937586691596,0.8330514777232444,0.8976233984097864,0.9457290709552527,0.9837945633145656,1.0144976833706025,0.8623412222579222,0.9833604992254342
252,1.6383334264714329,1.289479675929296,1.3331525707851386,1.2792591250416625,1.2223219031370667,1.2075863131210616,0.7069353007351868,0.8114551489349273
253,1.37525268990696,1.1425194226609128,1.1568416453607004,1.1457233443027715,1.134105398272099,1.118044507076067,0.8838789185010077,1.0249940443809913
254,1.9272821408175806,1.207913164282213,1.300222460851361,1.191802762032152,1.130950437206489,1.1198620195664093,1.091032487508214,1.3105065108364138
255,1.8615668211424967,1.1405271710924907,1.2719500575348202,1.1795693596216787,1.127210088909753,1.1289608462103577,1.0996401965410036,1.0854844040334417
256,1.3592470390247058,1.095910482696271,1.1473026426032398,1.096291157527226,1.0827744014727703,1.0684757616610001,1.0770972938918617,1.6094007277632283
257,0.892939814194645,0.9819028423295656,1.0326257087665225,1.0705391350060973,1.0506042274832916,1.0568232223993794,1.111096915755622,1.2685032071391311
258,1.3317966446449032,1.1181709268215305,1.1249148309818453,1.0868980428279216,1.0849682539451695,1.0642351214208332,1.089950333735637,1.5970139497318558
259,1.4684352376535217,1.2631382318642985,1.3095588813763241,1.280184908392791,1.2760760117767513,1.2687611498147449,0.9826380729524984,1.269324371180804
260,1.2839649639482322,0.8427178008562001,0.9200901188181951,0.8807447215289629,0.8711246600588404,0.8880132420638376,1.0740147264909998,1.9227539962548432
261,1.5854023729518605,1.1514816090317488,1.2671598078883228,1.209176955313851,1.152842698836589,1.1517730269223239,0.9570871218344768,1.1901998572476649
262,1.2704921892719527,1.1454207672462544,1.1552167933782764,1.1468784784260806,1.1063237650700135,1.0818199067522702,1.136245366843946,1.474407479982588
263,0.6462508653640346,0.5681929572873404,0.6663072510046846,0.7888313153227814,1.0290166896959811,1.1415206458929537,1.0111933743250676,1.218863238315513
264,1.261659005725288,1.0808295091814204,1.049347276559984,1.0138964603726586,0.9860753096152672,0.975912991876885,0.930204065174734,1.3505578694957177
265,1.2229643745017555,1.1330864084425851,1.1620605367995482,1.1836930196939084,1.2362125338026941,1.2357271580010376,0.8087269719928625,0.8281581959756226
266,1.3761051290472746,1.1134553503295392,1.0834169161350202,1.0498769031490665,1.0178366565735997,1.0121780331839925,1.0913869220444965,1.3435488891984435
267,0.8148247204058088,0.8843932025442832,0.9581734120109836,1.0266609327087015,1.0425492179469924,1.04006284471352,0.9921193687575792,1.1463416385762948
268,1.845548827622416,1.2013956987235237,1.1797434966199631,1.0919901790649094,1.0477947349176882,1.0400345260213073,1.3612911960631098,1.345644686090088
269,1.0232281618922874,0.9435161735618954,0.9663172372527309,0.9729442526852302,0.9559487047074129,0.9455156791819936,1.0140269231861685,1.1831350307804622
270,1.5071792961496862,1.189155537342247,1.1661927694250616,1.1623102056823567,1.1395205135467836,1.1168539634021606,0.9265179016481568,1.203024282644043
271,1.5203185181806476,1.2083309665688255,1.2268966103102832,1.1917635203854993,1.1696291839320556,1.166710034957057,0.9517562454862118,0.9949757055545732
272,1.6309315456432718,1.2720365416206572,1.2436966695730773,1.1710434111466348,1.1321763903672777,1.1089275050045102,1.114307106276018,1.4595620731788532
273,0.792014635631093,0.8225889044992213,0.867275334111459,0.9214112228660869,1.0361511867707194,1.0546710143474158,0.8854710991232321,1.1218189516782469
274,1.2060556171479226,0.997183685667319,1.0130044505889628,1.0109853407583236,1.0075970251479551,1.0153590572912634,0.8953002603582075,0.8882918784990537
275,0.5885073777963767,0.7049761444421175,0.7918954793627901,0.9054922113101971,1.0075046878713616,1.0590028632430308,0.9970412284095848,1.2453656142551797
276,1.0060555648795886,1.0452531803029024,1.0624651935174796,1.052413970520194,1.0210578447234506,1.019282582542386,0.9591399254952836,0.939709480069164
277,1.3028726633376604,1.0955846938121445,1.091756969009401,1.0390101745296767,1.019507730051615,1.0331326305619934,1.1603417113334298,1.8137311455259515
278,2.1068558404599975,1.2534609596229502,1.4227117300951957,1.3123809082222022,1.2342363074719769,1.2284242885410976,0.9033083914787544,0.7433893041848674
279,1.7159030320699429,1.2185141371032142,1.3774943839614786,1.3067215916458796,1.2211101870252619,1.239142114797624,1.0792121619418529,1.2168574043497384
280,1.4912633311350534,1.2781586534745495,1.3290282825535633,1.2964931786188336,1.2778683823281862,1.2563280568021478,0.6002597240349143,0.658273804879441
281,1.019708037549068,1.0479805912906646,1.0722166002680307,1.1077164510264157,1.1615871336519374,1.1672069210111022,1.0218457837310846,0.9916733454984216
282,1.0338688075659284,0.9754752365652772,0.9747001115447486,0.9819978558785031,0.940109625222996,0.9245650861692322,0.9978573762389832,1.18096669208722
283,0.6732105281619101,0.7350219087551014,0.8269102890379652,0.9534594039771309,1.062812532490422,1.0512988063642563,0.9332932012156888,1.1181857138119322
284,0.6313181906577369,0.7047571999614981,0.7647793262172682,0.8549966028187946,0.9753219345040527,1.062481180684587,1.2147765292394055,1.6003483298701753
285,1.2470430673789188,1.0375686306064982,1.039618346706383,1.0248572218037522,1.0345493645635293,1.0402539313605141,0.7842482194948351,0.4392096282446575
286,1.0765435204693998,0.8562740073007373,0.8852941456652902,0.9028356700552922,0.953662380821717,0.9966134878435264,0.8798472718635422,0.7603189608387821
287,1.5015333698482678,1.138126286725121,1.1403690530130595,1.088570122494521,1.0703684591448377,1.063767969577238,0.8010515554774572,0.6060645608844827
288,1.1526159172151256,1.1166207160840684,1.1284919286505497,1.174115523012738,1.1810294655534321,1.1327302770433825,0.8209597212303607,0.7943216010607721
289,0.3821579478198616,0.3843953582903411,0.45024531034318543,0.5597374573469123,0.7249924458065543,0.8067274199391703,1.0371599075384454,1.249202627695846
290,1.0936802437044626,0.9965764723506016,1.0129579051988207,1.0079057752845255,1.0201975648201755,1.0220519747692394,0.9711346964565593,1.2234540332848258
291,0.7992438714594585,0.7915219319986373,0.8313985443881245,0.8909557650712675,0.9835765163254443,1.0188470350984944,1.171482988640936,1.3536046338562475
292,1.4760339772274,1.1665927910652498,1.128176958459877,1.079167630992202,1.0422662849832964,1.0183992257240102,1.1350854359013445,1.5135238382778198
293,1.1802731773436508,1.130752895227947,1.167315788017063,1.2265073025287176,1.320712232792454,1.3118430045971492,0.5955713408048713,0.4995204748402408
294,1.03195165220845,0.8821408131580045,0.9652567803490032,1.0111084077227062,1.0125369999836058,1.0067386677645416,0.8226383976059466,0.8344299994059813
295,0.9306492292423793,0.9100051566915788,0.9150707806094291,0.9295991720181399,0.9839149590179749,1.0075233348459522,0.8807776165464735,0.7731183500282198
296,1.1240502628442381,1.0408126974248517,1.0697967522535954,1.112567784879772,1.1112717179891163,1.1423549925383079,0.6896453296409862,0.3728393821956777
297,1.2013102746431763,1.1605551850278164,1.1339901100570642,1.122666381274806,1.1147322059049618,1.0957530513543778,1.015924009116227,1.1699429847650589
298,0.6338875430762347,0.707634686259281,0.7856879183963685,0.896398258848319,1.0064063463711874,1.0271354603887437,1.095804634555107,1.1726964693906174
299,1.428828520365551,1.1433225249098355,1.1237984713908757,1.0829972747439454,1.049070150787825,1.0240087998274958,1.083256349715824,1.241691676850993
300,0.8885000807474047,1.016105009298579,1.084184290915411,1.1242837249475701,1.128035698293851,1.1031233943580714,1.0500302993468822,1.160953184161286
301,1.5535527183230409,1.0967678581905642,1.0994581017451537,1.0391552789979368,0.9926383400001828,0.985529636045768,1.009833281863301,1.178940214978519
302,1.2263448428525112,0.9267080147601922,0.9525456334922636,0.9800581254749067,1.0077021617895021,0.9766494031138606,0.848140729988288,0.8184578307857433
303,1.566470337460269,1.0818153607125303,1.1163456008483208,1.0558612984817877,1.0042289988864657,0.9834102402909154,1.325281157666418,1.3172188180931763
304,1.1858311136182447,1.08956745195366,1.1277903887657157,1.13476155968338,1.1246655150592788,1.1238861645756584,1.0180610050756929,1.19369564809306
305,1.1447287589273583,0.9428414996162604,0.9468240166208648,0.9417406110004619,0.935051298396754,0.9318729328487594,1.1068303412648528,1.226753258484825
306,0.9798325801273838,0.9359031565674023,0.9586036618876376,0.9695927824187096,0.9832772138749155,0.9906874474970018,1.0830610364458944,1.6524472110324318
307,1.7584240482435998,1.165610512564248,1.2779922276149327,1.1874356858667148,1.135909576729763,1.131363787797481,0.928527875324999,0.7366842684865286
308,1.839103737340332,1.2360909038601324,1.2537606409727668,1.181080592276697,1.1307011267566676,1.1183821945898071,0.9006773107567955,1.075590380916329
309,0.8739381702726116,0.8777450891202335,0.9291137317615086,0.98644503731616,1.0136939782981902,1.0102595091696724,1.1214857384458996,1.0072674918847684
310,1.5126097709940929,1.0611399764077187,1.1238688741685232,1.0512041620028938,0.9987428336168902,0.9956326967198674,0.9153950547223618,1.1130085744219136
311,0.8351268307329623,0.9027128721745235,0.9509419280966762,1.0027027379096667,1.0167811794280344,1.0268907700722194,0.7857972053921278,0.5604668918286602
312,1.3631522963189164,1.1347795750764782,1.0991305317596702,1.0563951773396172,1.0320632527362912,1.0108281149681742,1.1632444546532308,1.2110510690759957
313,1.6599523349719731,1.1484080960324363,1.2106940703640365,1.133775778853189,1.097026380050609,1.0850546584246714,1.0368480936952518,1.0983650286352828
314,1.7393038980067679,1.3075261469357278,1.2709336181728197,1.2110583170980098,1.1703260043064843,1.165069229148246,0.8759337543029433,1.0605560245270922
315,1.1926219231994002,1.1852892916551088,1.2410068995057415,1.259743707524531,1.2545778258175737,1.254883622370082,0.9602177703851136,0.9973320921543818
316,1.4612703035166907,0.9797861100821947,1.105327948265213,1.0376585018630484,0.9820392502616345,0.9801529571611356,1.0532909134375603,1.4699303533801558
317,1.4313314916479096,0.9541816057883165,1.0477127894832028,0.9758936084953302,0.9301068957810666,0.92459083959877,0.9424475559837798,1.2900546861823534
318,0.8945592023273629,0.9125918436379769,0.9746985820245148,1.0334294224995026,1.0648558140916675,1.0333262601867168,1.0509656666906586,1.2511179894251307
319,1.4257264173383704,1.084676808558558,1.105858685951502,1.06059273154094,1.0308622125964941,1.0316827985315202,1.0724958183620057,1.0981524379199383
320,1.3311161574078905,1.0954326101922969,1.055567967396837,1.0301767313337753,1.0105564432547185,1.0152780313118626,1.0433422849431542,0.9376092451659466
321,0.8962865883711801,0.7648552707215266,0.7880862016368422,0.8119790621293902,0.8889336508708173,0.9451132439876125,0.9854360839893566,1.2425771706857778
322,0.9591077558194187,0.9649708538739543,0.9830088418680546,1.000864035829974,1.0068187454341375,0.9972764026736174,1.0621318635704444,1.324009571768836
323,1.263309829209408,1.095675486933089,1.0970165797602958,1.0816733319778737,1.0535499180896295,1.0547170872692193,1.0087135598034866,1.155868295595475
324,0.6747733445886892,0.7046385415827805,0.7453442343383735,0.7874205016931328,0.7938149492508799,0.795666349383297,1.1256074272444248,1.3069364507564172
325,0.7962331677182158,0.938012488293075,1.029902242426388,1.1219697281132803,1.2787019953471475,1.341294638288347,1.128145303996638,1.2192659101354884
326,1.0969720539238395,1.0132607093467374,1.0139761545507993,1.021258341594344,1.0331789732149563,1.0363872973724904,0.9399529956903252,0.9803406904571564
327,0.9312176994056116,0.9504428987832364,0.993223836541851,1.0436148594543355,1.0779817058584114,1.036984400416319,1.0917742104907058,1.799317624429892
328,1.0358241785192033,1.0475617507544774,1.0769784495250594,1.1205722008328767,1.1065953074362291,1.0648371444049405,0.8603979830298062,1.14372461957383
329,1.0186725351275885,0.9573526205179577,0.9727441913095048,0.9702438584838712,0.9728669916788037,0.9647056023842097,0.9816809107807316,0.9423483498370268
330,1.4148677965206196,0.9331026709184322,1.045411631963223,0.9848675064945854,0.9553532704183983,0.9591815280383555,0.9738433785481732,1.2098565994179866
331,1.0544166531276766,0.9632602518526822,0.9732038564195077,0.9907118496674449,0.9826300430316524,0.980638869385364,1.0730114203703411,1.1760029222988426
332,0.7749051089697223,0.6133561218569284,0.6937404930252674,0.7632108764577157,0.8899305218695922,0.963497842681882,0.7712551870882257,0.5571357757974243
333,0.9156825502702396,0.8858626329024082,0.9315528877141271,0.9845055088329988,0.9982443054523457,1.0115946611351991,1.0327154381740251,1.1879770685103244
334,1.3942851509062923,1.19689392189257,1.1485438750549395,1.1165583986740575,1.081589782777574,1.0664658412735446,1.1332615868843596,1.4895810735569994
335,1.4134649799495875,1.0894323838133722,1.1067183273661803,1.0613940538170743,1.0385053794558945,1.0287480626422278,1.2111703821356126,1.3416303058021932
336,0.7482413429936808,0.7248160361361433,0.8125244405220555,0.9193156172585968,1.0431385864550695,1.0768888300088724,1.0037589296412497,1.3156506293998504
337,0.9135607070164788,0.9759075844490168,1.0311352429353235,1.1018609872171994,1.14375523917496,1.1489347101412601,0.8541782867506044,0.6919248134860954
338,0.47169289068469333,0.47819579306241305,0.5614734436190371,0.6870197630747251,0.8654108632453184,0.9472403460330998,1.0512590493299938,1.0830093631951705
339,1.3648925278428015,1.0831924192194229,1.1357114829306094,1.095584339760848,1.0730534542184973,1.0543842494275892,1.0605932945216507,1.761389822805309
340,0.8177557299896896,0.8973531999190882,0.9488811119745783,0.9917588675941458,1.0211358999171074,1.0333478689946634,1.2138812091232432,1.1482715705146496
341,1.3193312675118023,1.121493172806679,1.1397855862616075,1.1261320019486576,1.128260048930003,1.1065852758233936,0.8261022742678231,0.7975779540856405
342,0.9791992761613525,0.8825332121027663,0.9254177068937037,0.9502671338672543,1.005413134943919,1.0483396738842818,1.0663950010296357,1.363740480501615
343,1.2325051097141737,1.1768826294133756,1.1792834976406184,1.1571363258653151,1.1145445550041782,1.0973127536387548,1.1611743105069308,1.5304825338983974
344,1.1313940891895422,1.0443577538352316,1.1356587330598304,1.154736734982972,1.1555008951691084,1.1653518877369844,1.0646643269016065,1.0324425210182069
345,1.6024876562855843,1.1256529283426953,1.1881411940005269,1.1176273656174385,1.0808190116596714,1.0667332288371958,1.150864609210829,1.190308803527716
346,1.1421540903245841,1.151750629550182,1.1604674942718993,1.137919406409794,1.1011583233768785,1.0952756292598687,1.1523942627385315,1.624350247371512
347,1.147045388498465,1.1274502634509007,1.1542944883946609,1.1845136477846616,1.1789914924368123,1.1618793145563615,0.97306674797086,1.20975118739481
348,1.722149954008682,1.1533956138450039,1.2371887662809538,1.1567623286864954,1.1027260568999053,1.0979688782636148,0.7275983967518946,0.8400181842388781
349,0.8907721604975644,0.8057300947210417,0.8524400237867603,0.8692780738791032,0.9090957022921199,0.9320934816046132,0.9767347865731648,1.3231052523860354
350,1.027774314077795,1.0088857892879783,1.0190500401646676,1.0286458417680184,1.0428044592668042,1.050320422972082,0.8611190975245293,0.5683735245964601
351,2.0622925099317517,1.5382492891102204,1.6609587850316847,1.576659962834475,1.5040737562386,1.5090614310335486,0.5645832892241185,0.6451107875363223
352,1.4605807974674154,1.1699671537060385,1.1644364147996322,1.1115264144943318,1.0870258725477462,1.0764990328679713,1.0505498159313318,1.244630275375407
353,1.1954300626798802,1.1484487840716864,1.1677730398603874,1.1597032780370353,1.1402273665555458,1.1308686370079526,0.8910329039733077,0.5765275509832564
354,1.1513464388260162,0.9407488380332151,0.9833735252366373,1.02097626014419,1.048645458709335,1.0275266132643388,1.00318640844977,1.290557075850994
355,1.0917394039259762,1.046562286478689,1.0572781167025191,1.0542712358860558,1.0773436243194798,1.0689833991708675,1.033353446758006,1.1357619298684964
356,1.4673818072498517,1.0092341818101118,1.0922202737624624,1.0318058194029558,0.9757176785513538,0.9731603840781677,1.0148685520259129,1.1534056276926217
357,0.9102645379669266,0.9243199844737147,0.9601030384121466,1.0043593942999611,1.0457732880665644,1.0504311943762854,1.0463995409949378,1.5712937544459435
358,1.6293470732731021,1.1373200611160244,1.1786523626253347,1.1058904096052875,1.0667210053119316,1.0583020819549918,0.9593859726481316,1.4746327920437785
359,1.365845258750781,1.135513788895398,1.1587314336075714,1.1282800511850524,1.1217267479061892,1.1061886816001831,1.1112514137203338,1.2698354642252532
360,1.542514313593786,1.0348204381613597,1.1647622859970894,1.095315706084894,1.0501745418826494,1.0429524384057183,1.0744699137251426,1.5136495737705988
361,1.5785479658944597,1.1117560899533638,1.143781601060438,1.0916607495153294,1.0645147423910895,1.049260333054325,1.0916762272129878,1.2564312392929464
362,1.4886993180132373,1.111689157506025,1.041913548072391,0.9994128295173992,0.9630787223575877,0.9485746923889987,1.055130170464357,1.517307764903517
363,1.541727098754061,1.1548631466658972,1.194518118479009,1.1190295975620492,1.0821583313801695,1.0774811224062786,1.0309703804464616,1.0433360838725605
364,1.6477164458756701,1.201326673408893,1.2004175993890014,1.1481891812690215,1.118547711218938,1.0951839652356157,0.8388343559056647,0.6450176532944112
365,1.5474440625174086,1.200985716287101,1.216546411218521,1.168909078352154,1.124336293112924,1.1268195593954018,1.0095573669943392,1.1483733726085843
366,1.316771463230022,1.1041974017996044,1.1075188344210793,1.0825835382850293,1.0697721059658074,1.0589299613601173,0.887576228344416,1.196320432584864
367,1.6992628866675137,1.2327889784866615,1.2291937323557798,1.1641094081774381,1.1257496090588706,1.1087734784375143,0.7903413718579163,0.7828058291956748
368,1.7422556468492603,1.1135620601401082,1.1570998940969643,1.0720200428500257,1.0224774210423997,1.002465194825304,0.9872115578971687,0.9761818184108634
369,1.4538892717783283,1.0527540602200676,1.1317111683095795,1.0736912583524088,1.0280347381115034,1.0185209717008197,1.068977982288995,1.3531107721995943
370,1.095168591998069,1.1090790510419204,1.154794755076642,1.1745031029043311,1.1891158730174054,1.1900062277232577,1.019270749062986,1.290962804446438
371,1.0734692323574153,1.0210437206558263,1.0356351816603515,1.0417677319758987,1.029057032596602,1.0358501299758258,1.3297206974093692,0.9288496035339564
372,1.561158221881311,1.150138120323666,1.1696403028293092,1.1082259278412103,1.0661048572862661,1.0554980752720222,0.8022784958282262,0.8114316057008578
373,1.5491554835581227,1.2272761345903795,1.1964725165710106,1.1454523731788449,1.1146723621821395,1.1006059634738306,0.9655166358646986,1.5008867359396971
374,1.439883692746328,1.1415381072437525,1.1218977016478457,1.06715145020127,1.0182477918968043,1.0164293583049144,0.99380966671817,1.2780138685637767
375,1.3814952409016823,1.1947088584613188,1.1866634004541585,1.154099942641668,1.125708182718224,1.1037193459232144,0.9424903794868348,1.0376621509870945
376,1.7071084406746029,1.2406836568331816,1.1938226281270412,1.1223806891172614,1.0825498236493796,1.0728775983213001,1.0945756465382668,1.8325330260968016
377,0.4511212279502932,0.5540286893690026,0.6515019699884175,0.7999120365317614,0.9786716413731846,1.0206206565807678,1.0894247742472387,1.0616337130082454
378,1.715641101024175,1.2372533003033805,1.2613215240217686,1.1919306578278204,1.1457831957062394,1.1390482306102536,0.991422041759754,1.1609628522289708
379,1.2081243162624156,0.8949783802029304,1.0268584495957767,1.0701658164985128,1.171224215659294,1.2075096662145612,0.7301068026576576,0.6182287419034879
380,1.6600264448256965,1.2739050947926633,1.2761720557619407,1.2216363407247415,1.1775727753093055,1.159998558964248,1.0276439483754027,0.967828887432652
381,1.5122939442035868,1.14125772838663,1.1612604076807687,1.1033168895091956,1.0585986035199564,1.0503189219937437,0.7831942149016828,0.6272569582208751
382,1.89834626275598,1.1726723800501708,1.3373671198120807,1.2319272381593385,1.1385338598697285,1.137714554888813,1.0040253321691175,1.17790615335796
383,1.4274405030365906,1.3040014998893052,1.3242453163944847,1.325834742497479,1.3030141141839235,1.3051388732510778,1.109710335035062,1.2007476088124849
384,1.4621228325894262,1.1259396024220847,1.1243896970398672,1.0835997300037012,1.0538845334410056,1.0377386082422828,0.9645708899854164,1.1867055765056314
385,1.3141894350740866,1.1463334587378091,1.1148889679054206,1.0967580589333399,1.102026612163767,1.0960853825338381,0.983528072064508,1.205447616871274
386,0.8514218523453079,0.9677664456800015,1.0593393915929628,1.1587229819749685,1.1557273973492628,1.1305186618118095,1.0753478494315036,1.0026486976552604
387,1.5117588562309063,1.2146709399045246,1.1652969490402987,1.1101670602839957,1.0701146026936634,1.0560213056888252,1.0480098669001503,1.32378639860026
388,1.2540186557308735,1.168161778384439,1.161008658699035,1.114788711711774,1.0799601713657387,1.0644226548921105,0.9894577354857864,1.281859519362542
389,1.0356116196111784,1.045744470664613,1.1167402260790138,1.1599647991743662,1.0992705415010304,1.0985825656869306,0.9296658857681808,1.018196465889292
390,1.1553234503635816,1.0034552444842122,1.0161441027757796,1.001916891174285,1.0045259545628316,0.995501004128368,1.1473944234540896,1.3656728335034112
391,1.3780231380364591,0.903156021907494,1.0006226139735088,0.9317467198951087,0.886296587320771,0.873152400277347,1.16200444253265,1.444576839471988
392,1.4642917254565464,1.1176068496459302,1.1212761420847805,1.0791852139324287,1.046835277905,1.032212897126595,1.0192925995692972,1.1451550736621243
393,0.7239811714511933,0.7513359269608723,0.7902879256254786,0.8324985015920573,0.89057835013681,0.9307155567695247,1.0398890410807462,1.1291473270442107
394,0.528127439851051,0.5785489088066176,0.6259182242286896,0.708766277171758,0.8349022320185265,0.9050952205618662,0.9553806826876936,1.241604299520232
395,1.0942554664408866,1.0365579410033332,1.1239030004873825,1.1676387756473954,1.1670096897124247,1.1695035875615871,0.8554856444349214,1.068421311404275
396,1.20907468940647,1.1401448312645301,1.1727643712723157,1.1971145656183075,1.1773022206930217,1.1910839781632734,0.9513956147563506,1.0906905964189424
397,1.501989527767213,1.2550331909824044,1.2220909433087874,1.1949542422356212,1.1500391235517085,1.1382993884302426,0.9326191684658204,1.074892872368083
398,1.3608846893403113,0.9535903889716006,0.9771000192347844,0.9108525619538185,0.8530011099923596,0.8493272062260347,1.1264246103974591,1.249762117817603
399,1.3144328666480631,1.1481063149367658,1.1857832506761146,1.179179935012806,1.1441475446520457,1.1661009759698069,0.9833434128469334,0.8944230481597552
