,window_size_1_RMSE,window_size_2_RMSE,window_size_3_RMSE,window_size_5_RMSE,window_size_10_RMSE,window_size_15_RMSE,Exp_wAll,Linear_wAll
0,1.0869461957806053,1.0841159321718317,1.0895790057933539,1.0906012527542928,1.088439268474823,1.0892618889319523,1.0902826025124712,1.4287482745336662
1,1.106146345721037,1.1043187242644816,1.103332235135156,1.101059146832059,1.0997066063835792,1.1007628019426325,1.055473356569998,1.4135071827409948
2,1.266384152285698,1.2634994067869045,1.261873728645779,1.2610257563188583,1.2635697427318404,1.2639986408776662,1.1558956286329904,1.2028382698482196
3,1.1740086590058774,1.1709930759520397,1.168181943388054,1.169123937105919,1.167802121069187,1.1674602273348207,1.039539768307746,1.2557375416362393
4,1.215983864117892,1.205397212432387,1.2056725745369758,1.2064699312114537,1.208368215711641,1.209395774075144,0.7238509100431365,0.7931551809422485
5,1.285973077675457,1.2831252667631883,1.280127771404255,1.2782322068280123,1.2778872393711174,1.278148743050956,0.8736040812632366,1.173467631941132
6,1.1541832037302977,1.157964501719019,1.1599911485091008,1.1612108579721383,1.1650146063573272,1.1665317946841798,1.057834985449326,1.160404342043069
7,1.0756797951858759,1.074236269820584,1.0748541014164892,1.077672518593042,1.0789390982974918,1.078453165657362,1.2031495192435977,1.2433225523849318
8,1.0667023889371063,1.0663639068385056,1.0690551907716797,1.069979461353116,1.0680487156850706,1.0683969673773297,0.6885312738838201,0.9310664604295676
9,1.1316614325828471,1.1303311043406055,1.1301450472194445,1.1301156752875163,1.1306153892057786,1.1304866025466274,0.7189876545144692,0.6901503417534536
10,1.0444449544229275,1.0303222605931301,1.028972147623592,1.0278369160567777,1.0309454401693832,1.0301740965804522,1.118728933932494,1.1926667345690474
11,1.3513460758960303,1.3520381961652028,1.3517720454026907,1.3525037128700723,1.352390579068833,1.352386831258188,0.5110826654338948,0.6418270854636126
12,1.3932994886943664,1.387157307352801,1.3872261014979574,1.389694599885591,1.389390336622089,1.3902158511192393,0.9552498798514408,1.279982457230424
13,1.25017631905942,1.234976077426,1.237611188027787,1.2378805907623482,1.238041945079493,1.2392662487363506,1.012149853032532,1.0408739432202316
14,1.2415759658200012,1.2333893346822935,1.2327018170104647,1.2337112845178255,1.2348301265902561,1.2338182975629741,0.8962694715342352,1.1646031019005136
15,1.318652213335543,1.3176048651133196,1.31818373034309,1.319514289514766,1.3200010105516227,1.3204120746543064,0.7107376277340626,0.7759731059665996
16,1.2384785914174667,1.2119979961965182,1.211255377885782,1.212082520398844,1.2138084926797321,1.2150573894961239,0.9252569454724404,0.9999427805519332
17,1.0203158683643907,1.0107013489502985,1.0138802529681965,1.009315411925597,1.0098830947794672,1.0103493020306986,1.1140642251076782,1.2800246341045436
18,1.145976458730661,1.1444993862721289,1.1443141995465764,1.1423513206625828,1.1401940314661243,1.139811975678654,0.9876366657662188,1.1313724878806903
19,1.188623199517665,1.1870781118235214,1.182103492170802,1.1804529427793384,1.176679454371836,1.176568649835681,1.0985456445500412,1.186020439746691
20,1.3123691384460827,1.311447749382398,1.3105597460553493,1.3100783212655391,1.3114360946943464,1.3115706017636901,0.7006989000165537,0.6947988600055588
21,1.1994942782435218,1.1965058440557608,1.1936280814532474,1.1922703905645287,1.1924668333157902,1.1909500018470913,0.9463491313824758,1.4095884182769802
22,1.2975808964187663,1.2981318060650568,1.2994930601199925,1.301035814585364,1.3022322695539512,1.3026593920640124,0.5495760431967813,0.6790867086337096
23,1.3369043526133109,1.3201799287177234,1.316781695989653,1.317796753019678,1.3196439118276793,1.3227159654063305,1.25962467939419,1.3478782536639835
24,1.3373530926716066,1.3339904802017122,1.332680245312198,1.3316346194903583,1.333240582461896,1.3339803441196674,0.8966354285996435,0.9466310095666144
25,1.3249585558255643,1.30993699852136,1.3124102463317795,1.3131527893017911,1.3115054795705534,1.3116850186428335,0.9393271147465244,0.9717143579978136
26,1.3543479129848937,1.347670600974091,1.349890022162061,1.3537484981094243,1.3539603036081782,1.3547356228343748,1.0384411417470252,1.0499508726878188
27,1.3634860966960956,1.365679785320544,1.366226146267192,1.366573103271077,1.366910906474494,1.367162408574791,0.4832612207825942,0.5611724612624992
28,1.2675418517319421,1.267810160628552,1.2667082942637429,1.2656239731007641,1.2644943640454571,1.2640793217567752,1.1511453643108869,1.32145080708432
29,1.061971290188726,1.0612164050020245,1.0599027182995344,1.0582705725654307,1.0580323688130773,1.057608000359816,1.2219188143157838,1.2493307320696925
30,1.1646391942519367,1.1570093633164058,1.157558214463522,1.1599312820397762,1.1590088878973528,1.1587184637007713,0.746487879151146,0.8574579272062581
31,1.6516286931092774,1.64894484421404,1.648065947849685,1.6499834390153714,1.6498943411440954,1.6496689030670073,0.983795965472658,1.0889025873824203
32,1.1053156659778178,1.106638543560589,1.1080854772930329,1.1115072195338471,1.1153309826492712,1.1172181401896786,1.0407044739488929,1.0722982081923866
33,1.114101614250705,1.1069505495062162,1.1090251765760284,1.1060084453603487,1.1058637366171784,1.1056939867519608,0.8014966975672293,0.8209201933403457
34,1.0933217885960114,1.088683355542239,1.089382208038253,1.0871444283948493,1.0871385927980208,1.0857998794907666,0.8973627153620253,1.0631587216669656
35,1.1041088095781915,1.0887986348899723,1.0905290693452552,1.0886816130293877,1.0905419900131321,1.0906211820547373,1.04403589237894,1.0673022058866466
36,1.1244408169213962,1.1196131379918022,1.1163145856639132,1.1169970396037114,1.121516252427693,1.1214472701010583,1.1118748385367532,1.145813688532349
37,1.0139897086090806,1.0076538235918453,1.011833227582887,1.0159008284906956,1.0170239368156961,1.0173746256459735,0.9226472033351232,0.9514308622776508
38,1.3288538304354476,1.3304180374746546,1.3344090210098347,1.341039844347873,1.3470483337963393,1.350556673594416,0.8377776777122667,0.8936125637015547
39,1.2348555684809674,1.2254994074682897,1.2238472044976396,1.2246559517972224,1.2266649047204932,1.227251162685553,0.7228740013112366,0.6956075934932646
40,1.1401166353765504,1.1438092997201097,1.1464634744839564,1.1448340212595292,1.1497169366635498,1.1530577411347551,0.7546736080912371,0.7566755538784133
41,1.4771589169988482,1.4566753562585621,1.4592514922743152,1.4590471840069765,1.4589929476568448,1.4589777061746012,1.0493165902700516,1.361635348378219
42,1.0801478512779823,1.0640201168930685,1.064493128491108,1.0669431064955703,1.0626954619598425,1.0639243958844018,1.2663520439978542,1.4983029854127183
43,1.3855288989709662,1.3834790543678157,1.382691384736501,1.3825292244970404,1.3831710957599184,1.3832082503755436,0.5553054404217893,0.7241917525593395
44,1.180128226123779,1.1705237307144587,1.169328293958774,1.1689106750122356,1.1678821322083446,1.1676071199693692,1.0266253228496138,1.1321600365484918
45,1.1089740285699814,1.1034660044028755,1.1013506683216212,1.1029807467265502,1.100949184678446,1.1013823848365134,1.0985955906060665,1.3027979469449795
46,1.0890080868533643,1.079929183443816,1.0832243346747135,1.0846261361029845,1.0818582349833514,1.081214569162765,1.1700739232505626,1.4019185845109907
47,1.5023733661019274,1.5015908289509354,1.5042728582200793,1.5052055331191245,1.5070576387167354,1.507444919778317,0.8650424193122082,0.8968387454474649
48,1.0117976194186147,0.9954993207742375,0.9939842335425408,0.9932555613986723,0.9938164793818886,0.9936765577854748,1.1745293933054557,1.1575767707328086
49,1.1691062923670386,1.1665591850696857,1.1677656874594255,1.1710093575076024,1.1743685744448722,1.174654099786608,1.052163015969049,1.0671315207005014
50,1.4789305924312124,1.4630362871294227,1.4645996377918542,1.466519842132204,1.467127186611693,1.4674382436433782,0.9365635472084805,0.9155952064995028
51,1.2341358183649311,1.2352185714131314,1.234114912344325,1.2353530801881591,1.2382026411068119,1.2408735189419406,0.8053724762269826,0.7187811769310528
52,1.1104244507681522,1.1034341974474644,1.0974167755252058,1.0947637131855645,1.0926237050356389,1.0929612882838566,1.1771306036790632,1.323927323391058
53,1.2277744431059854,1.2186911578962565,1.2167316043019176,1.216464830757369,1.2165633992022855,1.2163487583878607,1.1157503481562598,1.206697881030618
54,1.1984332315647115,1.187697848191727,1.18526814701464,1.1901940241306899,1.1917382764455062,1.1897430730794771,1.0303494684651089,0.9492934926508008
55,1.097049427187465,1.081552801366249,1.0787852388499704,1.0728249614503673,1.0694890346407808,1.0700392854091096,1.1123620099378977,1.4947104984054074
56,1.0499192403316335,1.0456714426178766,1.0422590858826433,1.042183600571008,1.0422274554624993,1.0421057777403753,1.1320908330883384,1.335329804146131
57,1.1673242638960648,1.15632523635228,1.1600119065321397,1.1605533771965573,1.1640384722056092,1.164671098814828,1.1006198092172872,1.0295419093263327
58,1.5044862350043235,1.5077655522413893,1.5083751836682255,1.511417081802217,1.5149778914217946,1.5151748057742176,0.9967222993786016,1.1914789251778846
59,1.2236180960752012,1.221528418311605,1.22325604982884,1.2216069813424748,1.2225791821982526,1.2221339893652996,1.0832076241789197,1.1741140651594877
60,0.9971708085282822,0.984900569256112,0.9791046811002099,0.9798881806263838,0.9791174850797251,0.9789783011595294,1.319720370055907,1.3830954675741796
61,1.4056656098674196,1.3957935286206298,1.3979189144502397,1.400156780323293,1.404184315256263,1.4057215897618134,0.6327827725912468,0.5286052994100052
62,1.102921272005597,1.1003055487779412,1.1018624243086028,1.1015088216069668,1.100573382711841,1.0999114596294008,1.092095561134998,1.168510321421009
63,1.1501937768510229,1.1431989622287182,1.1450759013542067,1.1467914194683466,1.1466769116562952,1.148937216370162,0.9515161363409728,0.954137026826385
64,1.0370440945644042,1.0272026826847027,1.02687652311637,1.0238996115766659,1.0247344553397235,1.0245883710831032,1.0942120338092678,1.2758666629061683
65,1.6997403453218867,1.7035814459802627,1.7035666196671717,1.7022197543857278,1.7017831345633472,1.7019326401127814,0.7953635780539265,0.869497921004823
66,1.0774602688027974,1.0778403495160491,1.079520206603148,1.0784636811838764,1.0773555831068409,1.0788769644542402,1.0937398072927782,1.1418104749111444
67,1.1682197075172593,1.173665918967591,1.171791117628448,1.1729996472488453,1.171963366137251,1.171512550311906,0.9730180593231677,1.0575433052811556
68,1.24296063669254,1.250332220604377,1.2479636583966651,1.2467265518090467,1.2448732389977084,1.2457586880632492,1.0629392939839002,1.1175711182441237
69,1.2370757735694826,1.236242978850331,1.237955846114079,1.239480125521168,1.240740145743736,1.2407813715287372,0.7374134903866869,0.8071704201008594
70,1.3508898377626017,1.3557956101492459,1.354641842085376,1.3521840196108526,1.3521247093630497,1.3524288808381335,0.9920064458435054,1.1352650652150944
71,1.0594266524600484,1.0508840538051385,1.0505077522245385,1.0473110327037969,1.046730152828894,1.044637767497265,1.1043819038134297,1.237424957078318
72,1.3540716826409922,1.3560528874241604,1.3580177172972312,1.362499819737022,1.3617437399918988,1.363748536902187,0.7748553866508829,0.6835613178868684
73,1.2488037963758194,1.2381488386351913,1.2376424364653698,1.2396530327931972,1.2438477870912557,1.2443071593271957,0.6256820706041886,0.5780432073586447
74,1.3085419092520456,1.305867483128852,1.306791887154602,1.3080761448486402,1.3069485733431319,1.30707930628257,0.5704026435705817,0.7261077080644368
75,1.199430629774817,1.1818696382388891,1.1822890795592984,1.183303909181642,1.1830990939173625,1.182776967297586,0.956827411327308,0.8304059922163115
76,1.1709785023427113,1.1679350127358978,1.1763409265193436,1.1772412874532139,1.1739319845956586,1.174313161454068,1.2628950996098405,1.331378027411124
77,1.0772814147719867,1.0642637776831225,1.0577981729804284,1.0561915307582797,1.055995395519703,1.0574743223242522,1.1692557452057597,1.2697885204670731
78,1.0567251808535074,1.0436233797912065,1.045945890706014,1.0481255794210305,1.0480289434364707,1.0469231884869656,1.1008963944195422,1.2485491897486083
79,1.1413124112819069,1.1413897848089851,1.1421476072348729,1.1385837562514147,1.1418570643259967,1.142861508565867,1.111567932699642,1.3952509310563328
80,1.0933165220797059,1.065564847251074,1.070571154176304,1.0706156804284632,1.0717582773817467,1.0698369659029001,1.0084118661553585,1.2575499696032757
81,1.2969115627012775,1.2919804385555005,1.2932098395271368,1.2945852936848101,1.2941381167770112,1.295476305959516,1.232800881582773,1.4454207857884944
82,1.0153267362363403,1.0180119163802734,1.0160835804441748,1.0173225077426733,1.0179903554609673,1.017632439464894,1.043123272258546,1.0127673279937075
83,1.091558132774114,1.0969802413353398,1.1001080025461931,1.0976471763591766,1.0983355452745935,1.0973066235242834,1.041226634720389,1.0868048453349113
84,1.1964279704220253,1.1909110986112748,1.1920662118525671,1.1911981444851663,1.1931755955077181,1.1928326657136663,0.9018693046538931,1.0045361920249127
85,1.2354357839832015,1.2173213411281953,1.2216030414640564,1.2155822263030336,1.2140524571689548,1.213690678204457,1.0898294179244252,1.2673725076850313
86,1.2949468487889295,1.2871432889948895,1.2867730475885377,1.2815749012580326,1.2789222300558034,1.2780155848270822,1.0089219517199626,0.8749531857892192
87,0.989369181507968,0.987096343485796,0.9889203643200513,0.990960241821146,0.994709467419325,0.9933942352276504,1.1872605151756093,1.2788224605557887
88,1.0843235744464679,1.0724938477809678,1.0710140359642777,1.0705801145742746,1.0731360355252,1.0736836117818855,1.2346517721067365,1.464289555131992
89,1.2567202956678476,1.2593709402543527,1.2597614278017515,1.263352927151229,1.2647208294015864,1.2639520447303378,1.0080193112928648,1.1612731361057136
90,1.1558496973787777,1.1518767880700984,1.148579051483241,1.1537727386769314,1.1585176803436419,1.1575100810173682,1.0040914866642567,1.0020715372518658
91,1.1618725539313761,1.1622415063504978,1.1630037126446784,1.1633055470751816,1.164256185401886,1.1650085221859232,0.7588248227661962,0.8220530613121589
92,1.0964187231171205,1.1014506443758079,1.1038386258365371,1.1064485969163684,1.108147906099195,1.1075949240641685,1.0189793745253963,1.117774037166914
93,1.1727270691107063,1.1732973778336122,1.1762670942488025,1.170279562362609,1.165739648876172,1.1665321174851349,1.1430814533698177,1.5162905700597438
94,1.3562905057810473,1.3460669517092767,1.3436820673669427,1.343344908672902,1.3458788808971545,1.3462019374404586,1.065057177573448,1.5200239140236318
95,1.1979220514098077,1.1972827696995778,1.19528648351137,1.1960126919778389,1.1971774873956,1.197893641579563,0.9768986036478532,1.0364024369530969
96,1.4296673144147456,1.4323757428945478,1.4319779657810532,1.432614644487784,1.4330901282365949,1.432483797986797,0.733985141486839,0.7143442704929245
97,1.0378399425971259,1.039260479089558,1.0427053162606594,1.0435619495719468,1.0472386547105197,1.0514137541837674,1.11490131648922,1.3668977029165268
98,1.0886610365304876,1.081612636886869,1.0827457547217332,1.078856351855049,1.07858096484265,1.0782189413645058,1.1199368430612708,1.265112842205588
99,1.1675679238787753,1.1581261988978873,1.1582680591445675,1.1570547882430444,1.15872577542822,1.1588593927028035,0.940476584457319,1.0167767762823012
100,1.376990783064279,1.377617997375818,1.3777449179338894,1.3783225204942264,1.3796803284545012,1.3796245062419372,0.6042802472588454,0.6241982574672639
101,1.0357594594381214,0.9994184089315398,1.0022702509262027,1.0052412962779247,0.998626984599461,0.995295481439536,1.276911669970684,1.2699644965895576
102,1.1773480355735368,1.1781655033673397,1.1794531923975413,1.181623877650569,1.1833993519045476,1.1843080927652405,0.7267184523829532,0.8911754513098845
103,1.176265375421201,1.1788504027570803,1.1789481737527479,1.1793742248491002,1.179148266365961,1.1795646460162628,0.7685416566778646,0.6684041908184406
104,1.016355415350648,1.017437585987248,1.0163481364373248,1.0170693648725495,1.0139369265789473,1.0123924602623,1.1998609731587455,1.1920253251275938
105,1.5109644049478184,1.4992104066669576,1.4975977670791032,1.4974710505916735,1.49649823786339,1.4972803409056659,1.207267152934958,1.5558701801545232
106,1.1263564122345058,1.1288716676003483,1.127798565268894,1.1271531817980351,1.131858383954933,1.133130914112421,1.0532382842456076,1.2356175695332108
107,1.1116212739445017,1.112755428601263,1.114608822031447,1.1192153920773014,1.1200716586267765,1.1191617729046355,1.1497732610307358,1.3847356376641844
108,1.3551120892480641,1.3553487028019497,1.3575626782082555,1.3579159650744732,1.358755256223869,1.360082996102535,0.6778311474081352,0.7644207959536847
109,1.2736278722439984,1.2725069625638823,1.2723627878251291,1.272708610706085,1.27167200867594,1.2717338326421803,0.8940258592423952,1.086913703609122
110,1.4382730386779297,1.4427317167310145,1.4444122441116238,1.4458686524413882,1.4480009514354453,1.4492480462908242,0.6819660429821245,0.686947301513069
111,1.1146045377225837,1.1085342422426285,1.1060646135452186,1.1049773815506516,1.1039245947880285,1.1044491586031824,1.0347229435266383,1.3175889077331489
112,1.5494921396331078,1.5456341262429667,1.5460214535632562,1.545397212796424,1.5457739977531615,1.5460800775558579,0.5180424681913873,0.5696567775029152
113,1.323204327646377,1.3202791610299647,1.3170361650176583,1.3172737960399779,1.3189337926889664,1.3188372457168367,1.1085883743585965,1.5449971808810343
114,1.545789757099261,1.5403761635592812,1.5401398770961006,1.540638958263805,1.5413333696514104,1.5402905349451501,1.12879811017359,1.3666776700879
115,1.3176664364780253,1.3183457097077727,1.3145543683748553,1.3140923533981554,1.316055057936733,1.3162866792661236,0.9310775596840832,0.8906192522756264
116,1.0487710011026963,1.0424989199314414,1.0466689793180322,1.042531620058687,1.0428451123763964,1.0430778322933423,1.0983376438437866,1.2107326514459258
117,1.3736560005305365,1.373525821923861,1.3744932667067358,1.3761961346961518,1.3787509047438244,1.3797632518617782,0.5459573572941699,0.4847970748888423
118,1.232424135729064,1.2309417321184257,1.2338431758906043,1.2349460751870793,1.2346380011037497,1.2337651175942015,0.8204544634166844,0.8192071216805733
119,1.2284482162731267,1.2235406205451411,1.2213432928906869,1.22358538837272,1.2262279429719294,1.2277177892884221,1.1155557680868389,1.3630032446900224
120,1.3716381365757924,1.3727707406146636,1.3738954317220171,1.376598419131713,1.3794889004133783,1.3798751590693867,0.6497590841573448,0.6997338147701916
121,1.2987055760702457,1.3014295320795557,1.3019744369540829,1.3032458782558853,1.30537988712037,1.307170838961394,0.6218832330314126,0.7091743734193956
122,1.2047223113736953,1.2038954556467518,1.2069462585000363,1.206966989963108,1.2089626952468908,1.2089726784156827,1.008204380319776,1.2900414554908104
123,1.031889965010535,1.0220442054879548,1.025870155174435,1.016091237397643,1.0127296459136128,1.0138238139661848,1.1370415762855743,1.3878134824550172
124,1.1186773322496166,1.1188197924391137,1.1157098968748902,1.1078512644005791,1.1068475895190246,1.1062529226939546,1.2245371426302056,2.1248936785320804
125,1.2241835018440386,1.2083642085923836,1.2089520943487688,1.2096509175354262,1.2100802610194368,1.208597885063211,0.9959804641650596,1.0895597140994688
126,1.4103162234493598,1.4103259000286836,1.4101779698782952,1.4121590204652972,1.4154783040831478,1.4166131102642128,0.6129695107085249,0.5151553836390561
127,1.2826142453486638,1.276568529765891,1.2788168556644142,1.2777066380691564,1.2776444277365286,1.2776781935735602,0.73638496896701,0.8452831051739177
128,1.2277335203440842,1.2052678667422743,1.2062318951270015,1.2039349145759999,1.2043866291247414,1.2036836121123313,1.1108225067287676,1.4643334490133553
129,1.3186620754733869,1.3233576916081116,1.3250963643441398,1.3245157140706143,1.3246641739052842,1.3260965222859773,0.5975198909040313,0.7205859526291657
130,0.9901270756953167,1.0005687242956132,0.9989098606730377,0.9990485993950818,0.9993225735445368,0.9984950048896374,0.9526854112394424,1.066725582066953
131,1.0547333349551056,1.0499662210092475,1.0516562157839653,1.0507255980434747,1.0516753447748992,1.0547275744601279,0.9256621857954828,1.0014718825267317
132,1.5206482877684484,1.5185836673660087,1.5219652736577964,1.5224676008171967,1.5224595421040472,1.5227356931679934,0.8035748187982386,0.8198881174010624
133,1.106065572311539,1.1063828364804091,1.1124978772712013,1.1150234127246983,1.1146570425808453,1.1161171008724857,0.9897138691804014,1.0636813676366443
134,1.0956435604006947,1.0870660040926345,1.0880796716542516,1.0845026135999365,1.0814668628225406,1.080613399782867,1.175421530532201,1.6773392936384983
135,1.2614244056639714,1.257371261356731,1.2561493433317794,1.2576409717979484,1.2576246806057334,1.2576518763056024,0.7466913473243664,0.7035348848693213
136,1.2825850700396695,1.2857772873202136,1.287978040846425,1.2909537242777052,1.294012582568266,1.298068469608689,0.6950277178982315,0.6075406606896966
137,1.1060658488956547,1.1060752461057162,1.1067202692742735,1.1061950821239834,1.1067961041688257,1.1066889800592405,1.0444315463675415,1.249214902456225
138,1.1179191666806574,1.1091250078105177,1.113381328368506,1.1135830095284787,1.1116601397296475,1.1106715460063656,0.9602491447938812,0.9791683891724672
139,1.1575396244965872,1.1466891915472368,1.1437000842242404,1.1443402377139107,1.1442576260293427,1.144179616487686,0.9265373422798828,1.0333120195093248
140,1.102550020244281,1.0838101630431665,1.077609982080682,1.0722713787285791,1.073646367091478,1.0752642592421935,1.0170544543514246,0.9616137120687864
141,1.078814883563524,1.0674486019618525,1.0693886738312048,1.0695538685715986,1.0717762730424838,1.071644594437565,1.0164745861392328,0.993247966584534
142,1.5134236381044381,1.517340801613831,1.513314583054449,1.5140207768717902,1.5131401466828096,1.5131155883739624,1.0245863097079635,1.3168690025049532
143,1.2733752650539043,1.2593830295228703,1.2603312627635068,1.260218705813832,1.2605743300784087,1.2612602030129563,1.011299258559489,1.2884181592357722
144,1.1916191494768595,1.1954785406214752,1.194796310324674,1.1954236153234057,1.2009893864035506,1.2026154143323338,1.098205265022883,1.3589823950382474
145,1.3049303762308777,1.296623127032509,1.2989156773893307,1.2986446591365968,1.2997089485012767,1.2997359398502886,0.5572708305847702,0.5785043067716784
146,1.1645553353999702,1.1484555797174787,1.147383437351447,1.1501726848792249,1.1487061561521617,1.1482647517700473,0.9699464433439444,1.1366495467645177
147,1.2211921734181785,1.2100966709153336,1.2140408760206856,1.2153359817286193,1.214446963369287,1.2162097404956431,1.068050317958337,1.0180904591672906
148,1.3272417120979372,1.3219689212744237,1.323501608960247,1.3255610975503904,1.327790906793501,1.3287428514774293,0.4547491068934959,0.3379806037963787
149,1.5666383644295314,1.564582479533913,1.5664607953560639,1.5653772077798904,1.5664519019108194,1.5668565815559892,0.5984600959938683,0.6455606689418638
150,0.9985877963682142,0.9927059393319925,0.9904029017269882,0.9922065397123813,0.987826821111605,0.9906086592808142,1.227719674674432,1.270353056415436
151,1.1397830882036,1.135072810870896,1.137058307426486,1.1306554894356364,1.1291372565167679,1.1285624830202656,1.1882788855821504,1.33574376215544
152,1.2017128637203711,1.1964004023734844,1.1966465409770253,1.1928951267777335,1.1903683369016256,1.191424521533045,1.2956190486497845,1.4383187013847634
153,1.2382831215584886,1.2325347232166821,1.2341958718669541,1.2333431566975956,1.2348033308012045,1.2343902333424321,0.9034842043291194,1.079794870709574
154,0.9314682916076873,0.9074353874062628,0.8990227434564979,0.9009853766083811,0.8987825205112941,0.8962811418297923,1.159044830246708,1.6145115781563129
155,1.084582009734075,1.082397669839761,1.0779249057269844,1.0776114228795322,1.0766412382215746,1.0772175979247307,0.9710111434856687,1.1590504349682578
156,1.0481790103486488,1.0465459798491605,1.0393881499175348,1.0401104262169425,1.0418370419833778,1.0395887284842273,1.154236183753842,1.2517075323069835
157,1.1729119609169485,1.1711803384557287,1.1696286251391286,1.1728195746869008,1.1703842156377615,1.170230504572514,1.0765379827128163,1.2041780799730664
158,1.2223050286094264,1.2193516050432944,1.2204846355351473,1.2226189738729691,1.2228972762762613,1.2236569808643811,1.169042217626309,1.2032613707779038
159,1.0161469341362774,1.0140924900423574,1.0163651398027882,1.0214732494085965,1.0217437706950274,1.0233671527962838,0.9827245546096351,1.0168262020035894
160,0.9321103705859665,0.9298859279043675,0.9297509686993031,0.9314621731864312,0.9330403438474179,0.9330421003181008,1.2133096696703298,1.2663469210467249
161,1.221076691167902,1.2099639685680588,1.21350755169907,1.2132470753939355,1.2140847097178593,1.2139781124940294,1.2088199979557286,1.3140463695719182
162,1.1228530030037394,1.1206515189139126,1.1169295397901822,1.1135309983207144,1.1147604880886248,1.114822252065667,0.8997135469427101,1.0961117684205994
163,1.09773320479258,1.0861574764420976,1.087912612783417,1.0871821106221329,1.090964728250932,1.0909349046326007,1.0812622741518865,1.208669794824896
164,1.1681623377026171,1.1587937997675195,1.160060401468331,1.1576019782703253,1.1580856778071003,1.1589707852347702,1.0747684779660376,1.194401973257326
165,1.2761388962011653,1.2707427971425918,1.272907658100892,1.2743839862695707,1.2742148475859345,1.2748545910650277,1.1739387562912478,1.3484163638291151
166,1.085121255145655,1.0845013678377007,1.084022081509026,1.0898814649789526,1.0892041344451115,1.0901902444558715,1.1058035645617046,1.1115887329267269
167,1.1924788347083048,1.1905954454637622,1.193728241389096,1.1950887836380433,1.195286459952715,1.1951182014771575,1.0319071424513488,1.204650048517719
168,1.2641321985433267,1.2384288308601261,1.2367725061549755,1.2368033240217018,1.2348870461310923,1.2364474310033222,1.0947488338831302,1.1171671517654929
169,0.95271726502822,0.9536397269287259,0.9571931721160305,0.9595064478240445,0.9657257309658961,0.9651995268539546,1.049593830581519,0.909078490844867
170,1.3415931811257735,1.3434936324087265,1.3440973905094702,1.346768217929838,1.346275773738451,1.3461679533028057,0.7546373468533407,0.9220506273993784
171,1.8339650557419662,1.8337735558336867,1.8363421065048724,1.8344341166711429,1.8356873655572843,1.836284292815216,1.0194243130864349,1.0223794064138791
172,1.1242098359708776,1.1206078672485758,1.1217983716411704,1.1206369758292039,1.121811735898079,1.1223363567769096,0.873165558488955,1.1229315991279696
173,1.2923710358492284,1.2958986462515623,1.2968810045865364,1.2980436040390648,1.2986450813140855,1.2998622675518372,0.8086681236159079,0.7958641726844061
174,1.0807547310572196,1.0804436120638208,1.0860232151478173,1.0849842010155635,1.0852814856654514,1.0847409505483752,1.2179414939684436,1.4629340759332183
175,1.1070606129456746,1.1051079650230242,1.107993082656369,1.1108917042356032,1.1097824020894338,1.1091807253634252,1.0133371449024249,1.1500316267384394
176,1.1593884271763597,1.1572257044396508,1.157661459471377,1.1579697975001224,1.1578261423899259,1.1580631667894759,0.8773565572453527,0.8166521211800477
177,0.9889874832851542,0.9895081510237769,0.9864388414681349,0.9852105484999578,0.9865328039863374,0.9851202414956343,1.1456034082600108,1.1819006692541287
178,1.1724141600225448,1.1476698062036659,1.1469837195333632,1.1480408938080426,1.1508376372246516,1.150527687565875,1.126679331699226,1.4489595084099651
179,1.1802793892020915,1.1755050892560786,1.172802000668888,1.173258345079969,1.1690854070466565,1.168270335512615,1.264274944132068,1.3528524643178144
180,1.1719754776799596,1.161277439435709,1.1608126622896375,1.1588992950507504,1.1616529559421251,1.1645579428425492,0.9195910982174488,1.0305163016011354
181,1.179085179071173,1.1679326416729356,1.1678537873797286,1.1687245360961565,1.168120890860574,1.1673270907311268,1.1843601160237776,1.2733506463622777
182,0.8056300204747874,0.7966717595359738,0.7967285446310908,0.7941223335918253,0.7934494971847886,0.793948905363904,1.0734590562317146,1.3841200858495195
183,2.087824950298977,2.08521904004397,2.0838829569943846,2.084238126886216,2.0852943887588133,2.086303178228833,1.183702417329323,1.2839098848539652
184,1.3516753201344345,1.3480454694556805,1.3480358286615683,1.3489829864570386,1.3494453404399587,1.349695223926102,0.4264995736539119,0.3976942185896442
185,1.6743824845937314,1.6712487241818703,1.6697997417769226,1.668966505140021,1.6701233935618507,1.6699091974362135,0.8734602227624485,0.8332002194085972
186,1.2516759252846907,1.2518264217122284,1.252718115446566,1.2512309115124096,1.2524823462155752,1.2532741409169554,0.933204526198702,1.0179550738152705
187,1.176651261484439,1.1732971673784631,1.1735901147623327,1.1732851188495457,1.1745783747888157,1.1750708552449394,0.8719579343860567,1.243100988524602
188,1.2338491927465867,1.2311365160772592,1.230798169102906,1.2278178917834326,1.224967822926779,1.2252648384625775,0.9979397497330552,0.9795982748544774
189,1.2923640901774731,1.2824831665730625,1.2826276743975,1.2824839951396894,1.2816126514613078,1.2807392065453063,0.8290374603168356,0.7428363459384937
190,1.5002989739589625,1.5010450757789917,1.5039086512302338,1.5041814669637033,1.5050268879000592,1.5061077449686697,0.5539534119788765,0.7213783668447756
191,1.0819737651733383,1.0684144186843185,1.0690551699042135,1.0680077176040832,1.0648385903113362,1.064092960375824,1.1584686672329456,1.2808330048666787
192,1.094968930429802,1.0846651406766865,1.0867733481761879,1.0836314819443162,1.083263163314374,1.083358440222466,0.9022985168012414,1.154318000856685
193,1.0452583487570197,1.0260178565790867,1.029346047523787,1.0251771877262101,1.0234363713084398,1.0227243706741147,1.0285050440235588,1.4030566550930124
194,1.2162424549346988,1.2148130998658235,1.215017448063142,1.2164108087274692,1.2209129715399964,1.2242424813909543,1.1380347625247045,1.1960519528949374
195,1.278262828956775,1.2725584715204399,1.270162629892754,1.2713123802226363,1.2718786208258388,1.272894557735435,1.2267346984594605,1.2892200630169928
196,1.2028530337820367,1.203988966872635,1.2044071200787405,1.204796430879858,1.20667867178081,1.2063403231605845,0.7616001242371371,0.7634871913765983
197,1.2965177541169735,1.2928379512580348,1.2931827564446865,1.2947650841492506,1.2956448543322097,1.2953658011002367,0.6022101864231448,0.6525407514322619
198,1.0967044280065916,1.093031146509986,1.0922808815161493,1.090712455718941,1.0917120830675415,1.091040276865437,1.0722505243652545,1.2309167055525674
199,1.111011230984656,1.093550568697872,1.0948584651307798,1.0932350812344829,1.0941871232272251,1.094206569320444,1.1253088372794715,1.2713769392958023
200,1.0331752398389227,1.0341780775156528,1.0318721347375621,1.0309297498957628,1.0311316557499812,1.0308503794618822,1.055429691694747,1.178350465292867
201,1.269193442850183,1.2747916465653863,1.2746305773839615,1.275836202971031,1.2787156019351642,1.2798655893580877,0.4391485952801448,0.5380981177794452
202,1.5525028919179042,1.5540756811827723,1.5537324366941994,1.5535010229905646,1.5525033078747792,1.552587898236725,0.7096085796834803,0.8289278631059763
203,1.0686977035136438,1.0574505513730017,1.0593725017264368,1.057900063870122,1.0598507303919629,1.0609313520832422,0.8813423987321198,1.0879341899084067
204,1.314116091612064,1.3074392721607877,1.3076896266123488,1.3057411435406534,1.3106322590113582,1.3124052288607029,0.9512278009053842,0.9768215301650108
205,1.2318709476845153,1.2315551589279652,1.233529484931147,1.234756685925223,1.2345919294224827,1.234820841145703,0.6379207275022878,0.7904451368687136
206,1.2826621900411659,1.2812604377891026,1.2794388092356876,1.2808597178725674,1.2817569203368842,1.2809872760538972,0.9722802145869052,1.1567728821585492
207,1.073313582864635,1.0666765561004183,1.0688530795554774,1.0703229356952353,1.0667652478177183,1.06674525734715,1.2107821118741406,1.27438822697819
208,1.4171282483082175,1.4003092571745248,1.405136634159507,1.4087644366351504,1.406949973459247,1.4076355118589965,1.1964826189064666,1.2524346334516
209,1.3017784859082409,1.3018822832839283,1.3065699088789018,1.3125579618014012,1.3159092027402295,1.3155536247861823,0.7929370517910993,0.6438740855933591
210,1.0700316549282662,1.0637577921333594,1.0635796770901398,1.06417181923242,1.0646166940968445,1.0653792398294433,1.123603763012764,1.2758669251242818
211,1.142562573232685,1.1381894972192097,1.1426577884431446,1.1482384020728265,1.151029954591752,1.1522237850657862,0.9544711861163154,1.130708521688211
212,0.9473100496749093,0.9478446572415133,0.9397036991550587,0.9411526525108099,0.9423993458343396,0.943208522283372,1.075175360125719,1.4340706626471027
213,1.2162977374872288,1.2061661785530695,1.206760432818805,1.2083759720242753,1.210036866680494,1.2105356782026109,0.707139413555985,0.7531790133502241
214,1.2543924249289713,1.2503094998528266,1.249771127629473,1.2477679866341,1.246725605833343,1.247482459463248,1.1969259146702331,1.360297627317293
215,1.0638862283869102,1.0608622514317179,1.0586471977593057,1.0566778423190357,1.0552670484114832,1.0547684441860208,1.233077223593698,1.356352645288655
216,1.1416882404222022,1.1330671421382568,1.1348060723361268,1.13178215452586,1.1327896740588508,1.131892274479223,0.836275152647211,1.1778488735306651
217,1.4576276303326068,1.4536594902191606,1.4531326962375408,1.453147659249432,1.4533696698825231,1.4532265901952772,0.7767684672038365,0.7443775127889224
218,1.0431053095254648,1.0294019337442555,1.0335595688365815,1.0340789560808388,1.0341478189874531,1.035468355729799,1.191322484466349,1.149443091866384
219,1.1245332746606898,1.1239312305078828,1.1254723721287783,1.1266989374078171,1.1273105521472413,1.1273484758581096,0.7936580561611022,0.8142067011343501
220,1.6158558524670508,1.6004707316852065,1.6036338574816316,1.6082889644785954,1.6116425788616495,1.6102853775619663,1.069830499364771,1.097230916183407
221,1.1986296854580802,1.1998713333038158,1.197422211724395,1.197787180336265,1.197589272685167,1.1971449502403237,1.0248823869987145,1.259439485176752
222,1.4273469024330163,1.4222395176941793,1.4201456788197828,1.419016892919786,1.4171109022210078,1.4180098888036603,1.0138194063540868,1.0621420120304377
223,1.1974815173778754,1.1994424866066529,1.1993816344272274,1.200194775763978,1.2052663879904302,1.2079229571077161,0.969308589537038,1.079159552175668
224,1.0570861840533194,1.050660291251253,1.0484144966525935,1.048728358560933,1.052787991799181,1.0546554945856093,0.9268138584705616,0.920824348058756
225,1.0391994356592504,1.0307951179870845,1.0310336295063445,1.0338790778215619,1.032407465390147,1.0329453360735545,1.120048290420789,1.3084957463684497
226,1.4605538570223116,1.4601844757626803,1.458826371434859,1.458542735086458,1.4592377877315033,1.459331961761871,0.5413772761354482,0.6655451311262928
227,1.221968052550268,1.2164015199318106,1.2171521589984418,1.216852718838117,1.2186496287049113,1.2223158012670365,1.1738511049178642,1.3418937732633376
228,1.1701785932855955,1.1626976377354599,1.1612588451994281,1.1594353108449713,1.1596330799923125,1.159145919102785,0.5731090772210967,0.6378936379984874
229,1.2037932393846957,1.2077802818926626,1.2124176575453156,1.210906501149366,1.210763565939794,1.2127232295584518,0.9055557119617192,1.1051283598911636
230,1.139995191320409,1.1442912007927224,1.1493477029423076,1.147479406136007,1.1473764908791129,1.1476452338768646,1.258228096118973,1.8276628362907972
231,1.2377205095523365,1.2364346851113799,1.239103451269306,1.2415340834808566,1.2400863358384004,1.2397495223306343,0.9547314860607428,1.0288369445794912
232,1.164465314871977,1.1644819491167517,1.1649570437966816,1.1685770773048323,1.167892837561645,1.1661516785281982,0.9119063350387282,1.0482351294071468
233,1.3277612682964794,1.312224020289599,1.3178720964793964,1.315545347114399,1.3119182157444715,1.3115430669508568,1.169447981893881,1.3144621979987496
234,1.1732333837556357,1.1811334182531745,1.1776020735978767,1.1753923858166526,1.1761963223207828,1.1772557325739572,1.1654772087319594,1.3925014037782164
235,1.1426675965779787,1.1417104711988748,1.1410283814245958,1.141774578847572,1.141498154498052,1.1408207046262355,0.942068935658403,0.9802679426108496
236,1.1476866968791029,1.147301564333889,1.1494709271082002,1.1488631941101812,1.1509795487987253,1.1523628495541762,0.7951074271003351,0.9776840349841014
237,1.1415370802004765,1.1312839845714042,1.13122884325386,1.1322709799619555,1.1368123162959167,1.136818971537078,1.1124771352245926,1.27896174218522
238,1.3218531372181852,1.3159725701497453,1.3173779222013782,1.3169826281984507,1.319415145280185,1.3205168122060353,1.0290046849025711,1.0859887071745171
239,1.2031466758307872,1.2031841732177098,1.2050856188450978,1.207308570160304,1.2136738367169333,1.2159586535348104,0.8796473766247271,0.8278775087355669
240,1.3281472126632865,1.32603037971814,1.3264441623002567,1.326842535325163,1.3276124732671513,1.3279155084618677,0.3621186977175622,0.3130723913536229
241,0.9346836112187221,0.9293557878967889,0.9289287158672329,0.9274435248515637,0.9265649478322799,0.9264979142631884,1.1955642260547346,1.3111126372383004
242,1.0962412429927706,1.0787798154448953,1.0741266540050272,1.0746384521114858,1.0730185500903273,1.0723658301528212,1.1250641282782523,1.1026352450665402
243,0.929375693925948,0.9318661010063468,0.9316102365935176,0.9314801774570157,0.9314098448252309,0.9310629980322642,0.9161448528544738,0.9479535920662392
244,1.006993498502204,1.0031213361982336,0.9999464328256608,0.9976128146524404,0.9957033250702741,0.9964042470068946,1.0989373503740736,1.2010875795351148
245,1.287164652435342,1.2982592296243618,1.2971766902092046,1.2973704158581227,1.2955635371862313,1.2969157819791886,0.923177222972146,1.1409738389462325
246,1.30420854281493,1.3011273508103058,1.3021132233586654,1.3022341309548724,1.3023842170746152,1.3023136824433232,0.5752222321454243,0.7488178286658913
247,1.1111838719661418,1.0906160903848519,1.092216604961603,1.091626268818124,1.0922027879875746,1.0924772191839085,1.1911820331503875,1.2581939517425054
248,1.0557235152191173,1.0535820415744017,1.0516081945342115,1.0509319438046634,1.056027747491138,1.058311451731143,0.9925109564343332,1.0892799000606102
249,1.2664710794052274,1.2700043524115177,1.2704337326396207,1.273031132851707,1.2746348749692162,1.2749231067305797,0.592081997565858,0.6023232576509688
250,1.3194853273613276,1.3077580778681757,1.3049880414850699,1.306419332933666,1.30330831896568,1.3027605775776239,1.1932582600846509,1.4976594244383754
251,1.0809916539481488,1.0784274672745005,1.0814855082900554,1.085394949864433,1.0859216177449467,1.0858536601792252,0.5973357532241004,0.9833604992254342
252,1.3685012456091838,1.3613058882477522,1.3593400262769555,1.3566400536763568,1.3563976208536552,1.356655689836782,0.6629784945430572,0.8114551489349273
253,1.26163153069374,1.2430034667882746,1.2412189673941825,1.2420697710691821,1.2446153982869737,1.2445341827761556,0.9430130617195894,1.0249940443809913
254,1.2195138185725034,1.2141995469925408,1.215316482003467,1.2139661548848788,1.2166401777725884,1.215965438421392,1.190755530292018,1.3105065108364138
255,1.2299193869855574,1.2254455801196955,1.229375111000812,1.2297031945631924,1.2317314339666747,1.231921903505732,0.9481771682164576,1.0854844040334417
256,1.1107249137384239,1.1073599103448342,1.1057759110656806,1.1076302798851583,1.1072903520196558,1.1082785020388912,1.14552741136515,1.6094007277632283
257,1.1397627484090207,1.142983288017992,1.1487428678566813,1.1459443361029447,1.146342317150891,1.1481989491073326,1.198192376948281,1.2685032071391311
258,1.2327312378981585,1.225052461873688,1.2237104975641189,1.2217774977987867,1.2242818058340794,1.224530055579903,1.1516309770046425,1.5970139497318558
259,1.3872750653918045,1.3883244201649794,1.3876378469806812,1.3846566075463227,1.384775660197167,1.3844405635140833,0.9792680039058472,1.269324371180804
260,1.1782000861158157,1.1771197398398392,1.1729688788654251,1.170121809223157,1.1723838053510545,1.1720096078527134,1.198424718583673,1.9227539962548432
261,1.2976390864550909,1.2958624452298344,1.294313507501856,1.2963382149981306,1.2944491304162742,1.2940492653913374,1.0883290056372878,1.1901998572476649
262,1.106195085843141,1.0972299381483872,1.102020724613513,1.0987714693606978,1.0994170985499663,1.1014760291203667,1.21021163654375,1.474407479982588
263,1.2671633289386346,1.2632028769230577,1.2615875427558134,1.2613277304350263,1.263543208969441,1.2644000168144407,1.143016501915291,1.218863238315513
264,0.9788392332425275,0.9615686593799877,0.9633651806916855,0.9571421527987217,0.9544449866823987,0.9541528461089528,0.9529963989716866,1.3505578694957177
265,1.3590975454878087,1.351802203039638,1.3534060231095506,1.3568555311907229,1.3561166880205981,1.3562943401674017,0.7011989359440081,0.8281581959756226
266,1.0854457034839728,1.0597253886656388,1.0599555137119658,1.060021942886991,1.0582214929174767,1.057455209265437,1.1999347124363116,1.3435488891984435
267,1.0311592710608024,1.030509413541295,1.0306899011202755,1.0275631166352905,1.0245810839634362,1.0252470301569192,1.0422537656773745,1.1463416385762948
268,1.2720972029082573,1.2590635501063732,1.2588300789829505,1.260626501187662,1.258698128419061,1.2593188660201688,1.3689152199400985,1.345644686090088
269,0.9890751793763649,0.9878750693404174,0.9868026469625325,0.9890719173260211,0.9874625541901748,0.988134633857429,1.0785490973707936,1.1831350307804622
270,1.3635343541794571,1.359316242173084,1.3573695775093753,1.3625847061209306,1.3610666593074905,1.3599509625693829,1.0047490273589132,1.203024282644043
271,1.2124328992580737,1.2058982315039544,1.207666650072569,1.214888698374919,1.2116845673744856,1.2133143914359188,0.9317218669505096,0.9949757055545732
272,1.1886101977789816,1.1812885494072738,1.174973127963242,1.1726233199967209,1.1741376594981607,1.1752060239515778,1.1941951488922478,1.4595620731788532
273,1.2007788300885556,1.1963438047455421,1.1964315202812703,1.193822328263943,1.1936151239418524,1.1945851766754807,0.9664579777970634,1.1218189516782469
274,1.123641887810551,1.1042886748172567,1.1042749519417383,1.1041568048972024,1.1054447419813351,1.1083866267329041,0.8727660528043363,0.8882918784990537
275,1.1596707780952273,1.1533761723033347,1.155175473508611,1.1562784976852998,1.1589790930401558,1.1574431067627937,1.1319508944076606,1.2453656142551797
276,1.059468189682437,1.0608525666748478,1.059395540888716,1.0615567219511395,1.0647813020939114,1.0672947915623392,0.9615640744027704,0.939709480069164
277,1.3433886925144012,1.325701664421578,1.3262014371158435,1.3255476133034243,1.3297973142542088,1.3314364219924224,1.1518158437006238,1.8137311455259515
278,1.413371112501856,1.4160156807028985,1.4163211090796357,1.418849704562328,1.419808966288226,1.4197019052845141,0.6142299545298304,0.7433893041848674
279,1.3317253739817356,1.3233057891467876,1.3240736619307045,1.32785691634497,1.3316572360004657,1.3326554531664911,1.1311316840863337,1.2168574043497384
280,1.3184939866774954,1.3142000676142678,1.313993649910788,1.314950595237629,1.3152413070018254,1.3158162213670506,0.5322287917492656,0.658273804879441
281,1.2542898977185435,1.2569098966679508,1.2573831824679058,1.2595324573717799,1.2610955282793253,1.261652766047575,0.9362068389023004,0.9916733454984216
282,1.1650149675408068,1.1609539644285864,1.159868864048566,1.1598261720913816,1.1604580186271307,1.1603816690990794,1.0809681362090735,1.18096669208722
283,1.3392631719962826,1.336405552711376,1.335586489331251,1.3342832990081905,1.335021994365934,1.3353961433152526,0.9901335473094108,1.1181857138119322
284,1.0342770258772154,1.0243830393169235,1.0288543466851523,1.028909416018842,1.0271462417858654,1.0285754718052027,1.2245083429679615,1.6003483298701753
285,1.4555609456810836,1.4468726905080616,1.4492070166205613,1.4502626018182894,1.4519059635360558,1.452847069362653,0.4393513157219293,0.4392096282446575
286,1.3248976353650423,1.3233716388954577,1.3250698946159145,1.325350383998095,1.3243929729872006,1.3246639964674272,0.7224678409925115,0.7603189608387821
287,1.2013009855080148,1.2015353454584083,1.2041377309770471,1.2072611036967014,1.2106316928945071,1.212791580904939,0.6159182631297516,0.6060645608844827
288,1.3030102839275877,1.2986295495978175,1.3006162365603933,1.3013067416984465,1.3019466545634797,1.3010435212206928,0.8104399896944271,0.7943216010607721
289,1.1027501183907913,1.0993377440862129,1.1027370956024145,1.1042979394617942,1.1058025161781833,1.1056174235228213,1.1028718257984254,1.249202627695846
290,1.1088184622985213,1.100426463797055,1.1028785407079136,1.10422041787874,1.103828312050329,1.104415769798182,1.045294614308895,1.2234540332848258
291,1.0353999245414987,1.030417811214612,1.0274134224301994,1.0264434506946014,1.0268341526565201,1.0282952679107116,1.2894988091615582,1.3536046338562475
292,1.204139384205044,1.1853641363893515,1.191619783564238,1.192410246865762,1.1875660807821131,1.1872962298483494,1.2318355696920256,1.5135238382778198
293,1.3030115415850583,1.3075022851427471,1.308410216167127,1.3117034814141002,1.3142187510598462,1.3146531694553174,0.4812292465862338,0.4995204748402408
294,1.2030832487123564,1.202065613488996,1.2035626029796624,1.2031882297689862,1.2030523200273806,1.2030886798089713,0.9530748073970132,0.8344299994059813
295,1.373851206688487,1.377774517179938,1.3793191706106909,1.384505549444761,1.3890275214539027,1.3904545017783156,0.8079550383339281,0.7731183500282198
296,1.321614144342622,1.32487986587096,1.3254717792632107,1.3272925125470234,1.329786217124193,1.3313081166533998,0.4033274462742063,0.3728393821956777
297,1.5380488042992453,1.5359395440548456,1.5366070403734062,1.5374709272559064,1.5370941800325268,1.5378947542835886,1.0585552147518142,1.1699429847650589
298,1.110031803629809,1.1076123613184188,1.1055350791301923,1.105336493667335,1.1030821177295034,1.1027607702991788,1.2339139702485271,1.1726964693906174
299,1.1753366868753141,1.1597238953767028,1.1565842638568573,1.15656371459693,1.159436428772688,1.1582170250460706,1.1738512691365306,1.241691676850993
300,1.1475328559054243,1.1446046488090915,1.141289781652964,1.1400164372209702,1.1381025184570805,1.1382469971544908,1.074928681274037,1.160953184161286
301,1.29948382305917,1.2752447575821828,1.2754440239446763,1.2781136339286394,1.2808414102529402,1.2808618488603112,1.0462726297605442,1.178940214978519
302,1.3912764098015218,1.3885682931750098,1.387595546333087,1.386973979462297,1.3868839505063142,1.3863532909369127,0.7856380117165633,0.8184578307857433
303,1.2426466304418793,1.234104919860417,1.2365220918306894,1.2348198119322007,1.2380016816526591,1.2375394655543905,1.2373778710143082,1.3172188180931763
304,1.1959153340460642,1.1941952997461547,1.193387628643177,1.19201936373993,1.191839054777046,1.1928954917004533,1.0359444045088433,1.19369564809306
305,1.1862726665839447,1.172685756733675,1.173957898319733,1.1775852380422822,1.1818902584396527,1.1856616239770785,1.1654210244790282,1.226753258484825
306,0.9983287259875165,0.999677775899512,0.996032111891343,0.9940442117608873,0.9949503820673646,0.9942378651937214,1.1658706176741436,1.6524472110324318
307,1.383577080480734,1.381136334343226,1.3806029354928577,1.3803369404010983,1.3809200778659443,1.3813363947934303,0.7389285331466457,0.7366842684865286
308,1.263877879256347,1.259995034050832,1.2572846952364676,1.2578883404260321,1.2577696466196597,1.2580641610928676,0.9077348369146888,1.075590380916329
309,1.097198214958758,1.1019438071570211,1.1050721171473126,1.1075899186958682,1.1103963167101578,1.1121873951802215,0.9954641752569076,1.0072674918847684
310,1.1046722375851872,1.1065100900981968,1.106331741364963,1.1052044330838497,1.1043850184068316,1.104536970514624,0.973919307902603,1.1130085744219136
311,1.3486323806033294,1.3558745866539035,1.3592301132291666,1.360477601537588,1.364851033989255,1.367896082820809,0.6004610476559143,0.5604668918286602
312,1.0436037696115146,1.0468266416856638,1.045234730814983,1.0424950467535825,1.0418061695708323,1.0415558382189734,1.1810626451063326,1.2110510690759957
313,1.1966205138546875,1.1928131822409835,1.195823023463415,1.1953920215333518,1.1945257419931956,1.1951149254260018,1.0114046602639462,1.0983650286352828
314,1.3410200233426923,1.3380710983865944,1.341116056952148,1.3391639779412632,1.341222518206168,1.3409078487572672,0.9167164508083608,1.0605560245270922
315,1.237495391534935,1.2294436634213546,1.2305521522498837,1.229703605182988,1.2287734992570474,1.2283707007611806,0.9011107707804288,0.9973320921543818
316,1.222112537654447,1.2234708973002695,1.218154169475704,1.2147212704454133,1.2136875272304015,1.2137651635864712,1.1417645058183576,1.4699303533801558
317,1.1558919469555873,1.1443972784055296,1.1452128807805866,1.1452243868178886,1.1416501878951706,1.1418898914492805,1.0570555792754213,1.2900546861823534
318,1.2363174744244856,1.2434603846013468,1.2483099047138244,1.2471412379240454,1.2454265678036693,1.247128384721623,1.111497194943787,1.2511179894251307
319,1.230436124099525,1.226683358246345,1.2284809924225684,1.2313631071524245,1.2310005331777518,1.232061372402188,1.062860667196456,1.0981524379199383
320,1.4669319575461304,1.4614771402345668,1.4608401876942647,1.459478816486454,1.4588099238278227,1.4590913361049542,0.8591497450482438,0.9376092451659466
321,1.3524914735800384,1.33737707274398,1.3391710607531204,1.3392491056940166,1.3409728208793066,1.3411137449860107,1.1775569145764713,1.2425771706857778
322,1.0418820368483925,1.0320546534492416,1.0287474437066217,1.0299216816458157,1.0292288332567106,1.0294591736812067,1.1009126899873534,1.324009571768836
323,1.059392783198549,1.0492293437786,1.0456435875105674,1.0471038675244602,1.0496994142006955,1.0493812150818909,1.0374132703723078,1.155868295595475
324,0.929539308058026,0.9175432990982326,0.9161128457027152,0.9171672044377187,0.9128419894503077,0.9098021820187714,1.2355202900604976,1.3069364507564172
325,1.3275131555288695,1.3207971616613878,1.3226740371322623,1.3231331818722183,1.3249591157831933,1.327012918502556,1.1919619612663273,1.2192659101354884
326,1.1068143302962896,1.0974870425274483,1.09388960983415,1.093642662635316,1.0945963737131759,1.095931271870306,0.8410890672253504,0.9803406904571564
327,1.1855749856642388,1.1731798627594923,1.1719924384845473,1.176906222228734,1.1720590175224554,1.1721752112414643,1.200839731349501,1.799317624429892
328,1.215164427979228,1.216988962638069,1.2174465322864185,1.2197967559659302,1.2208606685479182,1.2211827246447629,0.8305786069992087,1.14372461957383
329,1.393429429344221,1.396464975284232,1.3930508653185452,1.3929789940438178,1.3940931057519317,1.394112189018437,0.9513129507394305,0.9423483498370268
330,1.0451132478804765,1.0300912952157655,1.0359566220010856,1.032747453188268,1.0300702910537498,1.0312457954924346,1.063547678481747,1.2098565994179866
331,0.9731839476579326,0.9735233582150663,0.9711387066364067,0.9708350348128232,0.9696090426450401,0.9687896254571216,1.106376365243977,1.1760029222988426
332,1.3756019418663903,1.373540607587589,1.374865558272062,1.3771281196395462,1.377934172072093,1.3777468602245688,0.5284865486044219,0.5571357757974243
333,1.1160201248151154,1.1171259810885732,1.1139755457945724,1.112620958831472,1.1132625381595718,1.1123580193784353,1.0206752554705996,1.1879770685103244
334,1.0897659691614479,1.0874886463925826,1.0904561818322989,1.0903282432549217,1.0901511743222474,1.088179586192892,1.208377683033922,1.4895810735569994
335,1.1086961189988092,1.0927706171388254,1.0905172387613413,1.0861079734887138,1.0864745911034,1.0845335308707054,1.1730418837233556,1.3416303058021932
336,1.2957240904259453,1.289023807594699,1.2896957476322972,1.2866584653514346,1.2855534017296049,1.2852299631949196,1.0743277686169703,1.3156506293998504
337,1.529280236022342,1.5331238847771982,1.5363049778625362,1.5388005719344162,1.5417301835381363,1.5416342386852406,0.7495926965264842,0.6919248134860954
338,1.2674397878597865,1.2456503174856148,1.251339979584193,1.247452796785244,1.2454189814137857,1.2445984958689706,1.1153289122605885,1.0830093631951705
339,1.1538724160352885,1.1501635357850515,1.1486685424279623,1.143089014890171,1.138011819763622,1.136700153401405,1.2268861176553072,1.761389822805309
340,1.0760560107813697,1.0818030522216222,1.0869012263906541,1.0882783951169557,1.0947001090782864,1.0918167935707503,1.0719476628020752,1.1482715705146496
341,1.1743024399766953,1.1751569234005,1.1763040657045702,1.1740914337810435,1.1756297570554808,1.175177977756121,0.7430077100245827,0.7975779540856405
342,1.0544219417493261,1.0453053913862569,1.0440464338972975,1.042407963724353,1.0403297762096388,1.0401390850690166,1.146940160043632,1.363740480501615
343,1.084534341305831,1.083370475328512,1.0767467262095587,1.0754184600806138,1.0786927019096482,1.0791960937035894,1.239406754418118,1.5304825338983974
344,1.4165451145535228,1.4160015475555898,1.4177936097343187,1.4191284317191368,1.418796786874134,1.4192604358092618,1.0164944028043856,1.0324425210182069
345,1.1342462356238059,1.1095050418658516,1.1128179297373717,1.1111851753995705,1.1110045027090938,1.1104023277980033,1.0901225545147917,1.190308803527716
346,1.2031455125811266,1.2028905345911831,1.1972815920731952,1.1969714621523375,1.1959373003233638,1.197830798065281,1.2040218070558044,1.624350247371512
347,1.1996004369795772,1.1980999784710442,1.2020099574331629,1.199067224101468,1.2029171602550486,1.1998943967396898,1.0326510901728916,1.20975118739481
348,1.1980494002402193,1.1859248082889808,1.1858716755058727,1.1831507149742726,1.181066868970868,1.1811583125088805,0.6489606906452019,0.8400181842388781
349,1.0159175825751499,1.0137311948454655,1.0149781342883177,1.0122339276609473,1.0134392659055251,1.014781160495599,1.03996170451897,1.3231052523860354
350,1.246266598635129,1.2484193394194747,1.2474740509181947,1.2487633557897668,1.2528155723827994,1.2539284731196283,0.5985433792718342,0.5683735245964601
351,1.7223179240416733,1.7227075371707687,1.7234918623355715,1.7240057215887694,1.724793817770316,1.7248091375438133,0.438459713423235,0.6451107875363223
352,1.120013387368351,1.1153699609862828,1.1147785684000355,1.1124566804171814,1.113276713600472,1.1143760801767633,1.031843068478202,1.244630275375407
353,1.3326496779250399,1.3331463145308653,1.3356558283185507,1.3391307360722688,1.3403715185910277,1.3404366061510753,0.6254091576179004,0.5765275509832564
354,1.1690560516692794,1.166025195810659,1.1662062265921591,1.1669341466741685,1.164004053229998,1.16406034167797,0.9709889415056552,1.290557075850994
355,1.1469144963546558,1.1409811918138473,1.1387776980001834,1.1384395115980943,1.1362766747088264,1.1367868260848046,1.104046744214629,1.1357619298684964
356,1.030342771104776,1.0233945369698056,1.0182670803904255,1.0163105693626862,1.0192751818627752,1.0197487120598006,1.1302680289439888,1.1534056276926217
357,1.1907549371519888,1.1887534045799195,1.190320974020332,1.1895788192234653,1.1876805700894826,1.1870501844376344,1.133975998015931,1.5712937544459435
358,1.0470876477341011,1.0470899801706015,1.0448618760661341,1.0489658290214923,1.0458320565741022,1.0458915844337044,1.014957886822843,1.4746327920437785
359,1.1090652878218004,1.095414431331497,1.0974556454677145,1.0985611949990866,1.0997017232235893,1.0988392715661255,1.1711896715751988,1.2698354642252532
360,1.0543125130711928,1.0464776379801453,1.0514679230743615,1.053814337859505,1.0594985432952135,1.0608305646975236,1.191068298795399,1.5136495737705988
361,1.0671451693019136,1.0637774965577125,1.0592570222086382,1.0576060361049333,1.0579690974434584,1.0611267751116404,1.0635232448120702,1.2564312392929464
362,1.0108312301052513,0.9910169238019196,0.9865961960994614,0.9824380917300276,0.984106142318482,0.9840502438549422,1.2400639790570396,1.517307764903517
363,1.2201927915523987,1.210428828269465,1.2126045405844679,1.2106271862928497,1.2101236208963642,1.2098502319883335,1.060288383636135,1.0433360838725605
364,1.1988731749189911,1.183261100076388,1.1840657370310617,1.1853226853250187,1.1854374779051742,1.187212155620258,0.7390124536712587,0.6450176532944112
365,1.4369815027099848,1.427706541056218,1.4274218450143739,1.425009948727927,1.4260228071600414,1.4276998415744844,1.0896540844487337,1.1483733726085843
366,1.0658243016527813,1.062685563706307,1.0594081396023787,1.0575734574060494,1.0565141489925602,1.0561871693980058,0.977817715491642,1.196320432584864
367,1.1900835106550245,1.1807262350965668,1.1744919232512574,1.1728679220208882,1.1737508974308697,1.1743177955484387,0.8002577567987613,0.7828058291956748
368,1.2595903572413896,1.253761472621422,1.2537382442183034,1.2564395646169706,1.255202568891287,1.2552432566467642,0.9171821922010104,0.9761818184108634
369,1.0375128050994362,1.029850883474013,1.0246176060825036,1.0231981565708934,1.0247565246980601,1.0234505870034245,1.1107737790935155,1.3531107721995943
370,1.2244932096360006,1.2238454610258152,1.2205858057403884,1.218390669790125,1.2191479489126436,1.2223720895245183,1.0826719646841303,1.290962804446438
371,1.0835090475962774,1.0818847117852157,1.0782121525754855,1.082362289122916,1.0869167424244124,1.0904253912316804,1.114680173597622,0.9288496035339564
372,1.139246562725957,1.1409522406814,1.1409207850510634,1.140474442689144,1.1398449660570862,1.1405460971195762,0.7384229985315978,0.8114316057008578
373,1.1465601143967044,1.1444726916153631,1.1349400966943028,1.1342181710545356,1.1285346922937716,1.1287215553859808,1.05133543953323,1.5008867359396971
374,1.0305683799612915,1.023771055425082,1.0238985158090752,1.0193414895278994,1.0208876601665664,1.0212183835940465,1.0603342573247878,1.2780138685637767
375,1.2324438941659268,1.226864554664534,1.2239061959346236,1.2248874305197492,1.2222293000044413,1.222111001981926,0.9548151943978532,1.0376621509870945
376,1.4156741946467484,1.4071341794525773,1.40214455164441,1.397112595691667,1.398499900098796,1.3974979436270447,1.151341230499228,1.8325330260968016
377,1.4263673756571211,1.4254123620328254,1.4272581974069867,1.430691927712785,1.4304001857035047,1.4327337161123335,1.0806544058349363,1.0616337130082454
378,1.2607864148119123,1.25650080645848,1.2560689937132274,1.2533456239398892,1.2543307693673886,1.2538628980432698,0.975855773739759,1.1609628522289708
379,1.324696851747204,1.3245574315869566,1.3253193632368359,1.3265954237393647,1.3269904283803562,1.327382846288658,0.5552533400465167,0.6182287419034879
380,1.3188969726676505,1.3218251996102541,1.3266313371117862,1.3273505185644934,1.3256402690441313,1.325210618420753,0.9831460274289026,0.967828887432652
381,1.1537340326380903,1.158525927907668,1.1586666119817646,1.1597966819293657,1.1634519947170865,1.1650008145765605,0.6976408197643277,0.6272569582208751
382,1.2121710408947086,1.2055749134500053,1.207381619256808,1.2084563456501047,1.208198640621064,1.207229425980247,1.0703773506220282,1.17790615335796
383,1.3518574767401488,1.3608227682672869,1.3599382292294693,1.3585249680114777,1.3590652140868138,1.3596596464470583,1.1700692077421624,1.2007476088124849
384,1.0729206436116494,1.0682574678750372,1.068682067851945,1.0695821840085145,1.0696134818446723,1.0707594710324377,0.99053895259615,1.1867055765056314
385,1.3227668309079987,1.3170716223376762,1.3146390775784242,1.3170028942302716,1.31467857007394,1.3149151354257849,1.074723800896437,1.205447616871274
386,1.2546052676440156,1.2493683478090514,1.2514878615919474,1.2532732308470067,1.2546594565543552,1.2540099542919043,0.9849774940060192,1.0026486976552604
387,1.1045304484069065,1.1023618898433445,1.0978042321746304,1.0953525150628363,1.0969884174825646,1.0951058637949629,1.2156279930273872,1.32378639860026
388,1.074945006571581,1.073062611474482,1.0727985396697322,1.0722752728298115,1.070222940234603,1.069773208730856,1.0969840798568946,1.281859519362542
389,1.1887722780007521,1.1812983816787133,1.1801155683015963,1.179459256455642,1.1801667026047766,1.1803003674390398,0.9468327778014076,1.018196465889292
390,1.1323699150040205,1.1219791947552193,1.1227553675444628,1.1186660483766033,1.1167006406837416,1.1180511382682443,1.1465976842238164,1.3656728335034112
391,1.2144564528325146,1.200155812951003,1.2011403990893021,1.2029024756708213,1.2029177945192802,1.2061292149243112,1.2255279943351345,1.444576839471988
392,1.1042366045457865,1.0917506102624508,1.0944136156305213,1.0944772112369894,1.0909912191107343,1.0916032290643594,0.972253418482046,1.1451550736621243
393,0.952698422283218,0.9527144413650598,0.9551520652611395,0.9583370715250291,0.9588053396042143,0.9582942148368501,1.0194009650432545,1.1291473270442107
394,1.141989891706428,1.1396110633878431,1.1366094945173493,1.13805897469052,1.1360131578278425,1.1347750105304517,1.0770333873653022,1.241604299520232
395,1.4710455741886599,1.4556536990627806,1.4585367641252869,1.458187965505129,1.4609313142693674,1.462137240915065,0.7847774955793946,1.068421311404275
396,1.1993771260809607,1.190326785592691,1.1889061898995936,1.1891589244349834,1.1894012596563601,1.1887792346095967,1.006918413160805,1.0906905964189424
397,1.2604693995178,1.2498325479249255,1.247706187369547,1.2438530264764207,1.2457949461336106,1.2470699268872683,1.0066664969413273,1.074892872368083
398,0.9963847351561259,0.9919315801886143,0.9820147164397796,0.9817114076493534,0.9830700379118635,0.9829151807645529,1.1620385541458345,1.249762117817603
399,1.3641493909176248,1.374031269320831,1.3747035180910576,1.3801871859289403,1.3877853956169146,1.3907697374482204,0.8730212501258309,0.8944230481597552
