,window_size_1_RMSE,window_size_2_RMSE,window_size_3_RMSE,window_size_5_RMSE,window_size_10_RMSE,window_size_15_RMSE,Plain_wAll,Linear_wAll
0,1.1318105244042433,1.1302830431501416,1.1313817140738123,1.1317585138768789,1.1314594553595083,1.1319778866328087,1.3163828026093856,1.4287482745336662
1,1.112457332548796,1.1140817480876013,1.1146072843775956,1.1154897424424393,1.1159886096056026,1.1156563684298424,1.1394752000694288,1.4135071827409948
2,1.2457314928714731,1.2438986327246904,1.2438705085064028,1.244611518759108,1.2444030136730635,1.2443723565642881,1.4146132425188316,1.2028382698482196
3,1.1833419480565344,1.1755166295878567,1.1798718785630884,1.1778797366478222,1.178537774175003,1.1781078241340275,1.6050617041442594,1.2557375416362393
4,1.2732871105121188,1.2705759502105523,1.2708559707311837,1.2710206720468384,1.2708604851367487,1.2710711162520014,1.00835417108385,0.7931551809422485
5,1.2510466870605725,1.2499858791486433,1.2508969845084756,1.251342087245534,1.250508267654822,1.250921742383364,0.865180192557398,1.173467631941132
6,1.0991117626821831,1.0993580548688942,1.0994657672934969,1.0996415105742063,1.1005938585160582,1.1009833596959295,1.0216705656359104,1.160404342043069
7,1.159951495669801,1.144543417646463,1.1352487150876263,1.1326057300669947,1.1303552564681414,1.130163626600932,1.8359112866701808,1.2433225523849318
8,1.0530111103066042,1.0546847698194346,1.0552843533481795,1.0565285045842936,1.0579914095957323,1.0580165532532815,0.874541776661372,0.9310664604295676
9,1.1628685660012008,1.161768401382734,1.1612446585498792,1.160914164546839,1.1608271160163086,1.160827448722251,0.8188129497909066,0.6901503417534536
10,1.0720123656295206,1.069328784583564,1.0686651578984248,1.068649576109445,1.0685239298890585,1.0686454950986473,1.34586991287436,1.1926667345690474
11,1.3373182748488208,1.337981304338121,1.3376426747610772,1.3376723334141238,1.338045540886832,1.338089787282001,0.8932218962544123,0.6418270854636126
12,1.365703777505266,1.359217998993677,1.3602188207226227,1.360178091729334,1.3604907399832753,1.3608097586833476,1.194218032759431,1.279982457230424
13,1.3162630987752002,1.3137173135721216,1.3132770618454719,1.3128855493420482,1.3131984059283714,1.3130831569182337,0.9350498383382876,1.0408739432202316
14,1.2084017317695894,1.203730691438084,1.2069440942574983,1.2049376584879758,1.2056135574026614,1.206125320707611,1.457489703611456,1.1646031019005136
15,1.3378451318129243,1.3374146893521204,1.337327899344711,1.337553766371275,1.3374789054696803,1.3375014098798168,0.8064491118006414,0.7759731059665996
16,1.2975674868349554,1.2979544624376351,1.297258632032786,1.2970339645198194,1.29769106874925,1.2975387040343307,1.1584232853020382,0.9999427805519332
17,1.005049628896903,1.006064844664906,1.0053966747803484,1.0063218371764726,1.0071249930446202,1.0066217668015278,1.3789789230527216,1.2800246341045436
18,1.1456311273732542,1.143988607289898,1.1446780361579,1.1451771455669284,1.1451533800346314,1.1450182204578927,1.0479467970325949,1.1313724878806903
19,1.1829684427851286,1.1815272626239286,1.1817684165117872,1.1814182272088893,1.181902703560587,1.1819914756885421,1.1890085244029438,1.186020439746691
20,1.3133883229574275,1.3155169523178625,1.315553592843182,1.3153639508683765,1.315155957278915,1.3151215290694027,0.774890567083648,0.6947988600055588
21,1.2182931021786012,1.2140585312962142,1.213047245650425,1.2141490862417268,1.2136624650170704,1.2135432872048082,1.0439216122619397,1.4095884182769802
22,1.323840426317221,1.3226130379283279,1.3233677647964144,1.3233269585422704,1.3233393021971627,1.3232851791104927,0.6988957101901725,0.6790867086337096
23,1.2949276418022817,1.2888594006703724,1.289669915624304,1.2898283555902519,1.2891571066882304,1.2896184650641516,1.6668898066357547,1.3478782536639835
24,1.3273725146186026,1.329478451100901,1.3281543846115198,1.328172247252906,1.3280847066358255,1.3280672784189298,1.117485964562914,0.9466310095666144
25,1.3434778127709734,1.3412365546793326,1.3411017457980934,1.3413283232237023,1.3409677526862664,1.3409933583258857,1.0406933604304192,0.9717143579978136
26,1.298864323171007,1.3005541321142369,1.30018088001449,1.3010234805194347,1.3011118457192201,1.3008450610766922,1.2939330447087207,1.0499508726878188
27,1.3472976163864492,1.3475324139719531,1.348670866643052,1.3490361193025895,1.3492314334178905,1.3492065053036706,0.6366826514301515,0.5611724612624992
28,1.257401082363554,1.2548688981838803,1.2549312309768952,1.2566435037106056,1.256911654672424,1.257508743257021,1.4189660693673505,1.32145080708432
29,1.0662438041949907,1.0654973402275187,1.0623731125622695,1.062874929029827,1.0631679072693845,1.0632851063703572,1.4282799101773778,1.2493307320696925
30,1.155286048291585,1.147652036026162,1.1492218813542177,1.1459154458787024,1.1463019309906561,1.1465911810529672,1.8852790643665365,0.8574579272062581
31,1.5762859267165812,1.5770881209112435,1.5767550779509776,1.5765982416103717,1.5766121026638338,1.5765461494371573,1.124733389970648,1.0889025873824203
32,1.1832669221953638,1.1810209871297868,1.1809199479201606,1.1811484755324124,1.1811148759097883,1.1810870969710396,1.0297106573910444,1.0722982081923866
33,1.1264305611398406,1.1288142272726407,1.1287485605369478,1.1282521716750094,1.1285029683812724,1.1285613778054862,0.893781715232996,0.8209201933403457
34,1.121523122713736,1.1229719065131731,1.1214336144053771,1.1228191914519041,1.1225791694181746,1.1227642870925671,0.9333644029518192,1.0631587216669656
35,1.1728646687615036,1.174078722340833,1.1753248888909338,1.1744454507353321,1.17517847791882,1.1751549123177278,1.2067204632730586,1.0673022058866466
36,1.1444356129127637,1.1386957186068025,1.1439818697151505,1.146587519935221,1.1455234519246782,1.1457743615862916,1.5101191881823115,1.145813688532349
37,1.0400803391395184,1.0407271982279935,1.0408506625290868,1.0405943808924685,1.040807419069,1.0409627260434744,0.99303086723429,0.9514308622776508
38,1.41948167667943,1.4187372651954995,1.418334882715246,1.41831007906955,1.4184064603690167,1.4184684526214155,0.916115111359382,0.8936125637015547
39,1.2832534675370313,1.2811386585896085,1.2800472106969683,1.280274326993908,1.2800602048136798,1.2800370286867417,0.8556361833861742,0.6956075934932646
40,1.2502749731135867,1.2497299735423104,1.2498101427988793,1.249791593004799,1.2498456343812854,1.249764927350275,0.6897958128670746,0.7566755538784133
41,1.4055427519552635,1.4086565014573802,1.408313851428697,1.4095253379103703,1.409229331146861,1.409491714606176,1.2284469734813712,1.361635348378219
42,1.0383797051837196,1.0370601514481865,1.0367867477576513,1.0346994787211294,1.0342752776825201,1.0335500756273215,1.4853785669327149,1.4983029854127183
43,1.3796829371946553,1.3791743278979125,1.379606959793397,1.3798772696242,1.3800433498586755,1.3800698178814081,0.7696705207091982,0.7241917525593395
44,1.1783684002903498,1.1783773636860113,1.1777892557254404,1.178226956850238,1.1782686836818672,1.1780602674872567,1.3857657694978465,1.1321600365484918
45,1.135033189745176,1.1285977617972418,1.1278296815586182,1.127938304587884,1.1275552588515354,1.1273325055823822,1.1947444547404138,1.3027979469449795
46,1.0905254845763257,1.0891805651955193,1.0880896825598771,1.0874377760614349,1.0881687465604313,1.0882504858196511,1.4423858708376776,1.4019185845109907
47,1.537429454248485,1.5361575062281705,1.536409260156323,1.5361822399739895,1.536387087891343,1.5364745075414281,0.8517639755100507,0.8968387454474649
48,1.0345909363192327,1.035049123089497,1.0349777950118437,1.0349062195155692,1.0352850579028579,1.035418863914486,1.2028518930818342,1.1575767707328086
49,1.1747679833198312,1.1704265231030886,1.1683348846780215,1.1687219050622537,1.1691177912014896,1.1695721206188638,1.2830235323308772,1.0671315207005014
50,1.5445728972047916,1.5411634285466755,1.5420529796026112,1.5420326032745766,1.5425943658993324,1.5426117723387016,1.192553920154141,0.9155952064995028
51,1.3119150844219616,1.3119961362985875,1.311850066483968,1.3124655657569118,1.3126081337185602,1.312619570508403,0.7476403746120757,0.7187811769310528
52,1.135460424284419,1.134812561341368,1.1339133350592252,1.1331566861520042,1.1328857386962683,1.1329125565243265,1.2903908394840646,1.323927323391058
53,1.1918164211960887,1.1908331510304286,1.1904515320835076,1.189627181739929,1.1897889688619074,1.1898171461390454,1.1224059498309702,1.206697881030618
54,1.2559192295879322,1.2566553372391704,1.2562190705954914,1.2563720639880915,1.2562153729100105,1.2563116618802925,1.11133461138548,0.9492934926508008
55,1.1537368986733598,1.1370179218761431,1.1338372320790058,1.1370773279794877,1.1364371961459174,1.137817931398642,1.5436075078211389,1.4947104984054074
56,1.0554882267321737,1.054021928044019,1.05355596094276,1.053442911863053,1.0538619274545806,1.0538091705060217,1.2598714396492068,1.335329804146131
57,1.170788885821433,1.171006409929674,1.1709547245923153,1.1708861365733734,1.1710763307725287,1.1711208485517786,1.0926804768267604,1.0295419093263327
58,1.537359008817434,1.537362516018155,1.537213498493941,1.5372627547655608,1.5376541516963194,1.5376935233896618,0.9731482788989426,1.1914789251778846
59,1.2324621575541694,1.231692581837855,1.231105285149685,1.230366267287836,1.2303277766191054,1.2304764767942515,1.173091963266928,1.1741140651594877
60,1.041750302814347,1.034310469226075,1.0253591718534287,1.0267218395530184,1.0272453159803685,1.0267314790538657,1.850419305421653,1.3830954675741796
61,1.4345821861626202,1.433590678825877,1.4336985260424937,1.4337668652673166,1.433771509910812,1.4338388495522998,0.5993053766352385,0.5286052994100052
62,1.1012615117832778,1.0984923797572745,1.0991407691483113,1.09916327418031,1.0992472970992984,1.0993345526952638,1.14422315451659,1.168510321421009
63,1.1867571498566103,1.1858910524414052,1.185390395665652,1.1858788462669174,1.1857902494344592,1.1858541462775287,1.174746600580511,0.954137026826385
64,1.003987571618687,1.002766042033674,1.0024267545709864,1.0025737571895657,1.0032074298516709,1.0032143072698665,1.2340585881760742,1.2758666629061683
65,1.7062378732396675,1.7049262839053798,1.704863323447007,1.7052761188497132,1.7049612471628077,1.7049816034505152,0.94861773003744,0.869497921004823
66,1.0962887324070822,1.0965651253045061,1.0975569877967215,1.0977250262742908,1.0981192775824555,1.0980338728100287,1.4247228640964054,1.1418104749111444
67,1.2101648851505855,1.2097212305269038,1.210241437534296,1.2115329112336182,1.2107841988495551,1.211116332075505,0.9649128418627574,1.0575433052811556
68,1.28446044357956,1.2805848557140243,1.280141558857132,1.2811707330465274,1.2806498767775703,1.282775495804063,1.7998010556351418,1.1175711182441237
69,1.2459080839474947,1.2419726665094637,1.2422109105558568,1.2432459332941326,1.2439803844172443,1.2438169466842899,1.1074067121355151,0.8071704201008594
70,1.360275116919422,1.3605260994010826,1.3606247302457726,1.361059843960804,1.361006520715976,1.3613470694913248,1.075252090150301,1.1352650652150944
71,1.010623280543717,1.010007901511952,1.0094417715584285,1.0098478336098304,1.0100273285928987,1.010018445392086,1.253246462446998,1.237424957078318
72,1.4539496621522932,1.4537543903481276,1.4542524577660765,1.4544912856230636,1.4546446985146901,1.4545367221881422,0.8598833588214676,0.6835613178868684
73,1.3056135186268996,1.3040167217257745,1.3041077882717842,1.3039406170304024,1.3039598204214031,1.3038368754803125,0.5816793536949227,0.5780432073586447
74,1.2945126887709495,1.2930792328177887,1.2929443686237174,1.2930181198322377,1.2924323161754905,1.2925577167725868,0.8773741051894818,0.7261077080644368
75,1.3007074560050909,1.3017060498492665,1.301592832650914,1.3014803709415328,1.301430199983163,1.3014366084649651,0.925837918284776,0.8304059922163115
76,1.178131355517772,1.1752262896291663,1.1767187441247038,1.1770575825451728,1.178459029272187,1.1783184275067466,2.0594700423501195,1.331378027411124
77,1.0616318406981342,1.0572439816157528,1.0550940587351878,1.0539258264975189,1.0546659131449208,1.05457850077785,1.468764664172954,1.2697885204670731
78,1.1006917118352295,1.1018121377668089,1.1008604411695273,1.1003615233100201,1.1007379282613945,1.1006632805385008,1.2115608281537582,1.2485491897486083
79,1.1575315106340691,1.1571717005316384,1.1574804873015043,1.156585259958349,1.1555960369273968,1.1556110717164412,1.2457043498446994,1.3952509310563328
80,1.1181596738181283,1.1155266383256446,1.1147419402654393,1.115780442610199,1.1158169587824698,1.115435693615883,1.3283967555246683,1.2575499696032757
81,1.2671123711230334,1.265943823292655,1.2659410145575423,1.2668835867621218,1.2671963204299248,1.267000712943698,1.4163270963860548,1.4454207857884944
82,1.1207395963305442,1.1213093015439426,1.1208282012942306,1.1210607118880087,1.1208682057468933,1.1210188852062788,1.0409881527236535,1.0127673279937075
83,1.1039883382111526,1.1027705031332742,1.1027420243838242,1.1031975961112412,1.1032330038601756,1.1033598598384828,1.227851267196011,1.0868048453349113
84,1.2047515621809157,1.203616824945779,1.2037104107830134,1.20428959585801,1.2042034876830634,1.2042245899632351,1.0030244888747653,1.0045361920249127
85,1.2489886340942333,1.2491251371730132,1.2504893840480034,1.2496804121539233,1.2498077521631463,1.2500127931048381,1.4993519153242554,1.2673725076850313
86,1.2489773447284207,1.248618779291643,1.2466915581308973,1.2467213058013993,1.2470200294193654,1.247046803994672,1.1988241102772268,0.8749531857892192
87,0.9907249394601686,0.9917262437293941,0.992274651782607,0.9917204252793571,0.9924066145518429,0.9921736314194318,1.4412952544955164,1.2788224605557887
88,1.0723460742754602,1.0697687779156655,1.068247558052447,1.0673265420513318,1.0669746855928675,1.067538743164872,1.3535210976986258,1.464289555131992
89,1.3387300982537205,1.3398833934661434,1.3394468136311064,1.3388344555934306,1.3383182044905515,1.3381358105727756,1.2293620502658646,1.1612731361057136
90,1.17147153109779,1.1707418193073473,1.1701350179441894,1.1701752866792345,1.1701497273541301,1.1700953073012423,1.0380870983298798,1.0020715372518658
91,1.1914213470109227,1.1891309308992626,1.1902525247792806,1.1901847501151746,1.1911649593592524,1.1909758286843084,1.0473483007455542,0.8220530613121589
92,1.1210354098865116,1.1217736766592148,1.1217027780024542,1.121134359859162,1.1210501733222227,1.1208698017928542,1.0471153222108966,1.117774037166914
93,1.2043464690507746,1.207239067616262,1.2064410288882352,1.2057665351009854,1.204212835802185,1.204304841308874,1.5051130535750488,1.5162905700597438
94,1.3585627800865672,1.3554765251883627,1.3534747224460641,1.3528930279134983,1.352510034619324,1.3526257633453878,1.4983465606144966,1.5200239140236318
95,1.206835226757021,1.2051800951217253,1.205703181057374,1.2061160124164712,1.2067324411315803,1.2069463788781212,1.1370420880185537,1.0364024369530969
96,1.4706420668310063,1.4675033122198031,1.4662225875871753,1.4661923452269674,1.4657871896809354,1.4658357420030672,0.9876616192164626,0.7143442704929245
97,1.107820167466979,1.1069998831091625,1.1039204546273478,1.1054305434417844,1.1052951906893318,1.106157334587441,1.527796266967166,1.3668977029165268
98,1.0634946931344242,1.0631482327332131,1.0624740993554465,1.062690064897722,1.0631746495603234,1.06337901468871,1.2516531183899249,1.265112842205588
99,1.2071102908191378,1.207647171924583,1.2076799666237221,1.2077650693187978,1.208450860933175,1.2083905361099234,0.947301635251104,1.0167767762823012
100,1.3903602679883715,1.389471019306366,1.3896120040338822,1.3898008744509565,1.3898525842958607,1.3899202970324809,0.6238369771486107,0.6241982574672639
101,1.079768653649497,1.076826975657411,1.0776711361063505,1.079091296338677,1.078899642266195,1.0787681833600897,1.4704644262922164,1.2699644965895576
102,1.2176150812550957,1.2167128329051429,1.215875687105249,1.2156781203638025,1.2160821628374767,1.216626773328603,1.055954980769641,0.8911754513098845
103,1.3010070951675177,1.3006260881990226,1.3011505232351868,1.301272059417684,1.3012104748007522,1.3011979102265008,0.6041975247059225,0.6684041908184406
104,1.0517282866772406,1.049499334958298,1.0496553817232959,1.049471069608275,1.0490826422408404,1.0489318729305601,1.3184262837500185,1.1920253251275938
105,1.4670694181146309,1.468113277322969,1.4688411097935552,1.4684450276100924,1.4686100700143798,1.4685690845739934,1.3806263141540358,1.5558701801545232
106,1.212893881116235,1.2126310304895014,1.2126521473107819,1.2124639683573204,1.2121881700723411,1.211877328520268,1.230104253408718,1.2356175695332108
107,1.1196174188204935,1.1213018174853042,1.1217323468755778,1.1218052410679051,1.1206611931469344,1.1200557628511225,1.3155141708980551,1.3847356376641844
108,1.3683982926113691,1.3671589119758538,1.366977477325266,1.3669886333399417,1.367209542395701,1.367287484431467,0.7521937787516673,0.7644207959536847
109,1.2227375826005993,1.219542026561363,1.2221490565734199,1.2212132062314918,1.220435102342626,1.220954145826187,1.2497574970365375,1.086913703609122
110,1.4576429956961978,1.4578783707155543,1.4578526945555492,1.4577478024169164,1.4578372342170802,1.4578789768654739,0.6858393879200494,0.686947301513069
111,1.1435332315281093,1.1374048979116047,1.1378489874096653,1.1377904733295354,1.1366083433867935,1.13697715249146,1.3989612998459544,1.3175889077331489
112,1.5332005475618828,1.529237425627611,1.5300772874885746,1.5306008525552444,1.5305752427407726,1.5309165977357266,0.7761059295549468,0.5696567775029152
113,1.2810581206915663,1.274426648635721,1.2774885151866893,1.2751826895668215,1.2770218936955857,1.2771405379794019,1.4104307656105473,1.5449971808810343
114,1.484789826850467,1.4855568974860451,1.4847313821331796,1.4844602741582535,1.4843324007165446,1.4842620080808964,1.3983681213850674,1.3666776700879
115,1.291296723696597,1.2875874338949618,1.289226706569473,1.2886197635660053,1.2888269654740954,1.2889677396833914,1.215993008681488,0.8906192522756264
116,1.1261544640258234,1.1278009612392783,1.1271262672620446,1.1256571892677447,1.1241378997728482,1.1241375034907721,1.250766735375051,1.2107326514459258
117,1.3898430587288864,1.389621006082366,1.389426399378968,1.3893659794660362,1.3892928710411632,1.3893062276080197,0.6291477414613574,0.4847970748888423
118,1.2555087232464992,1.2550380604180642,1.2550665906325142,1.2552151636926956,1.2554883923589282,1.2551045591721057,0.8966271426685661,0.8192071216805733
119,1.21156919270597,1.2152027524129867,1.2158309796466935,1.215650603850489,1.2161602743016766,1.216292954956657,1.1785859814393835,1.3630032446900224
120,1.4447187753863169,1.4469884718100927,1.446495937465513,1.448107581232773,1.4486319989490128,1.4493045766976633,1.038860921943684,0.6997338147701916
121,1.2745283165218626,1.2758401215098252,1.2758859480679852,1.2755914367157395,1.2761160442050217,1.2763177029841188,0.7144392393976041,0.7091743734193956
122,1.2395131321453037,1.239890209170725,1.2393484339620982,1.239119908659151,1.2394245782117383,1.2391326639566083,1.1877738486830691,1.2900414554908104
123,1.0255105719465254,1.0237567266063743,1.0237869156347639,1.0226031427907436,1.0225931662380339,1.022041970250344,1.193171254607056,1.3878134824550172
124,1.1205235086777132,1.107542710167601,1.0965563647583256,1.094469467388751,1.0917414580083955,1.0913605440291834,1.2766894704957357,2.1248936785320804
125,1.1793166406166173,1.1795432683146652,1.1791788038877509,1.1781339317259876,1.1789353598210928,1.1790885129082067,1.0151919328201402,1.0895597140994688
126,1.4973755439767102,1.495997979864961,1.4957730409042118,1.4958656143610427,1.4958853165120374,1.495939180663457,0.6413867601343286,0.5151553836390561
127,1.2585409552001718,1.2595670791591038,1.2596088702792505,1.2593114722774181,1.2589844471924154,1.2588674064949001,0.9305379484633094,0.8452831051739177
128,1.2251954307056678,1.2232664348283013,1.2222725946156472,1.2208142847677017,1.2198282130713394,1.2203716366379582,1.2988854978427633,1.4643334490133553
129,1.2743090398922552,1.2686000636505324,1.2702575516727117,1.2699216994194151,1.2700099117857198,1.269578674905009,0.9382958278288912,0.7205859526291657
130,1.040545428195517,1.0397235479211069,1.0398970346322678,1.0400291596885491,1.0400629282522997,1.040163100310093,1.023699771103466,1.066725582066953
131,1.1295883552825179,1.1280777050413626,1.127744128446127,1.1274135211657978,1.1282283327794715,1.1289289012473158,1.0268187437114802,1.0014718825267317
132,1.5378726715967932,1.538111141274029,1.5380741351890888,1.5380756625286605,1.5381144291315196,1.5380962828160085,0.8762957087005383,0.8198881174010624
133,1.1387595080441137,1.1388904391098527,1.1390972309858902,1.138600802316641,1.1388247918704333,1.139190251135084,1.004104180898029,1.0636813676366443
134,1.090630901799728,1.0893960853558047,1.0889610412199133,1.0882090244803337,1.0879299441217,1.0885297049096445,1.3778175043945455,1.6773392936384983
135,1.3020499518094657,1.3016849963632353,1.3018393166852724,1.3018193215232536,1.3018936433001187,1.3019106975149186,0.6510156453872211,0.7035348848693213
136,1.3884220533223728,1.3891924502488817,1.3890814253682169,1.3891380306356733,1.3890933436720154,1.3890094735832765,0.7674576734978444,0.6075406606896966
137,1.1254500141730828,1.1189427310799929,1.1192935105173054,1.1173561957315863,1.1184507605358214,1.1196370101719688,1.6579656194767785,1.249214902456225
138,1.1912252314370138,1.1895918294193937,1.1895911558256282,1.1894380947272878,1.189196346273678,1.18908353791575,1.024841702734846,0.9791683891724672
139,1.1803648409773337,1.1814797222464506,1.1810087358463277,1.181132528146578,1.1808067467012395,1.1808291606649945,1.0177158539016071,1.0333120195093248
140,1.1671092670136134,1.16998623856158,1.1703968146506398,1.1708037113435052,1.171452433369274,1.171058280424407,1.1320884146770331,0.9616137120687864
141,1.0825693975779802,1.0835582967838906,1.0830170258170055,1.0831851152116614,1.083136376237561,1.0829331809976304,1.0054195607443746,0.993247966584534
142,1.5153956429913942,1.5143734854728224,1.5146445647574898,1.516247085188916,1.516663762181555,1.51667545360483,1.4002193878150653,1.3168690025049532
143,1.2629169228179278,1.262289089911002,1.2617949241623627,1.2624666273288672,1.2626062926310253,1.2626293260030983,1.1396105027737895,1.2884181592357722
144,1.2570059856427525,1.2530826642930433,1.2535458552152787,1.2534901653456725,1.2522110782949283,1.2522854747759122,1.3313374180153366,1.3589823950382474
145,1.3120903505708865,1.3119338560571545,1.3120379538105795,1.3121677935112903,1.312106772626063,1.3121310002448319,0.7500152818921318,0.5785043067716784
146,1.2447401522507882,1.2411663438968175,1.241849429324173,1.2419786766778895,1.2417675531514205,1.2420765152545634,1.1054991168536896,1.1366495467645177
147,1.2049599195747867,1.207590445860532,1.207783267347436,1.2091149019770497,1.2090330484861789,1.2091424322994657,1.272809935870428,1.0180904591672906
148,1.360137645749631,1.3606903082857824,1.3606629427364743,1.3600468544472655,1.360056170314083,1.3600390157386293,0.4837582775259206,0.3379806037963787
149,1.6126438538456869,1.6125378501022236,1.612070160876226,1.6120853810946418,1.6120592995601803,1.6120815112403226,0.6356037978870337,0.6455606689418638
150,0.9840698388249038,0.9828032621329409,0.9834040057069973,0.984370271860773,0.9837744165899276,0.9835546219241577,1.298699490373541,1.270353056415436
151,1.1421451073280695,1.1410278657235164,1.1406733813309018,1.139675474537967,1.14155467645145,1.1423918952438703,1.6217590224450726,1.33574376215544
152,1.1906601513967372,1.1920496886684535,1.1919178475070786,1.1920078372588867,1.1915177074403454,1.1914756973077663,1.3698108839619596,1.4383187013847634
153,1.2148427877908738,1.2087246060762367,1.20862757845604,1.2083062364637138,1.2084321616315616,1.2090504651945457,1.21703026884975,1.079794870709574
154,0.9409289481511562,0.935405668459072,0.9371575827190434,0.93895170172881,0.938842614080931,0.939227645321255,1.264765160797687,1.6145115781563129
155,1.0655420372548314,1.064835381629738,1.0641728350233293,1.0636558744681883,1.0634026051049743,1.0634361552018101,1.033385465006581,1.1590504349682578
156,1.0390092680581848,1.0382461654639643,1.0392511037347216,1.0378297470259563,1.0376457143652722,1.0373723460339916,1.233654691869819,1.2517075323069835
157,1.1524568342710817,1.1508138234811676,1.1498308859162512,1.1497018396422736,1.1498702466999593,1.1494260628609407,1.236134647059091,1.2041780799730664
158,1.1779971626628827,1.1764251917824842,1.1767014616506914,1.176916500346462,1.1769664096013197,1.1769753011322415,1.260889752804723,1.2032613707779038
159,1.0415601920819249,1.0415928629840723,1.042087911565134,1.0422540808409388,1.042164791481128,1.0425352092861178,1.131396871795903,1.0168262020035894
160,0.9320383934845697,0.9318885597323722,0.9313858361108494,0.9319477684355503,0.9321529308265648,0.9322195163885179,1.3127370892527972,1.2663469210467249
161,1.2670854861235699,1.2675380820092228,1.2667587447443118,1.2656859615871388,1.2653956605442978,1.265547341886723,1.31685296106888,1.3140463695719182
162,1.0635542900323276,1.0618921947671092,1.061803229193045,1.0629628621221086,1.0630259562282092,1.0633679660166973,1.079825314051786,1.0961117684205994
163,1.1316896775445215,1.1308318898597667,1.1298818092277887,1.1296072945898865,1.1295696679831462,1.1286987392179728,1.3085908306033371,1.208669794824896
164,1.1608308007107369,1.1584102938206295,1.1571172545961204,1.1569570928469222,1.1567043576884033,1.1566265731735552,1.376991685352601,1.194401973257326
165,1.2111030396625686,1.2063695697806498,1.2061463949246949,1.2069912504965552,1.2072261836673777,1.2070363204305132,1.3519807429867268,1.3484163638291151
166,1.1265522001540391,1.1250274153633377,1.1250638366224535,1.12443940083018,1.124662948442784,1.1249421920001497,1.1853269502409258,1.1115887329267269
167,1.20946599217823,1.2088105338430266,1.2095187953380757,1.2092896481805535,1.2092763425113089,1.2095195087394657,1.190560898851151,1.204650048517719
168,1.2855303253962878,1.287701617659155,1.287584905933715,1.2873738665001702,1.287305471116142,1.2873441123432297,1.1435821505873751,1.1171671517654929
169,1.098743548149508,1.0982119352177264,1.0987308613940059,1.0985717667026724,1.0992271595490541,1.0993268509390726,1.0754452032600277,0.909078490844867
170,1.3211262620589102,1.3191905678669178,1.3194502449242231,1.320199978024888,1.3202279973021778,1.3200493979179362,1.0574720324807,0.9220506273993784
171,1.8219826079740546,1.8206664331174,1.820139867844209,1.8203800106669357,1.8205456244598237,1.8202952186276495,1.3115986735934968,1.0223794064138791
172,1.1320119959265715,1.1318764958180638,1.1311209031322667,1.1316740134045957,1.1315916132444235,1.1321023317144754,1.3093064810021426,1.1229315991279696
173,1.2983897125146826,1.2979176550880218,1.2987838163780265,1.2993358890600306,1.299785597383166,1.2999860361860986,0.9887826716588444,0.7958641726844061
174,1.163497176478386,1.1522237619443294,1.1383143518086798,1.1351802294328106,1.1326258561866966,1.1333087815107574,1.9451807312121363,1.4629340759332183
175,1.150510684156128,1.1506187475577518,1.150210370603466,1.14869123409468,1.1483524928909044,1.1480689748267585,1.0311562928209903,1.1500316267384394
176,1.1851653641875315,1.1855119444727713,1.1854535597962952,1.1854562695369075,1.185361444594702,1.1853991216681956,0.8432374733853969,0.8166521211800477
177,1.0209954005275392,1.0207931510224442,1.0215066100378154,1.021532196867594,1.0218048700926594,1.0215537107569725,1.1596334205718417,1.1819006692541287
178,1.1925556244597189,1.189598634399275,1.188537398212004,1.1863864537278341,1.1880903543559416,1.1873496739423,1.4424555209765464,1.4489595084099651
179,1.1868441574605688,1.1828910051566732,1.181403588383506,1.183821632412727,1.1839764293990405,1.183284752117581,1.7090478263985784,1.3528524643178144
180,1.1526190115386397,1.1502582047361047,1.1496034648829523,1.1495623847073386,1.1491953562806565,1.1490990440555415,1.046596775766416,1.0305163016011354
181,1.2064763314486178,1.208830118828382,1.2098825950876666,1.209733187731428,1.210261244050002,1.2100350923963776,1.3127889775631982,1.2733506463622777
182,0.8266690819710568,0.8261398657226839,0.8280486217074148,0.8279628408633842,0.8262996771873715,0.8268978357749133,1.226463901130926,1.3841200858495195
183,2.109016779635914,2.1090215787545126,2.109112165801061,2.108842339355822,2.1088280308435734,2.1089247973228415,1.241303369971143,1.2839098848539652
184,1.3422446497185407,1.3427113640035353,1.3428077138547592,1.3428819318729552,1.3432877964336891,1.343432241593397,0.520938585924686,0.3976942185896442
185,1.6426651380187716,1.6427089480717942,1.6430498997045038,1.6426635618548977,1.6429113127470303,1.6430686633461435,0.9934775896205046,0.8332002194085972
186,1.2735542126613268,1.2729032239787434,1.2721534017645395,1.2720449876037814,1.272298369460142,1.272399320735058,0.9547169015681648,1.0179550738152705
187,1.1653663930305918,1.1639166508777101,1.1624633695727722,1.1638885755633892,1.1636369633439985,1.1639774123478968,1.3431875136463638,1.243100988524602
188,1.2733427974863456,1.274255460812998,1.274362741711374,1.2738802778883034,1.2741107469561659,1.2741060912778213,1.0843496055691626,0.9795982748544774
189,1.3359590785964404,1.3370407698244475,1.3371558320843382,1.3374412308674426,1.337202528767625,1.3370814057462646,0.8397519393332487,0.7428363459384937
190,1.4174630410377698,1.419581866116084,1.419557391229297,1.419917698518146,1.420417811126528,1.420652079380218,0.7429086994633107,0.7213783668447756
191,1.1113168934728124,1.111220752515416,1.1092374331625061,1.1096569053672145,1.1091790689724195,1.1093753592079312,1.391786322890386,1.2808330048666787
192,1.1034904366214469,1.10399712958097,1.104832482156508,1.1043111249678652,1.1050908097354741,1.1052355970815815,1.2019961648426587,1.154318000856685
193,1.0752709227443962,1.0699050421823946,1.0717194227600997,1.0730959404031961,1.0744402773295163,1.073580135592385,1.1637226760819783,1.4030566550930124
194,1.3689226309588527,1.3680494834672199,1.3687975977570508,1.3688786958248627,1.368841475634253,1.3689434832231027,1.115606990133451,1.1960519528949374
195,1.2611613992623159,1.2605452814632478,1.259193182833321,1.2590210891262756,1.2586699564406,1.2587518707290724,1.475505334932873,1.2892200630169928
196,1.2694559595241963,1.2691966898857683,1.2685499325199803,1.2682702066458702,1.267872628362387,1.2679571820501856,0.923201205945603,0.7634871913765983
197,1.3249100922126997,1.321776684075496,1.3184018152251928,1.3176575425240449,1.3170550311880627,1.3175230442171793,1.1040404472786638,0.6525407514322619
198,1.0740646627596773,1.0724506733166468,1.072508646535828,1.0730240360419914,1.0721497815417957,1.0721628357197932,1.2728202594293072,1.2309167055525674
199,1.0921392380104478,1.092558816023475,1.0917629263601438,1.0922009031700322,1.0924459627723613,1.092473033929519,1.3179282205884573,1.2713769392958023
200,1.0822322977723684,1.078179535914631,1.077443649141536,1.0775673235304792,1.0774905125155823,1.0774405031585712,1.117414611855618,1.178350465292867
201,1.3005309641509186,1.3002473452039969,1.3006890592295268,1.3007607888059047,1.3007593834928275,1.3009324024869637,0.6529429608396063,0.5380981177794452
202,1.547590735682218,1.54716537856222,1.5467328852765962,1.5470692200143696,1.5469738981268741,1.5469782406700112,0.7356679232311736,0.8289278631059763
203,1.1529935997376075,1.1489525574801982,1.1484685137953348,1.1478062908993405,1.1480132879749667,1.1481694105603764,1.0964687035752707,1.0879341899084067
204,1.2841331001511551,1.2841743470193865,1.2844065835526155,1.2846488656198691,1.2846734988843556,1.2849201911404329,1.0452651578911831,0.9768215301650108
205,1.249676197017128,1.2504637299844275,1.2501248361090667,1.2498615050857018,1.248913654626103,1.2489082645823364,0.8264637566687091,0.7904451368687136
206,1.2711871901587821,1.270505167329665,1.2711929557558788,1.2714553705770657,1.2719355283789076,1.2720197417379042,1.1091366515585444,1.1567728821585492
207,1.05302766028707,1.053248601472831,1.05246205508119,1.05256953636548,1.0523194602992378,1.052353151657184,1.2400586147675972,1.27438822697819
208,1.3419424630585992,1.3412560812005518,1.3413826331949619,1.3412335778458344,1.3412753148923895,1.3411110096682646,1.141689580380985,1.2524346334516
209,1.439813855604615,1.4395571230098805,1.4390850622212885,1.4392646568549559,1.4392363860456365,1.4394381474240106,0.8072706836973663,0.6438740855933591
210,1.1184698049794009,1.120277575467984,1.1194479033245006,1.1190469609691236,1.1199439495178196,1.120113898332312,1.4704333348191212,1.2758669251242818
211,1.1607669942037315,1.1588950189693996,1.160028520340802,1.1597394261414802,1.1595170684038105,1.1588454507117805,1.1589803502309508,1.130708521688211
212,0.9795152806431878,0.9767923879709394,0.9764062670265694,0.9763303845153031,0.9775725416979505,0.9769612424868571,1.4063223433996843,1.4340706626471027
213,1.26851651397042,1.2664178502625252,1.2661653462641576,1.2664644224244406,1.266696366231266,1.2666970099190975,0.9118765396685764,0.7531790133502241
214,1.2953455845340511,1.283862148959506,1.281933178203883,1.2804721939314365,1.2771144207437188,1.2747281586734365,2.284364334909049,1.360297627317293
215,1.0744570169209526,1.0739212391025228,1.0735998410519343,1.0737093796058763,1.0740390572573741,1.0738816331823458,1.2731930983738566,1.356352645288655
216,1.1118668718438938,1.1120253084338214,1.112440745311194,1.1124158390795353,1.1132683108623977,1.1131526572528503,1.186769352041085,1.1778488735306651
217,1.5390431493810341,1.5391135296770113,1.5394760118826056,1.5395157976297722,1.5396950885333898,1.5397131640213384,0.811324883407227,0.7443775127889224
218,1.0404583117307427,1.0369846218762218,1.035669894668992,1.0358885433087965,1.0356865425893018,1.0359165256583243,1.302822464612617,1.149443091866384
219,1.1418261295179382,1.142320289131711,1.1419916847351064,1.1416295794885694,1.141425833444498,1.1415640829267246,0.9259199606110394,0.8142067011343501
220,1.6503701504013826,1.6494211274990938,1.6498024283407682,1.6498658745196717,1.6505829363886246,1.650397982315321,1.250952691323115,1.097230916183407
221,1.2076540351525387,1.2073422694171558,1.2064661414167561,1.2069226351241882,1.2071786321465923,1.207304061663507,1.142926983364066,1.259439485176752
222,1.405185100861089,1.4021776701011237,1.4014987592569599,1.4018585244517006,1.4021201343424943,1.4023095720178762,0.9677063285971466,1.0621420120304377
223,1.2656152097715578,1.265810221268738,1.2658715685676551,1.2657943516487498,1.2659937391352174,1.2660604663200192,0.9525985351676036,1.079159552175668
224,1.1195636584858244,1.1204835493015317,1.1206123864818773,1.120469722308708,1.120306223412006,1.120251044279876,0.8846647198029062,0.920824348058756
225,1.0692267656788208,1.0691828905765892,1.0697914943015299,1.0696715622107802,1.0701777327943676,1.0705181000803736,1.239373206223401,1.3084957463684497
226,1.4099311411508313,1.4096489052288805,1.4084344203561985,1.4072211888508535,1.4073247706210459,1.4076287357595227,1.2641146341641276,0.6655451311262928
227,1.2131093911259492,1.2135389484671613,1.2139970769530553,1.214206551161788,1.2130737836285652,1.21293891558427,1.357954797848396,1.3418937732633376
228,1.1644831425765425,1.1644197563407748,1.1640811328538054,1.1638652768860165,1.1639314096097113,1.1639224533296688,0.5459190851045335,0.6378936379984874
229,1.3233701463940921,1.324217812207988,1.323612644053958,1.323599459586934,1.3236419128491368,1.3235310858101037,0.937888472155501,1.1051283598911636
230,1.0721465374831587,1.073206864124012,1.0712683678819621,1.0666035318285987,1.0673630676644195,1.067893451856656,1.3590732149904523,1.8276628362907972
231,1.255610464168109,1.2537303560281778,1.2534704175159077,1.2535902056298354,1.2536856327799182,1.2536257879764592,1.133184263288714,1.0288369445794912
232,1.2511510502647192,1.2504917212853925,1.2510115336086989,1.2511704663173067,1.2512428670068945,1.2513135288541017,0.9004609657610678,1.0482351294071468
233,1.3128933420810847,1.3104778606354779,1.310387368478987,1.309846924536983,1.3096185162089091,1.309408742315651,1.331457083071137,1.3144621979987496
234,1.2128711794373268,1.2134480884537815,1.2139350415442172,1.2131411726416168,1.2136247094247543,1.2138339018592743,1.294428692399053,1.3925014037782164
235,1.1663894230766159,1.166735846164016,1.166777225804446,1.168067396030849,1.167948349037958,1.1679532424115182,1.0716836459871169,0.9802679426108496
236,1.175756352119321,1.1777176532268407,1.1782824171402724,1.178104429078221,1.1790534715016818,1.1787341079296632,0.9900017464225191,0.9776840349841014
237,1.1850460803816114,1.1812851477345765,1.1818774602758944,1.1815766878692262,1.1813910074476286,1.1811392321110845,1.524204406763338,1.27896174218522
238,1.3678278170047262,1.3690100045085196,1.367757236849269,1.3677087263857044,1.367418107886995,1.3673549804388556,1.4389283413525618,1.0859887071745171
239,1.3124277000525986,1.3116914298727742,1.3118605266208074,1.3117301072490921,1.3119322063322147,1.3118541833658348,0.9755308412262256,0.8278775087355669
240,1.3579969604839597,1.357839624768845,1.3577639783105064,1.3576793219502101,1.3577103781028046,1.3577127248971523,0.3235350215268155,0.3130723913536229
241,0.9399159115919951,0.9350339438595271,0.9329655289392056,0.9310954205934396,0.9303568350427804,0.9300236732606855,1.7115848355340924,1.3111126372383004
242,1.1594956952770967,1.1602358816474299,1.1607161044401735,1.1607911734461418,1.1607996927429254,1.160691294127645,1.2040683178491782,1.1026352450665402
243,0.9597935672181535,0.9597746937863721,0.959398620342896,0.9594417510538995,0.9592931134795258,0.9591993155496787,1.1135654582741,0.9479535920662392
244,0.9890484909725118,0.9831511543044771,0.9830251225232919,0.9839739152934648,0.9847762550266822,0.9841314841147578,1.4429882759364654,1.2010875795351148
245,1.3295670520789447,1.3302259032602757,1.3305669841090426,1.3305574209024962,1.3304412902454035,1.3303922473635679,1.1605243621215156,1.1409738389462325
246,1.2807095850296608,1.2806934238354981,1.2804580713809222,1.2803797647434403,1.2804002099451766,1.2804223177567973,0.7809056670426022,0.7488178286658913
247,1.0620065955336788,1.063970579220389,1.0623026989456987,1.0618745810475878,1.0617310060330456,1.0609382928525288,1.689446927857613,1.2581939517425054
248,1.0790661055836157,1.0784140097174355,1.078831096578811,1.0784578551040307,1.078541264173915,1.078594363230307,1.1298116721146694,1.0892799000606102
249,1.3002816148811358,1.2997979938922282,1.2993428763351238,1.2993374885608402,1.2994098598118733,1.2995465440630325,0.7267928921984631,0.6023232576509688
250,1.308937084521261,1.2989356954646785,1.2990851675605055,1.298243292293244,1.2985146396796277,1.2981413870886431,1.5244910398445657,1.4976594244383754
251,1.0574725735022128,1.0649058834782121,1.0698332867471754,1.0690168158748157,1.0695491482339958,1.0707156728833802,1.3448724642740622,0.9833604992254342
252,1.3917416689371223,1.3921038838371305,1.3911331488036178,1.390908559562295,1.3913429401212964,1.3911421451186645,0.9968936073183828,0.8114551489349273
253,1.2130900759446912,1.2068968392912878,1.2079271202937358,1.2089239709175703,1.2089215268763494,1.2092010609270558,1.7574726300053214,1.0249940443809913
254,1.2230984589782297,1.2239768856023192,1.2234389439168456,1.2235241438554405,1.2236420862890924,1.2234004137458359,1.3574915361960371,1.3105065108364138
255,1.2207465327133236,1.2166599699426803,1.2155936685782556,1.2154153348794599,1.2150278967076213,1.2149894138832773,1.141711545153988,1.0854844040334417
256,1.0958125998126527,1.0966085663677194,1.095092870657115,1.09621909638342,1.095624335284664,1.0960474617314087,1.5480439562864217,1.6094007277632283
257,1.1384045109323258,1.1371062959808909,1.1373648788020525,1.1371391256530148,1.1365887921968072,1.1363004339282279,1.237376092941317,1.2685032071391311
258,1.2512621905276367,1.2475259762638449,1.2464656214249648,1.2475840305451562,1.2474114180881737,1.2480277519468481,1.3376687210798164,1.5970139497318558
259,1.3640301194321645,1.3659550908249891,1.3657551806002217,1.3647235302176484,1.364431526744645,1.3644334500534756,1.1956450720506078,1.269324371180804
260,1.1347494376958278,1.1243826210069,1.1211204040622156,1.1205944728492796,1.1224156733749147,1.1208089939830579,1.5254424866200074,1.9227539962548432
261,1.2942538784440714,1.2881306365620964,1.2879380143415988,1.2882934206917103,1.2884501065208833,1.289079365040799,1.5449042403023128,1.1901998572476649
262,1.1533888242452532,1.1531430962043343,1.1542004948691338,1.153565003586507,1.1522455375191432,1.152520805884493,1.2906134794336903,1.474407479982588
263,1.257471565230144,1.2589460944455686,1.2592401347533078,1.2601434238064153,1.2603122519180454,1.2608816492479178,1.471525808323349,1.218863238315513
264,0.9141914108049325,0.9087739458638294,0.9092111598798676,0.9085019292116799,0.9101411585812675,0.909845364009083,1.1347697579844598,1.3505578694957177
265,1.337028121422529,1.3361463979503503,1.3350908264008123,1.3351071008818403,1.3352244566867335,1.3353912237400019,0.9137115522411812,0.8281581959756226
266,1.184710721239703,1.1860368095693736,1.1863667361664534,1.1859878182591048,1.185918470088394,1.1858311506095676,1.2294061000861518,1.3435488891984435
267,1.0854559092781977,1.0818151478820601,1.0821139145033027,1.086942400573533,1.0867154556076213,1.0870832945438014,1.5323514654331287,1.1463416385762948
268,1.2188533704475732,1.2172793838388134,1.2174783964911313,1.217066481340499,1.2172736551737118,1.217395752997447,1.3485272088181952,1.345644686090088
269,1.0235407858999714,1.0226142281822392,1.0227547742794842,1.0230124122690303,1.0229899360876538,1.022718761521636,1.3044991586273875,1.1831350307804622
270,1.362231182101388,1.3660742005582336,1.3665983843554395,1.364977214097834,1.363526289550019,1.3636415334291567,1.3630269135584852,1.203024282644043
271,1.3132520693264245,1.3026834128845075,1.2979695497570207,1.2958608737438437,1.2990613966549143,1.2996537377504238,1.901508968632353,0.9949757055545732
272,1.2065327749518384,1.2073679806948021,1.2083297275994433,1.2077191561740501,1.2073065090285544,1.2073345237812023,1.4059541165583902,1.4595620731788532
273,1.1946644537836038,1.1950328348383157,1.1965460867423447,1.1954732053159065,1.1966155754338534,1.196571517948361,1.3153202897465122,1.1218189516782469
274,1.1202042234098952,1.121438558340945,1.1210225841626915,1.1207065196009578,1.1202450897151148,1.1210137574968184,1.1342922664818256,0.8882918784990537
275,1.1626398749538862,1.1627527008229197,1.163334366615937,1.1627594756389874,1.1625838073064283,1.1626995434103817,1.2360587588383092,1.2453656142551797
276,1.1167797166251126,1.115919542035216,1.1156714581199199,1.115567180950134,1.1151287876524878,1.115260810690811,0.969642333642346,0.939709480069164
277,1.2501283051743752,1.2451098901400053,1.2458978123060651,1.241757970770806,1.2437976473469017,1.2425249996002226,1.1992940647299506,1.8137311455259515
278,1.4360007546840015,1.4326203994271938,1.432180465311922,1.4317654387530971,1.4320843922569348,1.4319890991635877,0.7381896182582502,0.7433893041848674
279,1.3747978544177717,1.3752868218379397,1.3754427161555969,1.3757767024129641,1.3758450603319676,1.3757515722854357,1.1680215459776304,1.2168574043497384
280,1.2989124951923752,1.2988655631053836,1.2984271308832345,1.2985451159634176,1.298326094443707,1.2983327277852768,0.6225462685293729,0.658273804879441
281,1.2625313070569124,1.2634398176778205,1.2633440641242453,1.2628525075981594,1.262903452394967,1.263078418595075,0.9874282428494178,0.9916733454984216
282,1.1995531252281646,1.2001762639087972,1.1999925863030227,1.2001856375865052,1.2008208260418831,1.2008576246561975,1.39433195721286,1.18096669208722
283,1.2839861536806,1.284515350460335,1.2850990034298626,1.2856054652481905,1.2854216477948108,1.2848821431032924,1.2167255709665106,1.1181857138119322
284,1.0637599116677667,1.0596471695227208,1.0591389800264281,1.0603554293750075,1.0611933214545841,1.0614761723545458,1.2718248231195768,1.6003483298701753
285,1.519498964194423,1.5201371041058294,1.5200864820894324,1.5202793721737538,1.5207109563887757,1.5209052895110395,0.5831915156067575,0.4392096282446575
286,1.347042288348675,1.3468718284382697,1.3475777024365478,1.3473291226022064,1.347170142277726,1.3470441683554117,0.9678834584833754,0.7603189608387821
287,1.2521049400232547,1.252769743825525,1.2524948705893977,1.2522748474389311,1.2524881053967987,1.2524425006208137,0.6734966556451635,0.6060645608844827
288,1.3349416608293252,1.3367011707396803,1.3363995007288505,1.33668683285276,1.3366571500649769,1.3366979979472247,0.7549668285800862,0.7943216010607721
289,1.1716149679853423,1.173289156962228,1.1726518641271557,1.172102832369842,1.1725322026576472,1.1723557766383086,1.281495366839419,1.249202627695846
290,1.1780122215958038,1.167266678973984,1.1670117311066814,1.1691983741428411,1.1676594162826281,1.1682408528965273,2.199925742159598,1.2234540332848258
291,1.0378661985069295,1.0381696080116205,1.0378526927293805,1.036743155463704,1.0363395641543505,1.0361247162623715,1.3402867898640929,1.3536046338562475
292,1.2802511215692425,1.2777749098255191,1.276723970913066,1.2781113646963072,1.277317252723287,1.2773390742398665,1.2747982945008411,1.5135238382778198
293,1.2705973762531395,1.2718450546703794,1.272318503360653,1.2724787505881499,1.2732863189980592,1.2735655870574196,0.6246600691661446,0.4995204748402408
294,1.1841830382109229,1.183312019770439,1.1829600715785473,1.1828375832780074,1.182814352422581,1.1829566078073057,0.8192666119383777,0.8344299994059813
295,1.3894889347697001,1.3895067045969482,1.3896007624034306,1.3899137161827722,1.3902232364619662,1.390222690618029,0.7546833021011351,0.7731183500282198
296,1.3666267711023143,1.3663115961442251,1.3663310599958904,1.3663590183576786,1.36620853363102,1.3662433744620621,0.4591384885342499,0.3728393821956777
297,1.4753783654179098,1.4759047119188766,1.475200216264002,1.4748443712510433,1.4746911751958969,1.4746303207161167,1.1169231448681645,1.1699429847650589
298,1.1057044450748084,1.1059387849080995,1.1055771903289708,1.1055685595554943,1.105515151543021,1.1055334118658826,1.3262176129401817,1.1726964693906174
299,1.1432032693174403,1.141218631471075,1.1403403276440915,1.1407610303430413,1.1403978963850714,1.140668344071493,1.4627260864327618,1.241691676850993
300,1.151446282443329,1.1512919317217671,1.1527503919391033,1.1523526179571997,1.1530021683804168,1.1530481206376564,1.475037730028073,1.160953184161286
301,1.2563725501155967,1.2549861784498213,1.255399809687156,1.2561388140165997,1.2560833684889587,1.2559270142387058,1.321219454447783,1.178940214978519
302,1.406562833196319,1.4091565243416715,1.408901169829446,1.4086650366834679,1.4081923820999098,1.4081512376025924,1.096972099958076,0.8184578307857433
303,1.3010514352788303,1.3020420205461163,1.302755471994484,1.303489829886046,1.3031152407685223,1.3025035759517951,1.6293175814560252,1.3172188180931763
304,1.1992939567204945,1.1951655762362132,1.1971496978190732,1.1969386526522547,1.1976080574370216,1.196916829630257,1.2747090453271317,1.19369564809306
305,1.1982787249132913,1.1983499164888594,1.1985752362183695,1.198784688689229,1.1991556491805158,1.198969132301342,1.245556039469079,1.226753258484825
306,1.0809571702901324,1.0740998674212678,1.0709090337811529,1.0673831276603376,1.066720534489194,1.0636058546209641,2.2031204143838936,1.6524472110324318
307,1.383281346418294,1.381607672107294,1.3816215875535194,1.3811788491497619,1.3811330090477112,1.3812296096394994,0.8365392455335491,0.7366842684865286
308,1.236332555651362,1.2370775627621013,1.2371516373279972,1.2367067687695774,1.2353121291197373,1.2355756428732299,1.36594252731789,1.075590380916329
309,1.1470364691613681,1.1434890078261377,1.1430446433208847,1.1434011071428287,1.1449545194053432,1.144776257327758,1.4365212987802378,1.0072674918847684
310,1.1059470063318375,1.1053423220221832,1.1034452031582325,1.1032444451251655,1.1029320683136483,1.1022389633312446,1.3260477957438987,1.1130085744219136
311,1.416995546445311,1.4172504520345603,1.4177177992870191,1.417902392659198,1.4181746965859454,1.418296888226782,0.7015532391352753,0.5604668918286602
312,1.0611966057045163,1.06100545841381,1.0599458285338055,1.0599906410163935,1.059956881696397,1.0599012592926291,1.314936911979899,1.2110510690759957
313,1.2427169951791004,1.2420469124415165,1.2407318457347214,1.2407994075232232,1.240382677141579,1.2405960630844544,1.1900572466696189,1.0983650286352828
314,1.3644384194381043,1.3651800568815589,1.3638927486024126,1.3657211829880553,1.3649187454949736,1.3646945166707207,1.3551890266675897,1.0605560245270922
315,1.2396417518035867,1.2374989053790328,1.2373913540510866,1.2376578981254303,1.2373284730792116,1.2375195059099893,1.016839623078845,0.9973320921543818
316,1.2470018007904595,1.2490133313288236,1.2484691185620316,1.2478223403516187,1.2472603022990234,1.2473463600016568,1.195484810953995,1.4699303533801558
317,1.150089988098872,1.1481658166644297,1.1467953678203353,1.1467816264759878,1.14625509403978,1.146369507245801,1.292805126376554,1.2900546861823534
318,1.3221961729255673,1.3224933481370413,1.3281185580605004,1.329400829082522,1.3272591421613193,1.3263812844503085,1.756771086996436,1.2511179894251307
319,1.203157881127921,1.2005929297693672,1.1996121486469162,1.1997928072718709,1.199859690301323,1.1998781405486258,1.0952623941011117,1.0981524379199383
320,1.4900764601356056,1.4907209087282136,1.4901351945483623,1.4896279614708667,1.4894919253437833,1.4895107082206467,1.0393854603424166,0.9376092451659466
321,1.249757177711512,1.2478042801100786,1.2471966656817626,1.2502326911494157,1.249384023650906,1.2487972734963526,1.640534113699322,1.2425771706857778
322,1.102790465406879,1.1029299077905734,1.103311423571688,1.1026058731975847,1.1031021188446948,1.1028426190677012,1.3356497666744878,1.324009571768836
323,1.0849817002972306,1.083332385313388,1.0833375569386816,1.0835953555269766,1.083710387552944,1.0839020495875669,1.194587452282775,1.155868295595475
324,0.9268861936795784,0.9285875823285714,0.9281644346868734,0.9287225606177112,0.9277394223341715,0.927911829445899,1.4421745203335503,1.3069364507564172
325,1.4059195223408305,1.4039110353296116,1.4025654658724098,1.402062489509743,1.401538540822206,1.4019943533226615,1.5675983798786952,1.2192659101354884
326,1.1319306321240308,1.1311902885489742,1.131235901302444,1.130305274580019,1.1297992144071427,1.1297452703717596,1.0978355784315694,0.9803406904571564
327,1.1792624433255268,1.1746295306913108,1.1724653943610774,1.1721666023755613,1.1702654419851413,1.1711682187012602,1.2847203838968682,1.799317624429892
328,1.2243019570591878,1.224227356777955,1.2218782770551688,1.2232992013199526,1.2241038646248517,1.2238571705330372,1.318839002129704,1.14372461957383
329,1.3899845718603216,1.391673180242039,1.3918726246466029,1.3920732679532217,1.3922604077677956,1.3923270646227708,0.8446106463683156,0.9423483498370268
330,1.0727384145529346,1.0699906368426972,1.0691817242987716,1.0696477701518492,1.0705633526589502,1.0706618324321,1.1497813784892972,1.2098565994179866
331,1.0177266327953784,1.0149245257490298,1.0149724694975908,1.0155649042626407,1.0154247969563408,1.0155345655416947,1.366129851347159,1.1760029222988426
332,1.3411202279736418,1.3406449595810972,1.3407667597519781,1.3406227054957978,1.3406384331036856,1.3406980688638201,0.6113953302885847,0.5571357757974243
333,1.1448403492662564,1.1450735896485322,1.1444220988827827,1.1448058990477687,1.1447242309992094,1.1447747829567927,1.2173216226231036,1.1879770685103244
334,1.0943349089917496,1.0950168568113925,1.0937091343348533,1.093383439166822,1.093541355400681,1.0933876445202768,1.3735201726872623,1.4895810735569994
335,1.038256717193048,1.039743721870337,1.0386430328510063,1.0380081813139983,1.0383773438533457,1.038002914196833,1.3863073497508116,1.3416303058021932
336,1.2769820631588895,1.2763342677062832,1.277099876769808,1.2760886682120833,1.275984152455371,1.276110792934569,1.1998320029123717,1.3156506293998504
337,1.5493527147484516,1.5492480816950833,1.5496515018766346,1.5499966078846716,1.550065526382758,1.550204584713457,0.7575069064784031,0.6919248134860954
338,1.2860307987699717,1.28744599981893,1.287876577890801,1.288247045700567,1.2880661157753874,1.2879487632865187,1.1406983015222123,1.0830093631951705
339,1.1339783555692857,1.1321575097279688,1.1257217130660602,1.1297934453066891,1.1304080980167142,1.1291030797461028,1.3850535982515677,1.761389822805309
340,1.1437776349207842,1.1417318850181586,1.1409563506490474,1.1409273227818963,1.1415629049690044,1.1417546804446768,1.0382880164010742,1.1482715705146496
341,1.1742095861294566,1.17476961049448,1.1743320225747664,1.1737556248205263,1.1730750011269686,1.17285790986972,0.9710665516524204,0.7975779540856405
342,1.0611529742768269,1.0579661719132762,1.057984905321456,1.058942548832994,1.0596281925764348,1.0602838348346129,1.2636570734469834,1.363740480501615
343,1.1461382385988506,1.1439953409904253,1.1436573689809193,1.144080958524521,1.144910581752059,1.1449604175266612,1.272718203739907,1.5304825338983974
344,1.4282848185101455,1.4287046668075634,1.428676703998161,1.4279340091589543,1.428348816880661,1.4283385805699855,1.070050445036089,1.0324425210182069
345,1.1474617960509246,1.1412999786219784,1.1416577017335514,1.1412932573764971,1.1406137722572598,1.1402267471540077,1.5528798877488703,1.190308803527716
346,1.199431372526953,1.1968003020469515,1.193519095364534,1.1927688525333309,1.1929044075111621,1.1932836276214067,1.504565191496939,1.624350247371512
347,1.1765679599537955,1.1750733973520924,1.1728612059277919,1.1733847368304224,1.173477145663155,1.1736293259009376,1.2519637384133555,1.20975118739481
348,1.2740660185076917,1.261192439696378,1.253025355553702,1.243115692759678,1.2425988722280792,1.2407795654104425,1.9736750653508983,0.8400181842388781
349,1.0419364583530664,1.0391344247621395,1.0386899044433728,1.0372980031126777,1.0376710841848324,1.0377638472244914,1.301421795040344,1.3231052523860354
350,1.2985414173911993,1.3004010873680583,1.3004420839607649,1.3006284021546561,1.3007278070491894,1.3005696721262394,0.7142191466039448,0.5683735245964601
351,1.6893460093137531,1.6866429536100926,1.6868155392516402,1.6866935192682648,1.6867534011973726,1.686573358326509,0.6659488244849827,0.6451107875363223
352,1.1833056833273976,1.1640508884924625,1.165364441532227,1.1530823345127295,1.151375396854944,1.1503051629289982,1.7746048320054113,1.244630275375407
353,1.3883900289810456,1.3880896531420113,1.387877172623787,1.3879887104472115,1.3879278392875656,1.3879862462112684,0.6165550609466677,0.5765275509832564
354,1.2220935512838635,1.226120407292844,1.2200503992403537,1.2157794236100143,1.219034317537621,1.2189744023243483,1.8874595890488852,1.290557075850994
355,1.1062668522229502,1.1052285725629982,1.104148586074923,1.10364529797997,1.1034998574483807,1.1035594986901511,1.287399952426272,1.1357619298684964
356,1.0679169331429574,1.065249795781724,1.0592674704867477,1.0580529409778203,1.05821427988101,1.0580562484772837,1.6377484367039656,1.1534056276926217
357,1.206594357875594,1.2072497150459427,1.2062154715435771,1.2042676824078795,1.203620416489271,1.2032193003358158,1.4730613890449635,1.5712937544459435
358,1.060208681723958,1.0615739093004861,1.0569304223739646,1.058014522726092,1.0564698438333453,1.0566971744995788,1.4227714529233422,1.4746327920437785
359,1.0982213872830586,1.1001573737548354,1.0993505318238947,1.098242413204388,1.098498931543146,1.098098024440166,1.5033945017367896,1.2698354642252532
360,1.0767171365060884,1.0745468573469434,1.0746591841672222,1.0756994743178898,1.0766379547844627,1.0768112533567555,1.457779406679667,1.5136495737705988
361,1.1093899977190431,1.111111378985187,1.1108564189795258,1.1109333665055807,1.1112385590407798,1.11115912818471,1.1495387057177346,1.2564312392929464
362,0.9785468588095266,0.9783249306691195,0.9773865580719656,0.9754947460107477,0.9737502102014423,0.9739152590372644,1.3560632355765705,1.517307764903517
363,1.1649814853006282,1.1634951454473224,1.1636031319035118,1.1636971608621132,1.163892087495427,1.1639659734392986,1.0909529364337327,1.0433360838725605
364,1.2471214518743357,1.2464780409293692,1.2456741224277597,1.245931005771156,1.2458219229866627,1.2456619713265145,0.742079226824498,0.6450176532944112
365,1.4094682725714813,1.4070035882697804,1.4071580960531538,1.4075718051239468,1.4077875810674376,1.40779359879199,1.2000575596924343,1.1483733726085843
366,1.081164330930583,1.0795461258425147,1.0797657533190705,1.0793894543348674,1.0786492015225957,1.078610454754678,1.3311554108236816,1.196320432584864
367,1.2523878736609384,1.2515868503008758,1.2518925438783248,1.2521610042079507,1.252051262477291,1.252131261673433,0.9191246276593464,0.7828058291956748
368,1.303981604851302,1.3036029025033302,1.3033131762037375,1.303722826559311,1.303704950355718,1.303904976559796,0.9966978673567944,0.9761818184108634
369,1.029164752485359,1.0295608819857074,1.0287519120344562,1.029089588235352,1.0297096828325358,1.0305441985463393,1.3083581382259868,1.3531107721995943
370,1.2596785128526231,1.2558983077078145,1.25703000692877,1.2546495540459017,1.2552713313344597,1.2554117867187,1.361716427151723,1.290962804446438
371,1.264359144660709,1.265816852154385,1.2657935005947794,1.2659755063142517,1.2662970080234472,1.2664445845663894,0.916042787813978,0.9288496035339564
372,1.130653768425396,1.12969642326041,1.129484659296818,1.1293127335817699,1.1294051724242447,1.12924164409243,0.8568091362139739,0.8114316057008578
373,1.1206622338418004,1.1205481044603065,1.1150782062590918,1.1146172630357862,1.1148450800982275,1.1140833972726178,1.3459644165553863,1.5008867359396971
374,1.0174487656964122,1.0153724835137679,1.014016236987666,1.0137787258843562,1.0129524793320313,1.012906885723655,1.3174415934937955,1.2780138685637767
375,1.2419622565579178,1.2413433494043478,1.2410366016187897,1.240745565983989,1.240664984304582,1.2406180583719697,0.9770744182928404,1.0376621509870945
376,1.374779726851247,1.3746974960022935,1.373511738024277,1.3723180804634678,1.372921753587927,1.3731092530546394,1.1944621655421572,1.8325330260968016
377,1.4719814736617605,1.4729286366631062,1.4728136261533704,1.4737796600877906,1.4740895100182727,1.474375973186035,1.240139708675949,1.0616337130082454
378,1.259234251571643,1.2588953125584637,1.26016983373534,1.2598268176111307,1.2598587898198201,1.259534468789095,1.2200534125029705,1.1609628522289708
379,1.3086041915834046,1.3085765899179982,1.308701593584297,1.3089241776111418,1.3092472788924916,1.309368287273514,0.7721143107177966,0.6182287419034879
380,1.332604738555245,1.335027676057041,1.3341631507470382,1.3337683615750349,1.3337222135709774,1.3337516015663022,1.0745270054184377,0.967828887432652
381,1.2346263115835865,1.234371266195198,1.234681156393285,1.2344590523146233,1.234585533745861,1.2346874462636288,0.6628146166246257,0.6272569582208751
382,1.2302634948310016,1.2302504582454787,1.2298372425982738,1.2299419093193542,1.2299912196875304,1.2299798322337778,1.3120674022153234,1.17790615335796
383,1.3228414507534247,1.3219067085685918,1.3221747164253252,1.3222956311714293,1.3228038091970793,1.3227279150624873,1.2580252727068355,1.2007476088124849
384,1.0895330230715787,1.0886103546525077,1.0886156321533162,1.0881679465468679,1.0892822910494033,1.088580654794813,1.4226123230378394,1.1867055765056314
385,1.26968819465372,1.27075614147197,1.2707035913118436,1.270577822266106,1.2704026402190132,1.27037787369605,1.174513530498139,1.205447616871274
386,1.224325372700752,1.2247846181907613,1.2238591523708797,1.224633513263803,1.2251051701956166,1.225245253230978,0.9450557071608612,1.0026486976552604
387,1.2203629871726809,1.2065667417406205,1.2016304866196157,1.2010827877061077,1.197147696830267,1.1920912394994139,2.090996130678974,1.32378639860026
388,1.071317551824863,1.0714169144274255,1.0690583785898307,1.0685429615452353,1.0688891441361281,1.0686739003048649,1.3072663527025097,1.281859519362542
389,1.1794421301668736,1.1805001597192692,1.1798363388929116,1.1806698345904705,1.181411942603601,1.1814572384826691,1.0887228672687466,1.018196465889292
390,1.0918690642113702,1.0921015667319158,1.0878847533300608,1.08757759462195,1.0881615502010717,1.0877051735418253,1.3840478914874228,1.3656728335034112
391,1.1583838422580675,1.1579846726557312,1.1554767185754493,1.1554946076892996,1.1548144832281038,1.1548915320409985,1.3198633249230318,1.444576839471988
392,1.120408158453249,1.1178682139795038,1.1183115801443528,1.1186365731647694,1.1192190834446056,1.1190947622134277,1.25049982613732,1.1451550736621243
393,0.9410283229237727,0.9390446994190967,0.9390881160144717,0.9389119103699284,0.9387543114019086,0.9391012922878169,1.0783038093479531,1.1291473270442107
394,1.1476113426268082,1.1440136173801851,1.1419273350168855,1.1435218743211355,1.14281569189028,1.1425031973432578,1.6504306039150365,1.241604299520232
395,1.4539448430714768,1.449775116488032,1.449722597205641,1.4504175463625366,1.4508930213603781,1.4517905378566272,0.8010640374720863,1.068421311404275
396,1.2106910564272313,1.2058292895291594,1.2058806196130505,1.205919715044115,1.205388402865372,1.2053961454870668,1.338487588222301,1.0906905964189424
397,1.2211149005953033,1.2247242912553933,1.2245639726956874,1.2231324474690968,1.2227012604603336,1.2228817223967432,1.3207035847347646,1.074892872368083
398,0.9665273028398488,0.965533568531708,0.9658837576525016,0.9660064173555947,0.9656335511098523,0.9657321715939208,1.2792571973443565,1.249762117817603
399,1.5118374204909364,1.5115174619506195,1.512158669784162,1.5130412925815708,1.5128787962127632,1.5129342839354334,0.943789131396994,0.8944230481597552
