,window_size_1_RMSE,window_size_2_RMSE,window_size_3_RMSE,window_size_5_RMSE,window_size_10_RMSE,window_size_15_RMSE,Exp_w200,Linear_w200
0,1.1268247050946751,1.1245738676986459,1.126501965491734,1.1282744921696612,1.1286337779710283,1.1288024365871305,1.0531671389017163,0.9944316148451366
1,0.9408146265053623,0.9460480986806824,0.9546322665761079,0.96005034711761,0.9635133840228451,0.9654852515760429,1.052613455781756,0.9175121280752506
2,1.2464342202313714,1.2406656326120247,1.2401190615044306,1.2401495057132081,1.241682498366879,1.2416683244729294,1.10455409287666,0.9864384003719894
3,1.1643134177041237,1.165359786998945,1.1637458961979175,1.16495166365379,1.1647028788939038,1.1645264431189626,0.9540723070690638,1.0035848059494363
4,1.1209560660016968,1.109037115284554,1.1100481684430152,1.1083879924122257,1.1076684426897785,1.107493892263765,0.8594164214352034,0.7594320380324499
5,1.1922791212873718,1.1907965796427524,1.19067633843838,1.19078123338932,1.1910626434643545,1.1910095750619367,0.8319867604724309,0.7984581542314214
6,1.067181311582814,1.0701602409591244,1.0718455410174763,1.0734097541359218,1.0754435586632476,1.0761216414437575,0.988109273899571,0.9361003343354968
7,1.036629640970768,1.0365446787178094,1.0371189930968832,1.0373223740468578,1.0373070689945705,1.0374643533267505,1.0774411764216432,1.1040442464348543
8,0.9219676217767695,0.9014822602354923,0.9009176099619148,0.9018287447166874,0.9027228208239126,0.9043753049109797,0.9079752951989348,0.7357392668775611
9,0.955699169089325,0.953585488968597,0.9543847416039036,0.955099545503113,0.955633817088576,0.9562864280650436,0.8908470959013848,0.8109394565575206
10,1.0339249415624854,1.004079676540152,1.0053625972891713,1.0002468180664819,0.9972687766486266,0.9973752242792078,1.196791856540405,1.0416725580526498
11,1.1686894123908254,1.169502475356638,1.169879628935082,1.1702614706533825,1.1705503183935706,1.1704809614949079,0.7755220117336727,0.6838984844905359
12,1.4296685451800528,1.4188711755154566,1.4196085546859802,1.4198832057441242,1.420734677305888,1.4211749680825176,0.9818053935280188,0.9016003949362192
13,1.0892461823653992,1.0712211705756818,1.0720248449660512,1.0699293002848755,1.0691208770508442,1.0692581880496397,1.1038667199231744,0.905718160920222
14,1.2187271649908837,1.2178511212021679,1.218427688030245,1.2185630973431179,1.2192950250718921,1.219380685641331,0.8528411797096002,0.8480028176078979
15,1.2471210045139547,1.2470148691240985,1.2471740770447446,1.2475051742460757,1.2478206582470042,1.2479614666323022,0.7046805242402451,0.707986976188956
16,1.099390522898789,1.0976074529620063,1.098114474489691,1.098241181116863,1.0984859718040458,1.0988169742176288,0.945526027256959,0.9975687070583176
17,0.9946357765031713,0.9925649840872268,0.9926746405555198,0.9927988009410692,0.9925283275588305,0.9924482606870234,1.0249425143288058,1.0086186066056595
18,1.0349823090943084,1.0363068175954455,1.0367546129336767,1.0378887870036355,1.0384572387007047,1.038571767549145,0.9849124621707124,0.9119450166752824
19,1.08400073029165,1.0836160576276874,1.0855345934471639,1.0853616784967564,1.086354510967546,1.0877635851413023,1.068008712456159,0.9871760026359578
20,1.1932015497918944,1.1876240302963266,1.1880019642970807,1.1887908646012215,1.189339259898182,1.1892372719362254,0.7447535926438978,0.6885893877761972
21,1.08967066015939,1.0894352619943544,1.0903732793237693,1.0905604540979088,1.091233320268877,1.0910540727055213,0.9190720755122808,0.88417160353128
22,1.1633294954202946,1.1626161940913227,1.1626525318106424,1.1631572804048609,1.1634795960505218,1.1634044754384374,0.6746507336781135,0.7258314670919596
23,1.2829922103601612,1.2794878466111461,1.2801656809422344,1.2812018308197635,1.2823797981356742,1.2823610944910213,1.119417427112802,0.993512024705664
24,1.234904645495802,1.2341482931083771,1.2337845383907555,1.233270505822466,1.233807665415029,1.2338471525682821,0.8389293743641238,0.847293864873505
25,1.3178552854705035,1.3144162176410905,1.311104612246961,1.310874280946844,1.310468436734688,1.3110221806554214,0.9473551621693752,0.8130270974909226
26,1.3137376185255225,1.311318432028304,1.3116108969792795,1.3115805789964556,1.3116900355959973,1.3117191780089357,0.9927882756970132,0.9814479032597272
27,1.2625541667879938,1.2623018921535027,1.2627034013207372,1.2630527506463367,1.263028335675026,1.2632456397394525,0.6770686197114044,0.6030776253878748
28,1.2641499425112628,1.2643776351442626,1.2645738373630426,1.2650472524043515,1.2657401729974262,1.2662364835411941,1.047912584944833,1.0512641283122628
29,1.0065143843019393,1.0076677207716878,1.0078629120337612,1.0081913046750473,1.0083314787861024,1.0082881097118856,1.089168351693789,1.0993742629316932
30,1.107083837082288,1.1070079148488245,1.1073875561071371,1.1062011465155317,1.1056535529390272,1.105721642603451,0.7601245028947529,0.7164321934746156
31,1.6971338340082769,1.6963546442308917,1.697389574896668,1.6979875910657383,1.6991321976503098,1.7000595870939432,1.0030141325889126,1.0166637609085334
32,1.0269702553662037,1.0259884858101644,1.0286742392425454,1.032871434441242,1.0354927992976508,1.037682298798301,1.0361476578731788,0.9552945051602608
33,1.0606734194701226,1.0236287059041573,1.025881107237548,1.0238356880197645,1.0230245633315387,1.0208164321433104,0.8808321827004748,0.703465320100205
34,1.0450759234821796,1.044766972859565,1.045126336878627,1.0458629835147601,1.046427048086297,1.0465809555920427,0.9115072846835852,0.8705947441591448
35,0.9997006394270869,0.9968206593356115,0.9974820149665569,0.9983101109872906,0.9989095353954751,0.9993437202319583,1.059454905863468,0.9368348877798752
36,1.0797521039782065,1.0712681113481402,1.0727705678343695,1.0730587885598522,1.073884279383058,1.0744459504996948,1.0412393127807276,0.9721514492832072
37,0.9564472187754004,0.9580269306388127,0.9598605920497683,0.9607928699268827,0.9616322556229263,0.9619246763266583,0.8676004150033293,0.8614893701762447
38,1.314442647925192,1.3168647395098796,1.3188660715319798,1.3225657027029822,1.3287443509882726,1.3339011163616656,0.9031226139145008,0.8022245955102119
39,1.124233924172246,1.1108259488712944,1.112449998972579,1.1118725959760623,1.1125095689175515,1.1115921702526526,0.8940967455672642,0.6740283029193569
40,1.0719010418409667,1.0738903651444176,1.076090818471562,1.0780400049863859,1.079142762985605,1.0789373398490114,0.8791012437790633,0.7511100970018735
41,1.3672872286143303,1.3644623326514413,1.363199196260101,1.3631230319558127,1.3629882425220659,1.3628297704843566,1.0161632350025185,0.9719139518338676
42,1.0431827434620156,1.0406065272913871,1.0424851643833357,1.0436702305621732,1.0444143768219127,1.045295010395846,1.1745749224991062,1.0674545337661123
43,1.263637651580446,1.2639332103966805,1.263915760594409,1.264164786471987,1.2638022450923565,1.2637585873871129,0.6513559497541445,0.6551791089167942
44,1.1566421060058172,1.154076759897118,1.1543861094702563,1.1543768293554721,1.1543003607529374,1.1541364432930843,1.0086549167866343,0.96597867228752
45,1.0200922330918492,1.0113014152337632,1.0128031750174507,1.012133940850553,1.0116542468761547,1.0116756539818217,1.0503018693771728,0.9817213484396964
46,1.0023090043648017,0.9948043228781293,0.9980271874627109,0.995760151351726,0.9976528330226332,0.9989428945627605,1.1158285660117255,1.077307293205534
47,1.2629204399684058,1.2564600198642135,1.2590571242490423,1.2617262243737364,1.2647861410145615,1.2654598714971237,0.9597420697318186,0.7940228422918778
48,0.9243070928113237,0.9229074934642199,0.9235234481155493,0.9256844043733492,0.9289967074410493,0.9299243057228758,1.0923348824100354,1.0456471725271144
49,1.0920216481947216,1.0947461323095404,1.0968028151974398,1.1006108478192023,1.104013318577277,1.10442162026929,0.9770704521944932,0.9862551387885016
50,1.3616911472698277,1.359239792397873,1.3592479573555,1.3595250831427836,1.3597174657544187,1.3599898074905017,0.938019382522377,0.8753643751335326
51,1.1384193470139055,1.138004589958449,1.138348598071832,1.1382493201296622,1.138307256948481,1.1383109711758501,0.8231527668813368,0.8030205777738189
52,1.0902310449269292,1.0167984663320924,1.0186693856775741,1.0082011874391648,0.9995652520979321,0.9981988123621524,1.2781434163834853,1.0712235441074796
53,1.187830245343565,1.1876632197540051,1.1870112416242387,1.186635765242451,1.1871234148325474,1.1870118340595626,1.0419590212140717,0.9848531221098166
54,1.1175597535244555,1.1158255140249875,1.1162099039539328,1.117149731269501,1.1187393413988624,1.1187798093615484,0.9393540040782088,0.931683687089048
55,0.9358144031723236,0.931837699581297,0.9326057460384779,0.9336509887139405,0.9339544334420836,0.9340149922679812,1.0148704790230232,1.0020224232949362
56,1.0270377307303433,1.0220951802799345,1.0214558617817995,1.0221896290009298,1.0226248066167283,1.0226401331387707,1.0785851692653683,1.0504779329253464
57,1.0982366215792285,1.0865326217449136,1.086889856839156,1.0863259097190852,1.0889432183627135,1.0897577913584526,1.033982536372991,0.950788062471712
58,1.5777604733867023,1.5795906054851212,1.581726995531606,1.5842206527423475,1.5880004229888618,1.5901684462552863,1.0958699397353278,0.879232681892253
59,1.1568320507204373,1.1537630934673282,1.156405204665969,1.1569138498503202,1.1611148720012174,1.1620053465170475,1.015642053355608,0.9541003665711784
60,1.033190437805866,1.002709622574156,1.0050995308467716,1.0050749105603962,1.0062151929284744,1.0092975584011408,1.3244695713394978,1.0875658857857544
61,1.3099411532033218,1.3011067614729792,1.3017894142677324,1.3005568411678399,1.2997620373446193,1.2997628582551097,0.7971927968592296,0.692625547320747
62,1.074774531602375,1.0751691082763735,1.0756323271197819,1.076232213638125,1.07684355499781,1.0774057400800818,1.0026986567835767,0.978390831324813
63,1.0585525597688126,1.053376555091251,1.0536069850701575,1.0535117571106962,1.0517216677203205,1.0520133111849308,1.0493553442592112,0.9207040054692502
64,1.0157107526121454,1.015152990850448,1.0146565138145267,1.0139422582612343,1.0137397478787078,1.013725310115387,1.0036026397782292,1.006619999306025
65,1.6150323565650195,1.6146646002228928,1.614868944443968,1.6151033287675767,1.6151586552388684,1.6152147691420355,0.7802273434994896,0.7150588309965417
66,1.016123875710947,1.0152938730653245,1.0155521767318814,1.0155217198037112,1.0154495154813739,1.015431064057169,1.0272859896515778,1.0246362818399568
67,1.0912416889182053,1.0899567798659824,1.0898455492788797,1.0895883591900601,1.090148521327243,1.0903715978834065,0.9442515705899204,0.932705061942071
68,1.1275345967905452,1.1339061445434222,1.1336691946148774,1.1354614994402938,1.1396015430742117,1.1406753861118581,1.046264578362358,0.9522430533250952
69,1.1143148232169933,1.1133467248758107,1.1130904840735356,1.1132066432242296,1.1132655789702115,1.1132691662250276,0.7851450666894432,0.7715561909195638
70,1.2507145148480634,1.2494233199519718,1.2495390516645999,1.2487555756621498,1.2488363632459605,1.2488042141548281,0.9412156362943024,0.9097747862559362
71,0.9885040229294129,0.9868222786608367,0.9863176773813729,0.98723336314068,0.9865484091894681,0.9866207065748842,0.9822097525074126,0.9742214534957112
72,1.2490141522098481,1.2478645541677975,1.2479771756567213,1.2483211333958006,1.248246511987973,1.2483703152382386,0.8388666587399412,0.8051394618448093
73,1.1693038844387782,1.1486651073165883,1.149541697691047,1.1497101676328307,1.1493880173196722,1.1497549811893681,0.8030871483568118,0.6804022669924897
74,1.1614982566301,1.1593653154887944,1.1585528241740406,1.1586687066650407,1.1585771462693066,1.158762994838778,0.6838904107725686,0.6376493781193515
75,1.1226855003359997,1.086851636533598,1.072411433996195,1.0730073945689136,1.0752638093380091,1.0740532505851568,1.1555556700245857,0.836515157377272
76,1.1724651487212514,1.1670398312898251,1.1691776307372488,1.1688129769483222,1.1686599574055963,1.1686001710953546,1.1618312335492944,1.0903894803960117
77,1.078426780629774,1.069121944173009,1.06930686770119,1.0696410755411727,1.0694172477524082,1.0694464374269208,1.100180750142537,1.0499675490237734
78,1.0631154912815564,1.0573299915401426,1.0573299851681732,1.0585071234634067,1.0577957682637689,1.0576761901283094,1.0517452221513612,1.0235415875578222
79,1.1178478016954612,1.1194610176639053,1.1215394209485217,1.124421335861929,1.1260155467867001,1.126501605238103,1.033562855506664,0.990380760908314
80,1.0861675167850748,1.009661628567936,1.0156381249573996,1.009769769944623,1.0023793989605143,0.9982493774385073,1.151320055364301,0.892167616472431
81,1.250555645955618,1.248755588828516,1.2500777792649505,1.2508082788727717,1.2521922824718248,1.2526560594970748,1.1187406475121622,1.0458213477145226
82,0.9878188431715662,0.9878115521975417,0.9873341314757971,0.9888555098196475,0.9888223404011935,0.9901080325537789,1.0385734598068694,0.9575699238500798
83,1.0790457875078143,1.0738314563506366,1.0747704908049904,1.076158912298367,1.0763802966739668,1.0764003573119811,1.042862091823444,0.9674109923246864
84,1.0342032934954812,1.0276679394942945,1.0291450059647893,1.0304117826409047,1.0314190770304723,1.0313277058918005,0.9413585751659924,0.8890612830101674
85,1.1516486510082287,1.149048538743517,1.1491359392314373,1.1490332278602948,1.149025272952745,1.1490677508293843,0.9779583018438358,0.9697524258931584
86,1.3536548973455798,1.3168292956202048,1.3178181561302456,1.3117916323025043,1.3114668140796595,1.3117724475030905,1.0815827768212634,0.8291981466465148
87,0.9778180062997521,0.9775511386353949,0.9782952829500203,0.9783535947236832,0.9788673816697662,0.9790688429429096,1.07272518811424,1.0563267475117106
88,1.0795001881514403,1.066307259589434,1.0661445220177836,1.0656432204724786,1.064741999525161,1.0646145522360368,1.1375148057083468,1.1306484288707177
89,1.1216762941722997,1.1243450805589323,1.126931632128998,1.130490146229153,1.1329590269645933,1.1337524261831278,0.9949614010053952,0.9142050717419288
90,1.085652690604333,1.0827500007101774,1.0830299628065925,1.0866538348741812,1.08809904561752,1.0876378811624403,0.974876776784891,0.8454033309906872
91,1.0692022781517099,1.0514695621425993,1.0561687992097752,1.0558403771523146,1.0569340142528578,1.058435516523439,0.8644348309855164,0.7802846137567642
92,1.0454743164106082,1.0454545840056368,1.0475359942747584,1.048103197650275,1.0488540149659655,1.0494811774649802,0.998419022120529,0.8803338701525371
93,1.147884991784829,1.144918011715727,1.1456801653879007,1.1426127287882075,1.1416848413439538,1.1418325995833367,1.075249860604415,1.0464136783802669
94,1.2111339595356145,1.2049888495170753,1.205396145242003,1.2061376953040532,1.2068381825885768,1.2066980879410962,1.0301049055117044,1.005225669754528
95,1.1494162834452595,1.1477189628500712,1.1463107972350126,1.1461835747980467,1.1468739156544248,1.1473526433663201,0.905113288751546,0.916032383607824
96,1.3832704324880785,1.3775026247629003,1.3783139598505314,1.3783647704493986,1.3787405782646196,1.3787394550777532,0.8239565352846848,0.7987905596160064
97,1.022552693569949,1.0198728521963423,1.0216037480855924,1.0219303140512925,1.022686931500421,1.0226371300583788,1.06537374168332,1.0493302760420495
98,1.0421713630538136,1.0411023836375226,1.0410469652171497,1.0419639578660627,1.042046031287204,1.0420607319456792,1.0018568277652111,0.9621598905713056
99,1.1850206444762827,1.1309111196663353,1.1366045358797858,1.1332242796953453,1.1332224584603612,1.1338157530374735,1.171756842548196,0.8791329011738357
100,1.2592436476531226,1.2561197136401834,1.25793454315532,1.2582243285789727,1.2585825271219477,1.2588036198905497,0.7508114840962185,0.6500558478071227
101,0.9997904315835479,0.977424248080873,0.976716630141601,0.9751855270331923,0.974459245979738,0.9745731693708952,1.2523235899026468,1.1480187778052688
102,1.0654837204430478,1.067427287207659,1.068364954725052,1.0702792634383664,1.0706001252462054,1.071493645273204,0.8910194129962228,0.8060381826152943
103,1.0613595641961397,1.06152871502992,1.062094625850508,1.0626450736168036,1.0625777330280546,1.0630966568791738,0.8338916899076558,0.7709217608682591
104,0.9742423157947292,0.9589247398282517,0.9570269295165574,0.9580404689099866,0.9542188437994984,0.9536806469020183,1.2083900166011512,1.014560474843133
105,1.530136759747946,1.5277734423410825,1.5274535266120912,1.527000944110377,1.5267719627399463,1.5267779042821001,1.120708300119749,1.1197810136572794
106,1.087592990017695,1.0869888910233405,1.08775786182221,1.0878390747846072,1.0878026195356532,1.0880618339058863,1.0012802694483725,1.0166938128245089
107,1.0715544981671257,1.0709094538487185,1.0710161152410929,1.0707212561802808,1.0712638998317512,1.070989759926769,1.0330665677000868,1.0327516529297889
108,1.22370139248836,1.2240560988678881,1.224880871470809,1.2247026117667834,1.2246572570722676,1.2246992999133817,0.8100415895794626,0.7873657321714953
109,1.1639537720851705,1.1633049315789377,1.1630529328628498,1.1631951090156565,1.1634870073933072,1.1634990087386137,0.8855104368984686,0.8970633567849355
110,1.3093418259908494,1.3088894456997153,1.3098314736205363,1.3099586478999108,1.3106565790954314,1.3106080859955918,0.7927532271468845,0.779959047966276
111,1.0704255838103311,1.0656711485230606,1.0658829454380425,1.0636624030629644,1.0615042684938967,1.0611522424955964,1.0946939939621303,0.9867113025289068
112,1.3790530881893421,1.378262195420392,1.378410282062983,1.3785632524415594,1.378741344584456,1.3787685926521802,0.6431719108036882,0.6267439860221985
113,1.298303749714731,1.2978428260456683,1.2974435018550101,1.2985415298803693,1.298875628927512,1.2998064533330564,1.0669194471355423,0.9710162577546924
114,1.4342384040436875,1.4388675326096525,1.444327265089154,1.445789499226679,1.4467616121457336,1.4467013542069957,1.050995735520874,1.053935028303462
115,1.2021025965849133,1.202297681007608,1.2031122911523464,1.2040413012584363,1.2042984207159289,1.2043493412615027,0.8471527333687402,0.7459336207435127
116,0.9871488999163579,0.9812023511523715,0.9807507166311263,0.9800074745118129,0.9818442711796449,0.9828426270653082,1.0047991262367568,0.9710080319600908
117,1.26744411204205,1.2678576616285546,1.2680709851105658,1.2681905523598165,1.2684895132829608,1.2686246280041666,0.6591468039577866,0.6453841856485144
118,1.154784089518035,1.151234973855856,1.1522437337084201,1.1528679356812097,1.153081599795233,1.1526990296256443,0.808260009705203,0.7856121732994064
119,1.1932820376533646,1.189184845458819,1.1878157830866767,1.1894799131313198,1.1894727014521957,1.1896018314510366,1.0287646154105503,0.9685623755103322
120,1.168917982234346,1.1734703397002244,1.1765917657350815,1.1792331169105088,1.1843210869774314,1.1878916212095032,0.8888085724018301,0.6643188287830849
121,1.0537118681493876,1.0573870634405065,1.0595832203788174,1.0626135099708116,1.0659137315895357,1.0686322987110146,0.9326366138248456,0.6878748133619258
122,1.1668882654467732,1.1678579424245394,1.1695237152407414,1.1706483941300043,1.1724147905942348,1.1732491543548034,0.9536265252301168,0.932779233238944
123,0.9803223182340747,0.9786915568021435,0.9800732936673613,0.9800677490894337,0.9804303181783228,0.9808413239651059,1.071654097146761,1.0433468558761192
124,1.0050987116297172,1.0082341850972596,1.0102085324851173,1.0107925147824053,1.0109668289786622,1.0120226531571723,1.146585349138291,1.0622626806491022
125,1.0971336775531544,1.0822690178186423,1.082462952949887,1.0799608402249548,1.078772678495111,1.0789235943084705,0.9738835370298636,0.8489537888859787
126,1.2924901632187096,1.25976552103004,1.2643762779107262,1.2623534245975112,1.260968304647427,1.2622676493659193,0.7874456244503473,0.7496087469929629
127,1.1825826636304737,1.1808614951346446,1.1817300060823623,1.1823678119812369,1.182485603653354,1.1826216710616413,0.8066999257969211,0.7842777187512617
128,1.1607470709264547,1.147606244017874,1.1488135816552536,1.1475511843234771,1.1472871011194632,1.1465960775061514,0.9926584603213092,0.9566370636616088
129,1.123413094309143,1.1173776589768771,1.1192257105793464,1.119535879303429,1.1201189013252517,1.1204325225380554,0.7908856140841393,0.6751785333929395
130,0.9889652758259846,0.9868949088192558,0.9853765797302187,0.9875107717645146,0.9900075075314506,0.9902741401559134,0.9785375740205002,0.8783017925752532
131,0.9367887508651044,0.93049761315439,0.9314335366607727,0.9278666160200989,0.927533858898853,0.9287467663975679,0.9908413105710662,0.822519637198872
132,1.3754657258011984,1.37509910999088,1.3755712921466867,1.3756628926668357,1.3757220685010905,1.3757637206684716,0.8870684700593052,0.8441772811376143
133,1.0334740498033248,1.0369489800965344,1.0377345930376487,1.039523962034802,1.0419725933803736,1.0412947246725195,0.9586942918248552,0.892041077886534
134,1.0621339269372339,1.0455126758081807,1.0454454503504131,1.0426434079945448,1.0427791264529451,1.0430840847650227,1.097311081283618,1.0606802422146984
135,1.1689254127465014,1.1634491597663084,1.1640109693638767,1.1639349158989047,1.1638515952864412,1.1639395381117674,0.7487171804862048,0.664878377433242
136,1.2467972710722957,1.2494326054732001,1.250638816723041,1.2524993979708718,1.2534323560122398,1.2541882755337284,0.7295984395210232,0.6642528771803954
137,0.9975337520784295,1.0015080086185006,1.0039171347640994,1.0062824704834707,1.009061719872246,1.0098903295509822,1.0309204742108316,0.9525420983174326
138,1.0301678036516566,1.0291175060146973,1.0294867844539553,1.029650198093267,1.0290844355645947,1.0288980457476489,0.9288391489991736,0.8638887950824651
139,1.09114789887678,1.0902737077711893,1.0893535432616483,1.0897840601904338,1.0898031411603093,1.0899623842915784,0.918648728923042,0.9034543681300036
140,1.0315657389889066,1.0123318932806653,1.0114320035503142,1.0098874737103363,1.0097569968114262,1.0102649532712697,1.1235276065642186,0.9491157242655864
141,1.0049448233502383,0.995706462685161,0.9922809661187413,0.9918986112968181,0.9921031212711942,0.9915264231695701,1.0077657159454931,0.9375250918539396
142,1.4615700206644255,1.4609362113106987,1.4613130309852487,1.4604781795318986,1.460534281747647,1.46057884495079,0.9241638337846728,0.8874229685386209
143,1.1986289955977896,1.1960432796081146,1.1976696034246979,1.1974936423886071,1.1966921606986176,1.1965887351952817,1.025800860842118,0.969187327829164
144,1.1920084673184865,1.192772030259123,1.194490086980948,1.1972681654783977,1.2022478199646665,1.2048217356461204,1.0997029946518966,1.028537295953666
145,1.151662994661685,1.1484947704410524,1.1498758986377688,1.1494714743475702,1.1497988659995322,1.1499560515424283,0.7318423378120665,0.6345550661974406
146,1.0903627103954368,1.0695997449897912,1.0705193111390157,1.069108578523353,1.0703232444247537,1.0708658139368892,1.0699407920223682,0.9157607461393374
147,1.1466756523562196,1.137971650172559,1.1381843688368853,1.1370704678758674,1.1372524311427337,1.1374029064575428,0.9924358112846252,0.9089253018557918
148,1.1489309101384066,1.1204820585820412,1.1168306747886874,1.1126574602967902,1.1092764419281018,1.1093171891675078,0.9235544510937856,0.6184262469081689
149,1.4705748662769114,1.4686846068952937,1.4689799930600282,1.4689171211242031,1.468982368496598,1.4689212157514488,0.6743562672165904,0.628182086821286
150,0.9043902971980793,0.9034189307462482,0.905461959596133,0.9061136016872138,0.908041389743024,0.9082882488233963,1.110001629758912,1.1660099298934024
151,1.0843930574169827,1.0865734193838055,1.0887765741467446,1.0929056989533465,1.1013676473265541,1.1026468531460831,1.080645499995014,1.0754314774961302
152,1.190811709827514,1.1889046424746619,1.1883515526047992,1.1878793535984251,1.1878468427392896,1.1883136765839892,1.1352746560020652,1.1294160360011534
153,1.2251123976467417,1.2099411836030367,1.2106950625505486,1.2124555367149243,1.214134792661806,1.2146290000316473,0.9219667426448545,0.8934410028196886
154,0.7914239663247161,0.7921182242500399,0.7927122060181988,0.7923302253249449,0.7923543219344875,0.792345436569029,1.0638009120441922,1.0383449233299111
155,1.073798002133893,1.071864487493123,1.0718553618103013,1.071983189629897,1.0724254855180924,1.0723533461388015,0.9167854325275802,0.909938207323793
156,0.9819515639307823,0.9790131018190229,0.9791776311486152,0.9790527236928311,0.977403574928533,0.9774088989247752,1.0723738453346514,1.0382468328723136
157,1.1358766205886979,1.1357386699164447,1.135543591106818,1.1368475289151456,1.1374835449054759,1.1374120398071166,1.0091739965441833,0.969842560010605
158,1.2786430168755198,1.2758168662287601,1.2769297698916806,1.2768188619703629,1.2766475858085224,1.2762071653979525,1.0533684365422014,1.055920341687381
159,1.015860095708337,1.0125797194919564,1.0131655795033334,1.0136245456716662,1.014557448118432,1.015500672560607,0.9568683861444732,0.9363823635315388
160,0.8952584337021696,0.8985415947796441,0.8981174799727621,0.8996241543139274,0.899961413318386,0.8999903280798329,1.0942910329288411,1.065610130748087
161,1.1705893282966093,1.1630451441397918,1.1648539253827686,1.1637977295444348,1.1640472153984929,1.164853567019909,1.149567557883283,1.1000489190488922
162,1.0229160016424037,1.0207720773652704,1.0214455546695111,1.020990499913289,1.0211710594994854,1.021082009053234,0.9228929205009868,0.8846073208666257
163,1.0130464596507682,1.013260510140806,1.015423828839196,1.0164582986397637,1.0191919930636262,1.0197399792350998,0.98886440770139,0.997677124131386
164,1.1042923584038542,1.1002669703325463,1.1002806540399475,1.1005375498808447,1.1017895325965792,1.1021894523794102,1.0163706591138684,0.9848360404491158
165,1.2743081227852289,1.2749223222297577,1.2764397780909265,1.2771133936411925,1.2782816401334016,1.277879729942825,1.0270518028101998,1.0159467014300791
166,0.9928109085697343,0.9906730822523814,0.9920072691685536,0.9927686190007533,0.9939254406050142,0.9935384668455735,1.05270120309054,1.016888058565864
167,1.1792047590342,1.1766994089728777,1.1771532283807893,1.1778793092383628,1.1778767959179552,1.1780072882293207,0.9791026217576264,0.9529778132576536
168,1.202687333123416,1.1909973130552398,1.1913659893231847,1.1912951052116612,1.191308809387223,1.191212138045693,1.0205845451910494,0.9563959435944782
169,0.841672870804092,0.8431123182471552,0.8438664948830017,0.8451929225365483,0.8471658620731053,0.8478783265879866,1.033715884335775,0.9318586620320798
170,1.1494456519381,1.1470011312025403,1.1500088928979482,1.1510902759514168,1.15341268062802,1.154218641282294,0.937507994816379,0.7966229722774014
171,1.620532660898819,1.619124899182075,1.6203339731756028,1.6213144039577203,1.6241814650389481,1.6251767315537136,0.975698592919587,0.9160239062930264
172,1.0561108919198847,1.0593264283431971,1.0632012569744338,1.0651245799553894,1.0658377069643499,1.0665878226006285,0.9091753379440212,0.8769983442268687
173,1.2176967462912067,1.2181637720763916,1.2189295905298043,1.2193800478480936,1.2198176207329134,1.2200518868723402,0.884237082815821,0.7983862688503522
174,1.0055676110373444,1.0076815495153713,1.009400989655633,1.009087959277489,1.009244009534366,1.0096976417152352,1.1191303591309223,1.0839927294972462
175,1.0161196248434035,1.01028617916707,1.0125789442900188,1.0126892385817836,1.0127664307343223,1.0124438979451658,0.9026946071715888,0.849421792729235
176,1.0573228519279803,1.0474353760593607,1.0472580495301476,1.0468717623676458,1.046469000272419,1.0464091275049574,0.9459990161971348,0.8242525109093733
177,0.9810648785085602,0.9819263591088848,0.9803443376374658,0.9800792931597015,0.9802696272357488,0.9796508611762399,0.982408337783011,1.010187073228158
178,1.0649278731605551,1.058309912860729,1.0591585328765882,1.0571934282484288,1.0574019317510128,1.058406699574072,1.1098593659861182,1.013132505154306
179,1.0904496269727935,1.076904817819254,1.0768815880083813,1.0765206752225451,1.0759172414239548,1.0758073046173582,1.1860269222106188,1.0849143151577192
180,1.1293374529075728,1.1239251680039017,1.1252659430133214,1.1250296451659616,1.1255447401798564,1.1258867558951355,0.962127115930462,0.842416134325996
181,1.1687561186754365,1.1676637270233383,1.167420090972264,1.1674356326286934,1.1669045006838061,1.1670656876927694,1.0484319333330354,1.041275519236715
182,0.78368208940006,0.7691285504118127,0.7698913444912036,0.7689799260056133,0.7680741890281438,0.7695588648670192,1.0644423130994785,0.978788462909591
183,2.1377212526295923,2.137173172470221,2.1369750168076163,2.13687541990199,2.1369418951174124,2.1370693073070526,1.0590671434621255,1.1059987682940962
184,1.2705413357768984,1.2681257547842277,1.2695941340039134,1.270375214994094,1.270259888473923,1.2701385443482274,0.5404055631143826,0.5187869815674047
185,1.6415071826588785,1.6390031549197825,1.6390682590116226,1.6390245664468852,1.638995781307175,1.6390358847804645,0.8236345690005312,0.7841449204814936
186,1.155462914476905,1.1553390597829258,1.1558064019890135,1.1554007233463635,1.1553921822165945,1.1552581606323034,0.8870630966563199,0.8668081435471839
187,1.0833054939064966,1.0806784400124556,1.077973265242915,1.0772983293037024,1.0777260658619465,1.0779080304860462,0.9180354365558469,0.9028616566133372
188,1.1116319459474833,1.1083761553134277,1.1095379758602493,1.109135606457124,1.108381537099011,1.1081375453570912,0.927631991578195,0.8961936387953593
189,1.1324723448636633,1.1236741048430265,1.122481170403915,1.1232267417355206,1.1232060658509548,1.122946581862128,0.9793942229548206,0.8538606234509694
190,1.1257113535528387,1.106335616484154,1.1090663341778568,1.115583981758686,1.1158759950899664,1.1191943827579836,0.9383061792329704,0.6210925948699297
191,1.0858646264115697,1.0616228849376483,1.060348508239291,1.0570005002754257,1.054344742229287,1.053389464726226,1.2067692603967035,1.1157570110433774
192,0.9631946476695543,0.9633324919416728,0.9645397307844608,0.9646864862754617,0.9650152622950328,0.9650661930328113,0.8774051612312274,0.8927569502790835
193,0.9792217018305784,0.9668313716382891,0.968933759645529,0.9670989882999765,0.9675894673191568,0.9682970290121778,1.0739086714718231,1.000134303507817
194,1.0856674221344762,1.0364898134206921,1.0383305363586328,1.0391175978000056,1.0409993352935374,1.0425200050766996,1.164843965192906,1.0238571634889757
195,1.206593942279944,1.1918205829967938,1.1902677468279552,1.1905602272294074,1.1924719768858851,1.1931900178281216,1.103813228852392,1.0571795053314343
196,1.0847289380977405,1.0803128525988486,1.0792764566618671,1.0792575900981465,1.0793390816178083,1.079395811867855,0.904588011068276,0.8081329330167359
197,1.2254290263717063,1.225342418133797,1.2257964360195128,1.2267546325258594,1.2268930819922017,1.2270020739059737,0.6537348057812783,0.6302609549900404
198,1.0153786826564035,1.0167828344169934,1.0166761872547894,1.0164017652377306,1.0163577577770597,1.016423160458752,1.0380570590917233,0.9844069945888646
199,1.061032460589899,1.0592805252377624,1.0585642002101958,1.0583688480866738,1.0584983359181677,1.0584274123860062,0.988661434511135,0.999105972365976
200,1.0252148681422568,1.0009842327558343,1.005117043004805,1.0030489884336937,1.0023136893465592,1.0011413482023472,1.0382130050302836,0.9587323448695244
201,1.1608187421771174,1.1392284010811964,1.1432727871757242,1.1427586093019992,1.1441441300111237,1.1455042445399988,0.6935029597287509,0.5042797932964397
202,1.4250326237625897,1.4311876099752527,1.4313523220424476,1.4320086216299204,1.4344228411796731,1.4344895152279558,0.7083994236962525,0.6739852660707573
203,0.9691806443178814,0.9662663615913907,0.9657976895701511,0.9649537787798482,0.9651251850287126,0.9651547747062331,0.8387057209791665,0.8252246972611311
204,1.2511414008535817,1.2460898092270112,1.245900728916328,1.2461197808004116,1.2464037916299027,1.246750233783964,0.930418147855168,0.8928619414461647
205,1.1070138363463613,1.0847642700338365,1.0852113413614526,1.0839368585409916,1.0830367077517995,1.0835400902898327,0.8886394769871319,0.7037840938342703
206,1.1997464604476122,1.1985532037039843,1.1996334713445782,1.1994037055520703,1.199522459825666,1.199850629027403,0.9179269612381497,0.9215706482874424
207,1.0262650195987397,1.0246763996087453,1.025893864023299,1.027548687492474,1.0276472003989348,1.0277130657593494,1.068628012881892,1.0271887650925775
208,1.5340381194756931,1.5328852902289507,1.534611969741846,1.5365440231684473,1.5392537386276508,1.5405055425646186,1.2078066093599311,1.0638834494862586
209,1.1618647133646451,1.1618959947207432,1.1666824485001384,1.169442174584697,1.173070080747704,1.1745342433254085,1.0003322758856392,0.780148420698171
210,1.0404063119510272,1.0298627210330769,1.0254055397767738,1.0263300793310512,1.0238759956414885,1.0234601592232762,1.099594579210207,1.0099866143484095
211,1.0588675558888914,1.059491913240118,1.0647738418183421,1.0734885925803863,1.0776493691237572,1.078804329029003,1.1666637970977871,0.8583300411979313
212,0.9610680967928473,0.958221038331506,0.9568377156460304,0.9562552853069303,0.9564498101289532,0.9565159505703077,0.994657116581182,0.9598330860330808
213,1.0913539924753746,1.0417411816116173,1.0470838840869587,1.0456488840215195,1.046410088443299,1.0483403062049867,0.9473781464860548,0.7264851767570437
214,1.191600941803737,1.1938923713691867,1.1950666603546578,1.1972090854020765,1.202534222225575,1.2066866721308243,1.0846075789886316,1.0802722376177238
215,0.9994806743793234,0.9978409053903541,0.9977002025610187,0.9982359064301437,1.0007179837749092,1.0023945248337967,1.101246951161176,1.0678966475138736
216,1.0772548140097051,1.0692774047629463,1.0700176395361027,1.0701739125739627,1.071229767824122,1.071910896011474,0.8600725923940067,0.8098936211126899
217,1.3239674507978105,1.3194747181141788,1.320826539329501,1.3209590583173874,1.321427117325174,1.321693767816055,0.8866136746001984,0.8112767241842727
218,0.9871140109248742,0.9840277337805339,0.9852149764718674,0.9853974555047182,0.9847789010056853,0.9852329238140006,1.08717414959744,1.0153484499664989
219,1.0493008677679208,1.049768651293036,1.049485466084558,1.0500189188658262,1.0499068000484344,1.0495491108280965,0.823310223456568,0.7666807850060962
220,1.4636204291104484,1.4542621059240397,1.454877635625563,1.455564852677243,1.4569280907182112,1.4572624766508868,1.1286297598183428,0.9859102541614956
221,1.1370391514929594,1.1365806182439921,1.1378118119028577,1.1374461881689668,1.1371831094040663,1.1372242338358232,0.9621534577325944,0.9388550277096528
222,1.3548656686775096,1.355937038837127,1.3560599450987127,1.3566346946824024,1.358286198864493,1.3589382229766074,0.9873131906481504,0.9140001923631944
223,1.166358220021274,1.1655930962966203,1.1666385232982768,1.1667046095962577,1.1675729194412283,1.1675759490551216,0.8946416822001139,0.8931285106501236
224,0.9597706754506459,0.9586670576230526,0.9588705188137288,0.9584047268689752,0.9585612513806105,0.958927488293989,0.9007620647924168,0.8623023085814586
225,0.9940606190841492,0.9874607265094969,0.9907154754779877,0.9909849289554928,0.9913254843372656,0.9915027043502304,1.092348184514595,1.0786510004991678
226,1.4255579523485309,1.422164217318262,1.4226083593280716,1.4223427128479953,1.4223500919841008,1.4224257479770457,0.5941743446487503,0.5646275743197225
227,1.2484842410156998,1.2479858153346692,1.24883277192933,1.2489328878550732,1.2496407192840884,1.2511471449204603,1.1354118886153026,1.0385239842564515
228,1.0777071472573425,1.0761721766971928,1.0750230124366298,1.074964132098683,1.0749854298459949,1.074855158300352,0.6386365538862379,0.5765725326058313
229,0.9842698869415075,0.9824371240145714,0.9837032493268068,0.9830441509353911,0.9837904125816611,0.9861842655029853,1.0545063544030129,0.8450367262415839
230,1.1409578982567956,1.1399995798824647,1.1417428275249086,1.1439573495032502,1.1459674736067456,1.1458032041951565,1.1750030295121416,1.1107960325398136
231,1.1813916283637496,1.1799862932490768,1.1806152782474073,1.181719918906292,1.1826745688682208,1.1836034571422562,0.9181810044162136,0.8966724213755297
232,1.0822611188407862,1.0855104665377582,1.086691832327157,1.0864684707530903,1.0876682273939908,1.0876380357842146,0.8594234178015101,0.8650101618698791
233,1.3211208297593182,1.3012244306349967,1.3042107812384127,1.3026047822806217,1.3012163480412364,1.3018228795184157,1.108716342832762,1.0179605257383617
234,1.1388862039625118,1.1412574814161078,1.140335965094417,1.14064181299717,1.1421930411590857,1.1425716490215856,1.067410727907361,1.0537281125083902
235,1.0731335571439946,1.0615280898226311,1.0615974562541721,1.0594666359735834,1.0593674305546477,1.058426196996205,0.943846680572547,0.8368399704812471
236,1.0256406504845943,1.026306983242415,1.0264656974395958,1.0265326995349564,1.0267013989881797,1.026761343084058,0.7890898678685851,0.7869362084661674
237,1.0526131225332238,1.053409275610035,1.052168526966297,1.0525602523450177,1.0540285664674178,1.0549312712525862,1.1061052993725693,1.0247683994987038
238,1.2427531146377675,1.2173605119726776,1.2210253522341221,1.2211196873811592,1.221741290243775,1.2224552985565837,1.063701346321404,0.9074024708582474
239,0.9977631857031392,0.9997392847244666,1.0021015543307539,1.005203555147757,1.0119779140045118,1.0151819964428601,1.0443167275111762,0.8710445522311435
240,1.2437034169599015,1.2411862351399154,1.2410659375346655,1.2405939506719967,1.2405551509590558,1.240629653994334,0.5098677760670168,0.4832921498519142
241,0.9281126274322641,0.9268753548891262,0.9273339108337114,0.927628217126712,0.9282407094086556,0.9280930877256441,1.0529475604891296,1.0807005092686883
242,1.018675228871409,1.0188603100076514,1.0179325307702982,1.018121883258624,1.0179258162475255,1.0179507598848756,1.0034418825409264,0.9632590208047768
243,0.8708241666021345,0.8703286407016246,0.8702180041069164,0.8705785372685876,0.870376652579084,0.8704193584562452,0.8944128972633416,0.8798765891971864
244,0.9919680630541071,0.9882811190328782,0.9869253085466556,0.9861434655752053,0.9862313091268232,0.9865617341388615,1.0130973741559854,1.017528188434781
245,1.1967807022270092,1.1961842292254266,1.1966108089164698,1.1967838200971168,1.1972192812458236,1.1973244134757324,0.9122024863873468,0.8968313987265704
246,1.2409089190694642,1.2370169395990462,1.2369301326131021,1.2383600555818917,1.2394222247635722,1.2400305169282955,0.7054079913669998,0.6279523405438455
247,1.0928806035681822,1.094702878793064,1.0945691387397618,1.094551828264813,1.0945093405904835,1.0945011731455407,1.03735730662426,1.0267568315903162
248,0.9542317779351792,0.9544002281652378,0.9570242814551343,0.958608444665468,0.959482188013929,0.9614630328022756,0.944882823152576,0.907618958155727
249,1.044818287241813,1.044072749960665,1.0441128351929236,1.0452354091487215,1.0479100540898678,1.0481825025578937,0.8921891135615155,0.7607849660544488
250,1.3083494651605292,1.2994294229078096,1.3011035683360364,1.3022415546873047,1.3034338165909005,1.3040036522464498,1.0910451852044465,1.086238131819706
251,0.9959148840868424,1.000827773775056,1.0048900575993955,1.0116929061346072,1.0195942144576464,1.0222375487092668,0.8623412222579222,0.697446749882297
252,1.2311205551492692,1.2295093652941407,1.2305279990696614,1.2304891117191172,1.2305088138716067,1.2307882954853406,0.7069353007351868,0.7495485563190322
253,1.2335098999489358,1.2250750511781678,1.2249852976498363,1.2246711212532342,1.2252302160544897,1.2253557070625922,0.8838789185010077,0.876036679538399
254,1.2035809032384985,1.1950734685358722,1.196755625965393,1.1984681665177246,1.198975928735758,1.1997197610194346,1.091032487508214,1.0781089223582925
255,1.2896536923655935,1.2702964296450967,1.2743951141886873,1.2748762579389799,1.2743335263220321,1.2733622226923758,1.0996401965410036,0.8781379086624671
256,1.0220188279155673,1.0124815550365893,1.0135150956358248,1.0130490487514874,1.0118284050291195,1.0114493721234186,1.0770972938918617,1.03923093387946
257,1.1427094239943634,1.1477211701367327,1.1499420050663607,1.1507721400081132,1.1525459709995267,1.1539864519943044,1.111096915755622,1.0056940169159163
258,1.123629949162408,1.1205410308939892,1.1204875554880542,1.1209940428894678,1.1216260898936632,1.1216773674332061,1.089950333735637,1.0292518193936335
259,1.3950153922002329,1.3826699878079358,1.380626642146619,1.3805378471642153,1.3808089450488525,1.3810849918109955,0.9826380729524984,0.8900731069254291
260,1.097573451963606,1.0912916637606656,1.0918592498448492,1.091853517461838,1.091900389892951,1.0921308004549832,1.0740147264909998,1.0899949604463697
261,1.253372754055657,1.25341546945458,1.2534038087441215,1.2528905493845046,1.2528799258574628,1.2529017707357748,0.9570871218344768,1.0027593726139807
262,1.0424016724842788,1.0397571207397427,1.040665474540584,1.0411345814735757,1.0418930914689815,1.0421349868920349,1.136245366843946,1.127785938042307
263,1.237518106377361,1.2353244761900923,1.2350572849934403,1.2350258932552147,1.2350873329822767,1.235253315532617,1.0111933743250676,0.989217516012934
264,0.95775123167936,0.9535461364418227,0.9525237715446428,0.9522719693979345,0.951201293832785,0.9512491461220292,0.930204065174734,0.8677639066292315
265,1.1946848661089196,1.1912963647502912,1.1914825577759212,1.1905515905588866,1.1909498500012912,1.1909598192113033,0.8087269719928625,0.7564549155444592
266,0.9955674447888245,0.9949471947183869,0.994429317933788,0.9949874404101399,0.99433595788724,0.9942775687297889,1.0913869220444965,1.1025915607603012
267,0.9669752708848354,0.9667589098540929,0.9675045819100536,0.9705457612257198,0.9721424872736303,0.9720721981443349,0.9921193687575792,0.9829845791633692
268,1.4801373791019297,1.4488199219276408,1.4547480380852205,1.4571449930684406,1.4597727457000338,1.460888555967041,1.3612911960631098,1.1147562065563863
269,0.9545820308361437,0.9511012376763857,0.9517538912166534,0.9509023867445912,0.9504823757282599,0.9505989870391471,1.0140269231861685,1.0167695439031486
270,1.3271586742552457,1.326921666550001,1.3264258784436633,1.3263791235648004,1.3264359980618554,1.3267015435898057,0.9265179016481568,0.9053087206073288
271,1.1368643824624693,1.1153007666646866,1.1178668131409146,1.1221124375768128,1.1227470981485599,1.1237013018128952,0.9517562454862118,0.8493187881355858
272,1.157385855133287,1.1563963162916262,1.1564261604337323,1.1568289098968554,1.156726858592296,1.1570300372017865,1.114307106276018,1.0573663036237044
273,1.1636002095977342,1.1637855921500118,1.1647120726231053,1.1656144216437725,1.1664607347745357,1.1673257360540037,0.8854710991232321,0.8884998399539653
274,1.0303849806635326,1.0309710770893934,1.0296952312418213,1.0298993708041664,1.0298022004555782,1.029700162065716,0.8953002603582075,0.8912799997881438
275,1.0935561855205735,1.0919840357842505,1.092832273265112,1.0932174270983779,1.0946105421609629,1.0953226846808277,0.9970412284095848,1.052216707257536
276,1.0029674519926646,1.006814000805652,1.0072342023758696,1.0100681193909373,1.012450625241774,1.0122561570454893,0.9591399254952836,0.8528173675991959
277,1.5221048509137556,1.5244048399844703,1.5265357361627023,1.5286421842621405,1.5300360080387319,1.530911515109801,1.1603417113334298,0.986123746351852
278,1.2258402443748782,1.1982286341150015,1.2013115127171414,1.2021059397863079,1.2040419825584632,1.204780723905034,0.9033083914787544,0.7313865727089294
279,1.2606245088626873,1.232633951966091,1.2387304164045136,1.2359095280140233,1.2339957184450687,1.2343232263632402,1.0792121619418529,0.9965463869539004
280,1.2578827852700145,1.256801162522049,1.2580109613770334,1.257499858407602,1.2579082963031647,1.2581669028413507,0.6002597240349143,0.5768584753915074
281,1.21262285673753,1.2236682257489029,1.228908402468493,1.231365475512471,1.2353022234354203,1.2355845669846415,1.0218457837310846,0.8393698090765375
282,1.1345941499178016,1.1357086599000026,1.1353453782507619,1.1353258569301365,1.1353828125481153,1.1353648255263316,0.9978573762389832,1.020748411108661
283,1.3522225181192773,1.3502562877005322,1.3499191338645884,1.3504776024475658,1.3501056329173848,1.3503445884014877,0.9332932012156888,0.9027886672843144
284,0.9742592642024261,0.9800408791897426,0.9837092771633872,0.9894319897363832,1.002970134903528,1.0138527371481616,1.2147765292394055,1.084235419132026
285,1.205676084197188,1.2002350290955535,1.2015862002493014,1.2011511101795165,1.2016095349452078,1.2023631691985357,0.7842482194948351,0.6008134422694004
286,1.2122173493032535,1.2111004519889494,1.2112848296289087,1.2108907870720877,1.2108309698317987,1.211109850557298,0.8798472718635422,0.8029024029690983
287,1.0600914552672553,1.039810268013537,1.0424232062819243,1.0418893721198281,1.044485078523926,1.0446351894587336,0.8010515554774572,0.6658919826624776
288,1.146986751396531,1.1474042687304178,1.1497996125877519,1.150861203405356,1.1529533350224395,1.1531901094777783,0.8209597212303607,0.7725980643009644
289,1.0758517155976772,1.0761288537780018,1.0783223360831165,1.0794438905747994,1.082204885298555,1.0832567991750668,1.0371599075384454,1.0387962874553849
290,1.0325941047232312,1.0327746693075286,1.0323893571130671,1.0341413007872582,1.0362316686626547,1.0368342481174895,0.9711346964565593,0.9794271215335728
291,0.9822209083240819,0.9793476391249362,0.9816694099806346,0.983083435532661,0.9841644129233069,0.9856324061717013,1.171482988640936,1.0529754504091826
292,1.1933462381344788,1.19437307221394,1.1947612366732256,1.1953744393674184,1.1961300102584274,1.1965995820308215,1.1350854359013445,1.061912178087394
293,1.258873080022869,1.2619535712981624,1.2627911310316762,1.263876813958287,1.2662875688918935,1.2670388884356811,0.5955713408048713,0.5912523494949514
294,1.0698421904190134,1.0713543042295965,1.0700233450999541,1.0699800792167597,1.0699113918251566,1.0698180792484926,0.8226383976059466,0.8035559995709701
295,1.1701701672165188,1.1744505803505607,1.1766967446016339,1.179269545291837,1.1831752095076824,1.1844373129937642,0.8807776165464735,0.7808042938937543
296,1.259710869794005,1.2556349319296527,1.2596091634662134,1.263119176511367,1.2629094337442153,1.2641968198451896,0.6896453296409862,0.5182503287589239
297,1.326883342428648,1.3263276015802588,1.3267104683643058,1.326261974116937,1.328535519183979,1.3290223540390456,1.015924009116227,0.9142323750584762
298,1.0531330015404268,1.0494454140367748,1.0489265484612373,1.049183747525083,1.0495602535535669,1.0494038687961962,1.095804634555107,1.0416485264846702
299,1.1165487461428627,1.116848592898966,1.1158216768621638,1.1162788538794748,1.11634834938965,1.1162374656892147,1.083256349715824,1.0655319413352522
300,1.1718140948885194,1.1715282593046628,1.1718131239804954,1.172893937382964,1.1741284211887841,1.1748526814882267,1.0500302993468822,0.9937211215343886
301,1.2905791693352398,1.2855706575212456,1.2862090640977135,1.2866129713873822,1.2875252132080688,1.2876734812818371,1.009833281863301,0.9866350034703648
302,1.29847283063593,1.2919098648236085,1.2921421866741136,1.2929044560834748,1.2935995678551182,1.293406075200779,0.848140729988288,0.8217476354888623
303,1.1139633509595812,1.0730099625397522,1.0743345028150504,1.0766977710661012,1.0766335689211843,1.076267399839283,1.325281157666418,1.1191899125437152
304,1.1426463320873224,1.139609644272831,1.139145351843149,1.1392438948300752,1.140056461538147,1.1400962995272526,1.0180610050756929,0.9946785241778536
305,1.1006059636733692,1.0988149847080586,1.0992076268078212,1.1000889908199667,1.1012792219159153,1.1016511594310274,1.1068303412648528,1.045809403805068
306,0.9505128088950882,0.9488018515701837,0.948403431570474,0.948398194405433,0.9480098829961752,0.9480998278730509,1.0830610364458944,1.098005070509091
307,1.2279892243377553,1.1851328743225125,1.1915600624008549,1.186978779388842,1.1879276642219088,1.1905751604731494,0.928527875324999,0.7599282495616103
308,1.19830119680283,1.1982242472708022,1.1970064434621788,1.1970486313306254,1.1965399508801757,1.1966767844251942,0.9006773107567955,0.8328231814775744
309,1.0288706670020336,1.032304525608734,1.035976890532406,1.0422414087145002,1.048802618125259,1.0486459963171517,1.1214857384458996,0.8950745764162542
310,0.9871741050930036,0.9843240826549828,0.9844222690306116,0.9835205232592078,0.9830431237022834,0.9829800304887086,0.9153950547223618,0.9280714651811206
311,1.19346152206325,1.1967444622386,1.1985005725410498,1.2014050756319412,1.2057626546299012,1.206810591644563,0.7857972053921278,0.6621843807168173
312,1.0064765011282821,0.9965731797689152,0.9863343034783589,0.9875460841764955,0.986852924102546,0.9847358498995666,1.1632444546532308,1.028893276412014
313,1.095634384711245,1.0782312026008223,1.0798899083042393,1.0781322479811417,1.0766140524026722,1.0770760348551005,1.0368480936952518,0.9541534099349072
314,1.2449899067767558,1.2426580759156691,1.2419414630041623,1.2412320778238177,1.241247067957569,1.2413307303818923,0.8759337543029433,0.887265497509324
315,1.2144995819848858,1.2125310185412024,1.2155328383117339,1.2148105586292062,1.217533459324837,1.2164086503427718,0.9602177703851136,0.8826921636222244
316,1.1429553513296742,1.144750345235804,1.1445969573124335,1.1445321121101297,1.1441085731789475,1.144011269884813,1.0532909134375603,1.0622498681805512
317,1.109995629044573,1.103212961341133,1.1040306585291362,1.1043238042277719,1.1042322556515576,1.1045735410949729,0.9424475559837798,0.9775907662666594
318,1.1386861609466825,1.1369816769460523,1.137839549211548,1.141877497868719,1.142387177551521,1.1441367041069985,1.0509656666906586,0.9447660956217984
319,1.3319972651755934,1.2890814481096713,1.294055441954313,1.2953755827977034,1.2973810191492345,1.299566847009732,1.0724958183620057,0.9349502323299106
320,1.509261186363865,1.4479561240374763,1.4656023407806134,1.4596947717749238,1.4542981109275426,1.4553534525186294,1.0433422849431542,0.8244757648974914
321,1.3999442475353734,1.395972822089819,1.3956141125342998,1.396115078716015,1.396395079177452,1.395692951877838,0.9854360839893566,0.9470296968523392
322,0.9572616928667084,0.954139480531367,0.9536899013797091,0.9540220874706586,0.954449345127099,0.9547383996866046,1.0621318635704444,1.01369840936359
323,1.0291475086852189,1.0296380553318412,1.0298147464804188,1.0293882555257727,1.0292640789518548,1.028988635657389,1.0087135598034866,0.9775434541811344
324,0.8902273758620546,0.8882308190286585,0.8872039235550513,0.8892907982163328,0.8912630376248519,0.8914961646837143,1.1256074272444248,1.061432249327845
325,1.281439949762347,1.2793771277926942,1.2782603002654351,1.2791138913601252,1.2788773830117046,1.2793077777499295,1.128145303996638,1.064945384002344
326,1.0193020376753035,1.0126677886879363,1.0105146478814984,1.00952517559436,1.0086909379420865,1.0090073511641706,0.9399529956903252,0.8284320708945028
327,1.1407555094103845,1.1395550120274298,1.1394795917283809,1.1411082368379983,1.1420616613771337,1.1424504523294607,1.0917742104907058,1.095801113757995
328,1.1576312500803705,1.1599838199847827,1.1601559782487363,1.1609029517080853,1.1616061466411205,1.1615738256756418,0.8603979830298062,0.7915540371112074
329,1.3838518496193397,1.3855891781968268,1.3867307400784068,1.3883381625441342,1.3920326406059638,1.3932731827315308,0.9816809107807316,0.8677291977451109
330,0.9998943767432645,0.9925592544481614,0.9943994027215894,0.9952347017610497,0.9962864541192593,0.996736248207278,0.9738433785481732,0.9789176441058426
331,0.9907756252439714,0.9863318225945177,0.9859750728121105,0.9877257775095785,0.988471034894975,0.989246757251634,1.0730114203703411,1.031533869837969
332,1.1370703988956634,1.1257020661118298,1.1263575220330477,1.126527425705499,1.1275323176826628,1.1282233459524889,0.7712551870882257,0.6715011616108907
333,1.0654861242754456,1.0494029350591878,1.046464128301363,1.0453075397681126,1.0457194174699502,1.0460083009431698,1.0327154381740251,0.9482038682647052
334,1.033991144886185,1.0292081747458388,1.0325236519980983,1.0339538419747616,1.0327952527421085,1.0327947584603274,1.1332615868843596,1.0664733639471136
335,1.257966432299775,1.2104365399455517,1.2116371303097777,1.2121066303759036,1.2156933457058199,1.2165159312066522,1.2111703821356126,1.0412196086870222
336,1.2689131191189735,1.2687030633691667,1.268726447482062,1.2687572997010852,1.2686236627329104,1.2686717838388335,1.0037589296412497,0.957263599882503
337,1.3792238334438491,1.3808276121957148,1.3813917269558547,1.3825038167168533,1.384190370113712,1.384707954955307,0.8541782867506044,0.7502755354505248
338,1.270499679451504,1.2679841704745682,1.2699081445339322,1.2709537554517423,1.2739774237672405,1.2754104496548266,1.0512590493299938,0.9908462088199104
339,1.0397633231769658,1.0372252571759357,1.0378077219382895,1.0388683155280245,1.04009905783794,1.039973496107095,1.0605932945216507,0.9771671079596458
340,1.0698939845081101,1.0763234938673174,1.0810429637012493,1.0865582464549386,1.1002404833494197,1.1002684038862809,1.2138812091232432,0.9486355718196968
341,1.0602718392714874,1.0605005064166197,1.0607883003409027,1.0603461495613904,1.060420319427726,1.0605178150078196,0.8261022742678231,0.7721979524439583
342,1.0179367505475212,1.0159203678462538,1.0166135742168108,1.0176672401561653,1.017893454467294,1.0180841487125056,1.0663950010296357,0.976174674523825
343,1.041180521995957,1.0415806726158592,1.0394946568976464,1.0404553897099136,1.040333801562867,1.0401582045072886,1.1611743105069308,1.065183014347655
344,1.2473797707978915,1.2498336107136403,1.2551293360006586,1.2593672295266776,1.2614061789212947,1.2619092776129122,1.0646643269016065,0.953938934784616
345,1.086255419383393,1.0696985967224395,1.066049868450471,1.0618446114258735,1.0598378849826682,1.0591182319017765,1.150864609210829,1.0263147288784504
346,1.1599996998605697,1.1584992365043238,1.1585053829684393,1.1588952621519157,1.1596228423852917,1.1595716312683568,1.1523942627385315,1.1127105246980902
347,1.1417666918018405,1.1401557672599796,1.1411040375590409,1.1402912003764007,1.140107486321218,1.1403408893184543,0.97306674797086,0.9256466671428378
348,1.094082684781827,1.0916513235063399,1.091886572658538,1.0912088957594315,1.091728806354947,1.091709714406672,0.7275983967518946,0.7247439931995353
349,0.931993292340816,0.9297873986893851,0.929934466515038,0.9284534026187198,0.9283098864654934,0.9284945730044915,0.9767347865731648,0.9369942931836752
350,1.0641909961957419,1.0585989340132334,1.0607138927562603,1.0600509365264292,1.0609583575737898,1.0616427394189207,0.8611190975245293,0.7102730724074954
351,1.7114478309394994,1.7081559352667615,1.7086921579276968,1.708768477811911,1.7092701507207153,1.7094073198449653,0.5645832892241185,0.5220419489494125
352,1.0998697566012383,1.0943203211520376,1.0940117773737537,1.0952564965246063,1.0972003622518243,1.0975978937954038,1.0505498159313318,0.8955269715069751
353,1.1042629145149063,1.1087419188471934,1.1113666368678286,1.11404605318324,1.1160275639592703,1.1167385817322322,0.8910329039733077,0.7443457756300188
354,1.0513023715340308,1.048975801171868,1.049152000663639,1.0495861319551019,1.04981439609819,1.0497704124822251,1.00318640844977,0.9926608585308198
355,1.0656386446708208,1.0597479522073274,1.0591585740165108,1.0602451931074082,1.063702572058619,1.0651258939174106,1.033353446758006,0.9829753150977528
356,0.9617145891803539,0.9698562693122006,0.9691671319799936,0.9664125374038571,0.9675547739872147,0.9678311479889248,1.0148685520259129,0.9234503255159682
357,1.1050834005573464,1.1054659610784092,1.1064041621349365,1.1060039013585123,1.1061654465717363,1.1063063480317457,1.0463995409949378,1.0137578974469863
358,1.0299794053860316,1.0284787864901397,1.0282050561462455,1.028313191970529,1.028592149816491,1.0285628338102009,0.9593859726481316,0.9566586910462712
359,1.0847641278749802,1.0801385011152194,1.0801368922215742,1.080918890376878,1.0821780823140095,1.0824123954995493,1.1112514137203338,1.032436823070895
360,1.0795493208375961,1.0682959358213493,1.0704861746305039,1.068241521671319,1.0682956904188272,1.0680140146825325,1.0744699137251426,1.0407216417520375
361,1.1084900426207935,1.08553496318879,1.0905292337121304,1.0902630217578306,1.0891673198894334,1.089421174132898,1.0916762272129878,0.9557287476781906
362,0.9366552357953735,0.9352290087145118,0.9347854415856627,0.9344225190410425,0.934174149004446,0.9343965885603828,1.055130170464357,1.0117031278715722
363,1.182579687422096,1.1759139266524747,1.1769247422212985,1.175439764325002,1.1757056401089085,1.175779614121625,1.0309703804464616,0.9313590637804796
364,1.1132878310299266,1.0943557209976362,1.09583603888468,1.0922936768697573,1.0915864737305403,1.0913445610314805,0.8388343559056647,0.6878990512554721
365,1.412195605910954,1.411713576324578,1.4121792287755062,1.412398881626473,1.4128534438717275,1.4130815408150124,1.0095573669943392,0.9885098047226744
366,1.0243714673584876,1.0219933614127323,1.0212871362716378,1.0215034393674112,1.0220062593728652,1.021830770889286,0.887576228344416,0.877011751399869
367,1.1028445998289367,1.0995773558684037,1.0983906828207968,1.0985003682415724,1.0984826466828728,1.0987099455451845,0.7903413718579163,0.7205310987912739
368,1.1551826277332293,1.1128457037524362,1.1154068280761622,1.1155104652440937,1.1160593289785534,1.1173719587934945,0.9872115578971687,0.8819826315509622
369,0.9861309753916359,0.9744727004073054,0.9767103366576709,0.976071970228094,0.9748445119361036,0.9746324042469799,1.068977982288995,0.9636483514608472
370,1.1660708694554291,1.1658315312993341,1.165930624010116,1.165786500188856,1.1662259424693062,1.1668301227404745,1.019270749062986,0.958695583131425
371,0.9861208705477775,0.9765959535031454,0.9800844386297227,0.9845354440603739,0.9906481069197646,0.993314021797239,1.3297206974093692,0.9821404309365208
372,1.0238748582802486,1.0191332029087516,1.0188054308011967,1.0177987303003486,1.0173236079589205,1.0170961233995188,0.8022784958282262,0.7673626799355167
373,1.1186138749834047,1.1192634877161534,1.1198416052583122,1.1208074788594562,1.1214397338635365,1.1216205451365093,0.9655166358646986,0.9748643938931986
374,1.0096694286612093,1.008132553663981,1.00778094496487,1.0067852716403787,1.0068788474688204,1.0070079283770075,0.99380966671817,1.0264587714723716
375,1.091228802164205,1.0915052203382811,1.091481724751658,1.0916598931006842,1.0916165341405233,1.091590045986271,0.9424903794868348,0.943868960642471
376,1.3304973562278688,1.3201680760954042,1.3221454821439473,1.322385447639809,1.3232308765054388,1.3234590106137405,1.0945756465382668,1.0434065252245184
377,1.2613745633188214,1.2626942642311023,1.2652244146049565,1.2685116338859568,1.272064096993564,1.2716721097453652,1.0894247742472387,1.0212444094277209
378,1.1278011513809405,1.1256350140646476,1.1259231907826892,1.1262094721067604,1.128437587700505,1.1287077209645269,0.991422041759754,0.9121040058772948
379,1.2372972228710504,1.2349699248784551,1.2350133699032328,1.2352062071403596,1.2354424154977763,1.235405355830306,0.7301068026576576,0.6787224313012561
380,1.1634986184392517,1.1599956803378857,1.1607409556729853,1.1615896323570487,1.1625932037423203,1.1627568522217615,1.0276439483754027,0.8988512254753743
381,1.0461495161358634,1.0447309444827535,1.0447160260232158,1.0445500372190584,1.0444800440572568,1.0444873420473262,0.7831942149016828,0.7653158402211419
382,1.1720459323968084,1.1736352968776766,1.1726869429260693,1.1731480201578692,1.1735851318821797,1.1744560410751756,1.0040253321691175,1.0069521033029891
383,1.3285676442657248,1.3267254466780618,1.3264050238639995,1.3253155723564007,1.3258942571730838,1.3259490426102059,1.109710335035062,1.0194413180483466
384,1.0191527320475715,1.0157262915056446,1.0130028419396322,1.0123828500251089,1.0115380773811458,1.0112176983727612,0.9645708899854164,0.8974794027306487
385,1.3274505373391063,1.3244800242773256,1.3251932113887754,1.3254765294726152,1.3258900927376285,1.3258445683954625,0.983528072064508,1.0254304689189764
386,1.2875855976682042,1.2929610387834163,1.2961485019261494,1.304154736141814,1.3118238076178612,1.3112763011265476,1.0753478494315036,0.8259500207292931
387,1.0649841550275987,1.0581147784660931,1.057014331797422,1.0580653056989742,1.0570963021074038,1.0572919733236605,1.0480098669001503,1.0649869635000455
388,1.0385775813475815,1.0392518110108893,1.039344810349104,1.0392490107840089,1.0401727673426735,1.0399336877199516,0.9894577354857864,0.9904381236653412
389,1.1007276753564483,1.100348364363636,1.0998750279849197,1.1000671801685558,1.1002328753715411,1.1005630083649867,0.9296658857681808,0.8806448306227724
390,1.2428240123566356,1.2303915144921238,1.2345840742262226,1.2377474769665748,1.242097172246586,1.2439911774427046,1.1473944234540896,1.0211460083441368
391,1.1086262617356557,1.095941253324788,1.0955164568368039,1.0951930503523604,1.0938083144594986,1.0942930649673117,1.16200444253265,1.0402044031478568
392,1.0788590741098758,1.0703598170233664,1.0703412822462504,1.0699601152172395,1.0702550707947953,1.070480441119645,1.0192925995692972,0.9134290929363534
393,0.993246395464065,0.9883579467094527,0.9897657404136541,0.9944523726847672,1.0010943659664204,1.0058465946314954,1.0398890410807462,0.9025194107076098
394,1.1060513038139377,1.1068410159904045,1.1069167923611873,1.1065943458845326,1.1064446814622462,1.1063709208397428,0.9553806826876936,0.9839837642267084
395,1.375925975609665,1.3737480445226986,1.3737208553777602,1.3738513887015298,1.3737981423238788,1.373861062628464,0.8554856444349214,0.7944809662613979
396,1.090938491765158,1.0882204084698452,1.0878318589688571,1.088433724939497,1.0884721727344635,1.0887984181345844,0.9513956147563506,0.9355582955869738
397,1.206541800729007,1.205333956816277,1.2062215285472726,1.2061484012574604,1.206092625268318,1.2060611900311484,0.9326191684658204,0.872400467108261
398,1.043042006905369,1.04214499207975,1.0425248530348534,1.0429469178728124,1.0436335510318944,1.043575060479366,1.1264246103974591,1.0796124494221533
399,1.2758586561053755,1.2726384550394243,1.2756677004412682,1.2789418417558578,1.2790514391226502,1.279716525636849,0.9833434128469334,0.8277946606573252
