,window_size_1_RMSE,window_size_2_RMSE,window_size_3_RMSE,window_size_5_RMSE,window_size_10_RMSE,window_size_15_RMSE,Exp_w200,Exp_wAll
0,1.1726719541179051,1.1253859636627905,1.0916021179933477,1.067377102075944,1.0721790063607104,1.0597950967624614,1.0531671389017163,1.0902826025124712
1,0.9470892556819206,0.9493357331543044,0.9764415354275849,1.0193059501412884,1.0590768486784155,1.042430459833471,1.052613455781756,1.055473356569998
2,1.2952895897793035,1.2228367463806842,1.2429210020136825,1.2433629258290004,1.2099090075031058,1.2089795656851747,1.10455409287666,1.1558956286329904
3,1.3286689127554294,1.1906485385642005,1.1457055610869278,1.0987412988707712,1.050920270625414,1.0547279898714113,0.9540723070690638,1.039539768307746
4,1.4773627709160266,1.1906023969018458,1.1995818562378264,1.1517233872488555,1.1296634113963056,1.1269147227630683,0.8594164214352034,0.7238509100431365
5,1.2664651584911408,1.1717075411890172,1.2378846732537552,1.2564020468462467,1.2275594060147996,1.227683162452798,0.8319867604724309,0.8736040812632366
6,0.6305205275549653,0.732903603754699,0.8293946776197351,0.9637185430078881,1.0624921388926662,1.0850183535130231,0.988109273899571,1.057834985449326
7,0.46492511468042785,0.5319065002092087,0.612475826831587,0.7300903978106558,0.8832169099733302,0.9809681337856618,1.0774411764216432,1.2031495192435977
8,1.1820419103058213,1.005802112814151,0.9730903438882067,0.9346888838824498,0.9084574069024531,0.8967912303228669,0.9079752951989348,0.6885312738838201
9,1.2396060322953144,0.997082510479901,1.0009612332198021,0.960886525162253,0.9316444112268506,0.9253309433799172,0.8908470959013848,0.7189876545144692
10,1.6514502446500816,1.1857293208509296,1.1426886262698186,1.0838965761717718,1.0273367595705933,1.0127036554585473,1.196791856540405,1.118728933932494
11,1.4578089042715763,1.0768073830358178,1.0347089911278489,1.016742293254805,1.000389351499754,0.9811896083646452,0.7755220117336727,0.5110826654338948
12,1.844565329266155,1.095936543753173,1.197952216003556,1.0914725567891106,1.0262489432793533,1.0160789180575365,0.9818053935280188,0.9552498798514408
13,1.4784334819744256,1.1928631097592666,1.187902753823704,1.1464231994731113,1.1122242454375517,1.0943272951465077,1.1038667199231744,1.012149853032532
14,1.5019021838596016,1.1044301540415598,1.1396246940712251,1.0789814562569247,1.0423692962016875,1.0328912805578299,0.8528411797096002,0.8962694715342352
15,0.8548618455504359,0.7838850318047036,0.8564039426405069,0.9803932492881412,1.1137764249765538,1.1442118592134274,0.7046805242402451,0.7107376277340626
16,1.015190467438244,0.9391662307729144,0.9859324090601739,1.0230457363754393,1.06292347883681,1.0806610275905126,0.945526027256959,0.9252569454724404
17,1.2160449368140491,1.1049882437308733,1.0761654184007274,1.0540181165314346,1.0401692183625852,1.035095025920421,1.0249425143288058,1.1140642251076782
18,1.5263689288483704,1.1253866294617412,1.1481027358803466,1.0773292120389921,1.039703765335217,1.028775879590081,0.9849124621707124,0.9876366657662188
19,1.2066217834679784,1.1842842336517079,1.199949925054165,1.174203082161004,1.1870125081329568,1.1795718297260407,1.068008712456159,1.0985456445500412
20,1.111853713135377,0.9682083980797689,1.0215441767207307,1.0600960440082736,1.1430515172878377,1.154627635167503,0.7447535926438978,0.7006989000165537
21,1.5074104939875803,1.2012926546696885,1.1777601840419951,1.1423509228808375,1.1096456770987468,1.105648086329783,0.9190720755122808,0.9463491313824758
22,1.428346419686386,1.0732961777681496,1.1632643719221167,1.133171483474881,1.0982593144646273,1.0975817562795152,0.6746507336781135,0.5495760431967813
23,1.8311330059602717,1.20551273810395,1.1961136184722676,1.0954652413917993,1.0533832459544754,1.046689569512566,1.119417427112802,1.25962467939419
24,1.4660942131232033,1.2705732549668953,1.2690419644089914,1.2156433159695121,1.2014972425028407,1.2002870601968791,0.8389293743641238,0.8966354285996435
25,1.7390294265588977,1.3243368955491512,1.23563200013578,1.178568364361007,1.1148257325232676,1.109050204523414,0.9473551621693752,0.9393271147465244
26,1.7903622880523937,1.0653317011746846,1.2535756013164683,1.1475210466704537,1.061036483607558,1.0584434549805404,0.9927882756970132,1.0384411417470252
27,1.5024237585317028,1.2234606998829547,1.255094550054177,1.2169789745714328,1.1895740633224223,1.166992572723425,0.6770686197114044,0.4832612207825942
28,1.4356441506792583,1.0298612072774584,1.0826942041719794,1.0251467176277573,0.9996155391694412,0.9903329760641748,1.047912584944833,1.1511453643108869
29,0.9665345608610717,1.008308800363264,1.0361942831909021,1.0756838267002087,1.0573689418446048,1.027338098823142,1.089168351693789,1.2219188143157838
30,1.3459447123164305,1.1923152312307728,1.2272533813870037,1.2310523180856219,1.2179391906855286,1.2106593433113513,0.7601245028947529,0.746487879151146
31,1.0045882530783372,0.9883731698949328,1.0390087834342383,1.1117167655000284,1.1568963347298855,1.1492602730534254,1.0030141325889126,0.983795965472658
32,0.9350977464502409,0.9405195857549109,0.9976082539082096,1.0414625351232167,1.0462316451797273,1.0585388157351194,1.0361476578731788,1.0407044739488929
33,1.516061736164436,1.0969445376933356,1.1615649202717964,1.1008910911781948,1.0693755968003205,1.049203912439722,0.8808321827004748,0.8014966975672293
34,1.3656010394982232,1.034325610819732,1.0083672820191225,0.9552664882861936,0.9313461829204017,0.9117948091652603,0.9115072846835852,0.8973627153620253
35,1.1637154224211599,1.080385351146875,1.0800786744352473,1.0629540587993989,1.0708951698328861,1.0499925993425916,1.059454905863468,1.04403589237894
36,1.232591704643458,1.197743581602217,1.2153147761732455,1.1979772255171621,1.167255616125846,1.1591424428083523,1.0412393127807276,1.1118748385367532
37,1.1172587082840724,1.0370681406886892,1.0259942022568942,0.9831153885579376,0.9362007373037695,0.9302417272709645,0.8676004150033293,0.9226472033351232
38,0.3339662194831867,0.39555689967119056,0.460575045464747,0.5762050529084243,0.7822101706431449,0.8968462970726302,0.9031226139145008,0.8377776777122667
39,1.2584639715524635,1.152644370662488,1.138672199906043,1.139966005484972,1.1581315192674144,1.1293030776881638,0.8940967455672642,0.7228740013112366
40,0.8041376385745417,0.9071456574518331,0.9771042437195688,1.0400785181886771,1.0714777462042087,1.0466454347498015,0.8791012437790633,0.7546736080912371
41,1.8164635940509577,1.20875840592069,1.21759290310198,1.148552080726171,1.0722031035212867,1.0698478706834003,1.0161632350025185,1.0493165902700516
42,0.6902669197445904,0.5953078574362477,0.6281839540174315,0.6740353193131683,0.7315784600095104,0.7905332388839549,1.1745749224991062,1.2663520439978542
43,1.7847911733435846,1.2846871242383917,1.3998353545865188,1.3229214476821602,1.2680017324285766,1.2588330867725332,0.6513559497541445,0.5553054404217893
44,1.0460579350514496,1.0818841574432687,1.1322691929307631,1.1816633818685078,1.1968185513175502,1.1654807112748178,1.0086549167866343,1.0266253228496138
45,1.6246807462788118,1.0793728274636127,1.2015615527209091,1.124599435683683,1.046314702754939,1.0431255081622635,1.0503018693771728,1.0985955906060665
46,1.2300163817764957,1.121630450927273,1.0958990340546528,1.0719071835890646,1.0526479794028027,1.0469280469147018,1.1158285660117255,1.1700739232505626
47,1.4522707751809836,1.1951386298476192,1.1886308785661563,1.1736165150605702,1.1520848358476297,1.1324635586447884,0.9597420697318186,0.8650424193122082
48,1.1406465805023132,1.0167604203133758,1.0050397532364417,0.9899856470910787,0.9787593307813078,0.9673895623460802,1.0923348824100354,1.1745293933054557
49,0.6130322186031345,0.7066768556430519,0.7913155619289451,0.9032928522945103,0.9942984813579012,0.9600900323375753,0.9770704521944932,1.052163015969049
50,1.8939110116244682,1.3480825841007515,1.3826161083902746,1.3029406740919014,1.2632727302708997,1.2474402655066161,0.938019382522377,0.9365635472084805
51,1.5241304728761598,1.2068657264222884,1.2116022353685865,1.1682006648424215,1.1375808353466759,1.128728111102498,0.8231527668813368,0.8053724762269826
52,1.6254440138026425,1.0856891360766479,1.1687770002761775,1.0910552405870035,1.029636253088242,1.022621834247569,1.2781434163834853,1.1771306036790632
53,1.6455101810938226,1.2647382774345648,1.2246482782144648,1.1699554096474476,1.1173917338565307,1.1017818866377227,1.0419590212140717,1.1157503481562598
54,1.053853120283892,1.071874373460634,1.095117319929861,1.1391885267329438,1.1842219287309612,1.1759392843326755,0.9393540040782088,1.0303494684651089
55,0.7801597630957382,0.7438226817593223,0.7847539347907065,0.8251445073398539,0.8832405491058039,0.9011786275527649,1.0148704790230232,1.1123620099378977
56,1.303330873104295,1.135285779549865,1.1210749210344866,1.1174147300531418,1.0915147289693683,1.0725698374409904,1.0785851692653683,1.1320908330883384
57,1.6458390309657382,1.2555311733599042,1.2574061499667801,1.2132171824084073,1.183565754028885,1.1684629814241387,1.033982536372991,1.1006198092172872
58,0.592540788763694,0.6654944985398468,0.7346848083307094,0.8292813914062452,0.9696644656973105,1.088425634591583,1.0958699397353278,0.9967222993786016
59,1.3899121402357903,1.15282018794692,1.1138356715369206,1.0754152561439634,1.0928086590034536,1.1074129188147195,1.015642053355608,1.0832076241789197
60,1.070874551688846,0.9706440624591927,0.988634740534802,0.9834055728177765,0.9804007250064798,0.9766607168715437,1.3244695713394978,1.319720370055907
61,1.9297023913729054,1.1815582473394393,1.300204985231882,1.200976750394789,1.1530874548806023,1.1543787208564975,0.7971927968592296,0.6327827725912468
62,0.8439495878795396,0.9434564835058917,1.0162407869306247,1.0818948727199735,1.062700552853383,1.0783950184680637,1.0026986567835767,1.092095561134998
63,1.264941976126664,1.1067505467671896,1.1162916510001302,1.0981518373742938,1.0614568214711766,1.0447225265042654,1.0493553442592112,0.9515161363409728
64,1.4861437126917065,1.1438638041955185,1.1259598385369498,1.0767702861592185,1.0486071692427412,1.0389880862808398,1.0036026397782292,1.0942120338092678
65,1.7564623214942852,1.4400825342402264,1.5011602365251735,1.446109978695703,1.3994548695893225,1.3662908720638103,0.7802273434994896,0.7953635780539265
66,1.341785264964921,1.075004076792535,1.08120231471167,1.059780975742501,1.0495888318170357,1.0509337219144468,1.0272859896515778,1.0937398072927782
67,1.3481218050629833,1.1639172012969328,1.1450656211201067,1.1132654808727622,1.1382157008065883,1.151105385845086,0.9442515705899204,0.9730180593231677
68,1.19774629728028,1.2097584096103318,1.2292355466582834,1.2543515234491636,1.2436726420994808,1.219917298745263,1.046264578362358,1.0629392939839002
69,1.2433217518724504,1.1481282512508646,1.175758808251257,1.1856900283382457,1.1591408603089561,1.137884699673993,0.7851450666894432,0.7374134903866869
70,1.597530019393493,1.1001501656559738,1.220425690599074,1.145876538713642,1.0832955731153353,1.0861536375553313,0.9412156362943024,0.9920064458435054
71,1.2535797860920517,1.1005897597147267,1.1234309698012164,1.1114654875003558,1.0913580067584892,1.0732746755301743,0.9822097525074126,1.1043819038134297
72,1.4536252647133943,1.0723152050252207,1.1452936763765558,1.1100686679455554,1.089945968503365,1.0744787935661113,0.8388666587399412,0.7748553866508829
73,1.7470696340301142,1.1776694017111522,1.2097565348268837,1.1401916288358624,1.0979023074684136,1.1051305192931373,0.8030871483568118,0.6256820706041886
74,1.5365491664480526,1.1840462415330621,1.2120046485693519,1.1571916022664597,1.1148346531209083,1.107643168556371,0.6838904107725686,0.5704026435705817
75,1.824272272842756,1.2877419615711825,1.1986630915070386,1.1516753826040882,1.122942800310904,1.1101706672745115,1.1555556700245857,0.956827411327308
76,1.2576388004868242,1.119217972244137,1.1309020276909332,1.1273221388450954,1.1488298326126942,1.1625245862160722,1.1618312335492944,1.2628950996098405
77,1.4564052330623534,1.1956492299563144,1.1727171824233746,1.1271200324397381,1.0775953432196088,1.0525929104724383,1.100180750142537,1.1692557452057597
78,1.4227031905545884,1.1495163613496082,1.1145674565786414,1.0556653818138373,1.0316280816015162,1.0148968579885318,1.0517452221513612,1.1008963944195422
79,0.5582792622737464,0.6501298087960934,0.733812887316903,0.8466371908232336,0.9595591592240874,1.001966206486626,1.033562855506664,1.111567932699642
80,1.3798958182264802,1.041047421293253,1.1087672919315126,1.0643248064322535,1.0228445669546582,1.0098953681863738,1.151320055364301,1.0084118661553585
81,1.417082821421267,1.1082129179720548,1.1118316929548573,1.0632162311803537,1.042355699696129,1.041249715619173,1.1187406475121622,1.232800881582773
82,0.8848270747902192,0.9057326695512654,0.9330211244646762,0.9691376341741234,0.9807080461131724,0.9880518099421526,1.0385734598068694,1.043123272258546
83,1.2801876146173101,1.1173803146619803,1.1510797950655756,1.1264640968594857,1.0633416879747741,1.0700237421969871,1.042862091823444,1.041226634720389
84,1.2269594192787623,0.8643618621461119,0.9375316906419939,0.9411343924101333,0.9626844699534703,0.9835480417740127,0.9413585751659924,0.9018693046538931
85,1.8052888532142903,1.2232223949370538,1.34670261775851,1.2629617294383735,1.1875972834193214,1.179510476715447,0.9779583018438358,1.0898294179244252
86,1.2901008082023424,1.0476659741771115,1.0724213887273961,1.0409816745106357,1.024799619884694,1.0166026216606983,1.0815827768212634,1.0089219517199626
87,0.6595680142560317,0.7226971853354242,0.7832119156899614,0.8586082524577453,0.9388068881083123,0.9837961978101084,1.07272518811424,1.1872605151756093
88,1.4478646389121106,1.1569174303719088,1.149058309274528,1.1013837660192183,1.0608964670600458,1.0487129216163082,1.1375148057083468,1.2346517721067365
89,0.8677890972405568,0.9962985784509185,1.0787142980361335,1.1278487393982368,1.1340191603802898,1.1283940677915303,0.9949614010053952,1.0080193112928648
90,1.2258357769921595,1.1876230988863254,1.1701262640280565,1.1544967331583116,1.16955177795483,1.1657882256082137,0.974876776784891,1.0040914866642567
91,1.2477851297602078,1.1356740177136087,1.1366434326987287,1.0961698050101931,1.0815450436826264,1.0875448178130456,0.8644348309855164,0.7588248227661962
92,1.681956628928458,1.1753376398733182,1.2191568582375472,1.1412644514996102,1.0978120985794235,1.08783014991932,0.998419022120529,1.0189793745253963
93,1.9498043357722676,1.2345369525945333,1.3762740352100051,1.2715115878668584,1.1795631796264208,1.1735738380803853,1.075249860604415,1.1430814533698177
94,1.3888019144225225,1.135631546137446,1.1473894699139713,1.121763782606829,1.118083307762598,1.1109443425314018,1.0301049055117044,1.065057177573448
95,1.5396869824052506,1.239229989742864,1.2610631250219646,1.2221258196382914,1.1978333699453638,1.1801370419795016,0.905113288751546,0.9768986036478532
96,0.727470918837331,0.5829107839833527,0.6395751331591109,0.6882038758334339,0.8117249006733707,0.8899375165346567,0.8239565352846848,0.733985141486839
97,1.5604136629386922,1.0057432621896025,1.1394025062343525,1.05877670864118,0.9859762489791412,0.9912100242204509,1.06537374168332,1.11490131648922
98,1.2957443769076433,1.1695672160374304,1.1524538597659764,1.115677436277594,1.0692196701983319,1.0456583487005362,1.0018568277652111,1.1199368430612708
99,1.7162986533071474,1.1126606308022284,1.222475039802808,1.1367264998734676,1.0806701798936786,1.0861443528882881,1.171756842548196,0.940476584457319
100,1.8707458071651362,1.1419986310837125,1.2363119729106056,1.1291271226983068,1.066879179926692,1.0632965931263534,0.7508114840962185,0.6042802472588454
101,1.2705143727622652,1.051756188428642,1.0375017195003085,1.007557866794195,0.9854377062115085,0.9788662594935084,1.2523235899026468,1.276911669970684
102,1.6167638164687754,1.1882248133138433,1.1937014727686677,1.1332621860429124,1.0966122457281442,1.0730534441278732,0.8910194129962228,0.7267184523829532
103,1.0426808527213984,1.0581952240675716,1.0760664583782407,1.0865630156549386,1.0441678089153816,1.033806420037279,0.8338916899076558,0.7685416566778646
104,1.2848547151277634,1.113636319838506,1.0736242668588039,1.0484558129521366,1.0087589103379073,1.000566265766533,1.2083900166011512,1.1998609731587455
105,2.10322384783278,1.3333266126583354,1.3097975612470316,1.1991433688357889,1.1322441455626853,1.1188097483724404,1.120708300119749,1.207267152934958
106,1.4811224343376388,1.24456254586581,1.2237102355420308,1.1611590686988655,1.1268249266235717,1.107522350034464,1.0012802694483725,1.0532382842456076
107,0.8627729271760082,0.8888013046902579,0.9236467636879422,0.9582572233957598,1.0068922650442333,1.0078864794725115,1.0330665677000868,1.1497732610307358
108,1.4080857604246417,1.1720101214853633,1.1843472977966274,1.1579158320733836,1.1429997762120772,1.122408054027551,0.8100415895794626,0.6778311474081352
109,1.0783756695830649,0.9652092132814218,1.0262091119293884,1.106683996785423,1.1535598877284106,1.1765407126099854,0.8855104368984686,0.8940258592423952
110,1.9638540085862621,1.3079832806896678,1.371740060478538,1.26993476238328,1.2123161491406813,1.2098068496904837,0.7927532271468845,0.6819660429821245
111,1.5531536698392658,1.1441006649537457,1.165256930063619,1.1074812509796366,1.0531782412061168,1.0488453583146453,1.0946939939621303,1.0347229435266383
112,1.5619249559309805,1.2288747027994247,1.263375297664824,1.234185211790217,1.1952862837507803,1.1912263870588828,0.6431719108036882,0.5180424681913873
113,1.3470872391174193,0.9748014229535472,0.9917679192385151,0.9536020784351578,0.951407889123078,0.9612095360626307,1.0669194471355423,1.1085883743585965
114,0.844038945631184,0.8857636265756373,0.9532525296738711,1.0410109451872191,1.116312138999953,1.1209949911011547,1.050995735520874,1.12879811017359
115,1.765864579069129,1.2015340297884345,1.1821251358009839,1.1062857010245497,1.0750062882456237,1.0728371087642388,0.8471527333687402,0.9310775596840832
116,1.0301445522330475,0.957894714050491,0.9541336358012825,0.9512157881565367,0.965277390064073,0.9837634526310302,1.0047991262367568,1.0983376438437866
117,1.7134539393013257,1.2893113542056598,1.3905804106451074,1.323937248233064,1.2706920112415765,1.2669123295954532,0.6591468039577866,0.5459573572941699
118,1.8717271319618791,1.3347593236477353,1.2779824783084133,1.211885947457605,1.157213350887598,1.14266722473914,0.808260009705203,0.8204544634166844
119,0.7632786169882441,0.8592475013885702,0.9472833774768412,1.0577054040237053,1.17248786923685,1.211003900920393,1.0287646154105503,1.1155557680868389
120,0.6967378926919882,0.7820390356400128,0.8569897399551676,0.956204609337056,1.0602058090440825,1.1060922921391092,0.8888085724018301,0.6497590841573448
121,0.9525596067505367,0.9471228679083284,0.9929613376970693,1.0292771158475493,1.0118623442150858,1.008573790603015,0.9326366138248456,0.6218832330314126
122,0.7054248732132009,0.8165402668800976,0.8976171620844531,0.9868856470481281,1.032871049947439,1.0387625594707863,0.9536265252301168,1.008204380319776
123,1.148604375764126,1.0579672799239246,1.047572830914086,1.0318888334483145,1.0045541014844446,1.006498785837887,1.071654097146761,1.1370415762855743
124,1.117515119272413,1.0719972649031635,1.0909227759173186,1.0713448455011045,1.018716426132156,1.0347447525303055,1.146585349138291,1.2245371426302056
125,1.7163211376155663,1.1443811802745807,1.2274697120540305,1.1309256380952446,1.0812461699071518,1.0733312686623167,0.9738835370298636,0.9959804641650596
126,1.6793879044120688,1.1812520160527527,1.3383543626292564,1.2752895576627474,1.2031566502280375,1.2245466777277745,0.7874456244503473,0.6129695107085249
127,1.5210947552820338,1.1762072409422955,1.2072333496532304,1.2014600773780948,1.2238944321704472,1.2219058507881888,0.8066999257969211,0.73638496896701
128,1.789221282659818,1.1782369485351818,1.3303050369545188,1.2372606138143993,1.1740584616472987,1.1634090981086882,0.9926584603213092,1.1108225067287676
129,1.1829780511826484,1.0518008703620816,1.050415507184804,1.0593148649850657,1.041580549941813,1.0636165111216014,0.7908856140841393,0.5975198909040313
130,1.0028911338477442,0.9888422879416507,1.0030304694323373,1.0076702775752147,0.9588152899715501,0.9516536733252368,0.9785375740205002,0.9526854112394424
131,1.2057285171574195,1.0223459354276245,0.9919944897443018,0.9581250057858586,0.9201792395842809,0.9058703986776746,0.9908413105710662,0.9256621857954828
132,2.214707071475726,1.3010441854613928,1.3154130300824045,1.1897622272435184,1.130890415521483,1.1160987346315596,0.8870684700593052,0.8035748187982386
133,0.5936112326677722,0.6834592368818027,0.7515570987252819,0.8525093060705125,0.9640053262449255,0.9970915391243507,0.9586942918248552,0.9897138691804014
134,1.619125890867007,1.1334659585878355,1.2108876937309694,1.1276965364588714,1.0817749734416977,1.0685678446559672,1.097311081283618,1.175421530532201
135,1.22626601731583,1.0895542263896612,1.0798632145300584,1.0696928690532117,1.0721744732129688,1.069524951294795,0.7487171804862048,0.7466913473243664
136,0.9083026159486521,0.9650772696363562,1.0154367740898347,1.0647096734454153,1.083722406440623,1.0864297557062979,0.7295984395210232,0.6950277178982315
137,0.55080726290052,0.624566873348503,0.690720985496946,0.794361544121721,0.9450490532651212,0.9989451825493,1.0309204742108316,1.0444315463675415
138,1.1898919854665744,1.1085873146241232,1.1303574104051484,1.115806287817868,1.0849302523732356,1.0678875152982494,0.9288391489991736,0.9602491447938812
139,1.3872672941238913,1.1153634519957139,1.1411129944034442,1.110259933949462,1.0959829011194995,1.0792378977324988,0.918648728923042,0.9265373422798828
140,1.3802699461444219,1.070690447495593,1.0760623534240077,1.0368578446710937,1.0101782083850022,0.9963822602066097,1.1235276065642186,1.0170544543514246
141,0.6807993356632009,0.7251932605359379,0.8069576679273113,0.9070036481153795,1.0242889941935833,1.0120243304546483,1.0077657159454931,1.0164745861392328
142,1.7380648372943854,1.1068137175567525,1.1416144203836591,1.0504060506149382,0.9968578612732402,0.9967207828655475,0.9241638337846728,1.0245863097079635
143,1.1967210509521384,1.0804347477427854,1.0994666494240137,1.0990702276780613,1.040720055592483,1.0294716629010863,1.025800860842118,1.011299258559489
144,0.3679025904551047,0.47463798208094704,0.5739210359896516,0.7387958100976657,1.0154883845350444,1.1461547070696063,1.0997029946518966,1.098205265022883
145,1.372303066273218,1.1350722233202604,1.141321486778328,1.115061975944107,1.0686963663380145,1.0659579471283778,0.7318423378120665,0.5572708305847702
146,1.5925768466695875,1.1178350536991564,1.2017352149186291,1.1365326418958854,1.0893883424925062,1.090984198198501,1.0699407920223682,0.9699464433439444
147,1.7947368478795196,1.2329887914602826,1.2704424905500729,1.2183790729464068,1.165398073659219,1.146555634135487,0.9924358112846252,1.068050317958337
148,1.4140461741138377,1.114352320791467,1.1322823110285107,1.0872224784056863,1.071122690007392,1.0687625496371405,0.9235544510937856,0.4547491068934959
149,1.512913682009787,1.311846657022594,1.3323033578492052,1.305027750127123,1.2396099575102932,1.2203650223356806,0.6743562672165904,0.5984600959938683
150,0.6324899400736811,0.6876029956103749,0.7456036514299519,0.8396323464843165,0.9287611057392612,0.9005468168921124,1.110001629758912,1.227719674674432
151,0.575288443171128,0.6666402095067101,0.7547969159033935,0.8953543028002375,1.0930347913345733,1.1243267215995516,1.080645499995014,1.1882788855821504
152,1.5002241812731392,1.182431010899387,1.1649646744359958,1.112557963727568,1.0955105201219908,1.0842849988051515,1.1352746560020652,1.2956190486497845
153,1.2803391575522907,1.1301200503283668,1.2209688605254292,1.2505002147742728,1.2870643479845687,1.3090068922527462,0.9219667426448545,0.9034842043291194
154,1.104606095583632,0.8997804307826943,0.8903541668623509,0.8478412316917343,0.8302186799080535,0.8235885277532841,1.0638009120441922,1.159044830246708
155,1.2660820899341616,1.1211443206875082,1.125594139276878,1.1020855485220973,1.0809246316083012,1.061382319620265,0.9167854325275802,0.9710111434856687
156,0.9211626480113881,0.9440880537776367,0.9731626072956301,0.9970400335604225,0.9585860277937132,0.965804710361589,1.0723738453346514,1.154236183753842
157,1.1356165276299586,1.1265465034899038,1.1523430849765683,1.1612208759044147,1.1413536624972158,1.0981897149757365,1.0091739965441833,1.0765379827128163
158,0.7223815690683897,0.70705014849267,0.764209038767781,0.8527042654524353,1.0178231092750794,1.0992954706395097,1.0533684365422014,1.169042217626309
159,0.7671938686075384,0.7496831114709289,0.8101474210234549,0.8621199377459086,0.9397687391599295,0.9658474453366077,0.9568683861444732,0.9827245546096351
160,0.8795626657833235,0.8634320954590183,0.905104057282512,0.9316009016353306,0.8719731165681538,0.8959911323143777,1.0942910329288411,1.2133096696703298
161,1.4325646594944765,1.123726856056354,1.1416295146017637,1.089917856513138,1.0694039826507966,1.0618082140111964,1.149567557883283,1.2088199979557286
162,1.4098823330962291,0.9769762018780859,1.0415243197434094,0.9995406093399913,0.983521337545532,0.9909691649133887,0.9228929205009868,0.8997135469427101
163,0.8145244473172492,0.7792047104164312,0.8184263881932664,0.8849275770345626,1.015387983047542,1.0630238185031646,0.98886440770139,1.0812622741518865
164,1.520526383658648,1.1220407368076124,1.1728359866180387,1.1318107366931047,1.1244380260148137,1.1253293723991094,1.0163706591138684,1.0747684779660376
165,1.4233066067002123,1.2889086286573508,1.288656348128773,1.2468425413843487,1.225934687746648,1.1754195089975388,1.0270518028101998,1.1739387562912478
166,0.8458866060347858,0.8253478956686031,0.8465169226898405,0.8679274913185391,0.9024767891288428,0.917342317003508,1.05270120309054,1.1058035645617046
167,1.4831379168671348,1.188162257841839,1.1768614333886578,1.1333074481190366,1.0974731033625764,1.0895278842247098,0.9791026217576264,1.0319071424513488
168,1.760402048454973,1.237527413121708,1.346150450000781,1.2633646825229408,1.225826846895837,1.2070620566077248,1.0205845451910494,1.0947488338831302
169,0.4136402306748734,0.43794829655449863,0.47078131907580834,0.5469003680985883,0.6846591918776193,0.7135092435628809,1.033715884335775,1.049593830581519
170,1.2922213414846513,1.0893346081980007,1.0863059985193866,1.0550990396940323,1.024222465104174,1.0245678802765688,0.937507994816379,0.7546373468533407
171,1.766614462220058,1.1875302318459269,1.2829399457463173,1.1987800331882235,1.1459870525204308,1.1442800417973757,0.975698592919587,1.0194243130864349
172,0.8957903744875158,1.000784880058908,1.0684611627878096,1.1309868399839356,1.0969565822295035,1.0999574806367964,0.9091753379440212,0.873165558488955
173,1.3024040175095404,1.0743010189000302,1.0291725540115775,1.0461409876680223,1.040807751946011,1.0300424635569705,0.884237082815821,0.8086681236159079
174,1.114153560773072,1.0165322275797866,1.0220529822997588,1.0014258186303815,1.007969326030305,1.0052629958574206,1.1191303591309223,1.2179414939684436
175,1.4108303749661157,1.131751269974726,1.1309130506420595,1.0910020824836926,1.0541220705441106,1.043899754112731,0.9026946071715888,1.0133371449024249
176,1.3797954778590573,1.1723569144972714,1.1480786360083264,1.106015186163534,1.0634796087988663,1.0544761710165529,0.9459990161971348,0.8773565572453527
177,0.8019143348721066,0.8802725090083824,0.9137461344049045,0.9136288128535217,0.9148482867161426,0.8879448470847201,0.982408337783011,1.1456034082600108
178,1.5269828011965456,1.2011494657226713,1.1729515716731929,1.1043538315981725,1.0665938414248366,1.0445165122080364,1.1098593659861182,1.126679331699226
179,1.4786373483378679,1.2257584606262129,1.186782324526756,1.1348012095207825,1.1178848100268728,1.0989603986034522,1.1860269222106188,1.264274944132068
180,1.4462063509379866,1.1255112303622385,1.1386535581848392,1.118341373862965,1.1179218494724907,1.1359215696300065,0.962127115930462,0.9195910982174488
181,1.5124982620325282,1.0351746202238505,1.1658670368537924,1.0945113502695794,1.031582298274438,1.0342258031009284,1.0484319333330354,1.1843601160237776
182,0.9697091720459113,0.8608719150247042,0.8522827374255585,0.82801593095426,0.8067366152851552,0.7914665444972069,1.0644423130994785,1.0734590562317146
183,0.5884238819640675,0.5365626277796723,0.5952245116817751,0.6999364234757788,0.8507959969888272,0.9290849073900721,1.0590671434621255,1.183702417329323
184,1.4244247275829385,1.229064185359263,1.340023917265027,1.3216819240081819,1.304891935180978,1.3200730529044489,0.5404055631143826,0.4264995736539119
185,2.0346776775611004,1.3382639847468911,1.317141189191629,1.211986577350668,1.1536834445757336,1.1346091622589978,0.8236345690005312,0.8734602227624485
186,1.6237840459977118,1.1499784897378835,1.2349327100494574,1.158263157576936,1.1053582032140299,1.0997475201777414,0.8870630966563199,0.933204526198702
187,1.5613516146985171,1.1911559040653485,1.2088511802338762,1.1402143106983842,1.1026266431713316,1.085082476530468,0.9180354365558469,0.8719579343860567
188,1.7142059614227447,1.2727756313305738,1.2490463347991283,1.1617837465419316,1.1289272408815973,1.1092417161895132,0.927631991578195,0.9979397497330552
189,1.455736377122521,1.2113945251270153,1.185830642508072,1.1452154148861406,1.1446985786115889,1.1388531740157255,0.9793942229548206,0.8290374603168356
190,1.1306265861802596,1.053881493443015,1.0567993940300127,1.0603932745476268,1.045268906046763,1.030799545707301,0.9383061792329704,0.5539534119788765
191,1.760218964047689,1.2325643489940123,1.1949513392450142,1.1205038718225424,1.0768161653623824,1.0645058027818946,1.2067692603967035,1.1584686672329456
192,0.8666326703601736,0.8331725340386453,0.8647433873080015,0.9082112857965651,0.9528012204748685,0.9828806011600423,0.8774051612312274,0.9022985168012414
193,1.4107351856863206,1.0044539895300955,1.071216347524403,1.0124150455479954,0.978566631823675,0.9735517328441154,1.0739086714718231,1.0285050440235588
194,1.502975380978553,0.9857786057207378,1.0889252336295208,1.0239469353545991,0.9821151233825589,0.9743000725087003,1.164843965192906,1.1380347625247045
195,1.510177088761718,1.1354692311948087,1.158243401159193,1.099861752822963,1.0723463698404279,1.060487454846643,1.103813228852392,1.2267346984594605
196,1.1820130696197035,1.1058419610731292,1.1109402154675823,1.0992552623950318,1.098900145261414,1.0864727790757818,0.904588011068276,0.7616001242371371
197,1.6712569854029282,1.297066276442211,1.3266166959509615,1.2624661139167332,1.2102098841060311,1.1995991175737768,0.6537348057812783,0.6022101864231448
198,1.5071974287735659,1.166594251405233,1.1222811038314346,1.0973161172760921,1.0584301771390323,1.026938918167612,1.0380570590917233,1.0722505243652545
199,1.545771942832364,1.0399820265009139,1.1502464610981322,1.0738803259002634,1.0157013416806957,1.00752944863327,0.988661434511135,1.1253088372794715
200,1.3297295033936094,1.033679335363666,1.0813707620662318,1.0324214955174469,0.9852862886632742,0.9789658438956272,1.0382130050302836,1.055429691694747
201,1.2884676249136804,0.9985630690555222,1.0572704596860276,1.0547954137269806,1.0773728884079685,1.0853939938078725,0.6935029597287509,0.4391485952801448
202,1.3409659422361835,1.2649350225805969,1.3010225262658042,1.3489293243565785,1.3760544513550004,1.345574922671211,0.7083994236962525,0.7096085796834803
203,1.4152523531744625,1.078205571050219,1.051938693964111,1.0000030248588816,0.9768073130594193,0.9677160300770028,0.8387057209791665,0.8813423987321198
204,1.1873485157866606,1.1329159808630946,1.1327570260434436,1.1246975418445218,1.0727244249281276,1.0581787569516716,0.930418147855168,0.9512278009053842
205,1.358009437875339,1.0872956846893054,1.063496625200539,1.022974991850908,0.9971786578364179,0.9845100132456248,0.8886394769871319,0.6379207275022878
206,1.0014764307851733,1.0267089515676178,1.0697293082498058,1.0913744872240827,1.0863852186332743,1.0962608057013583,0.9179269612381497,0.9722802145869052
207,1.1610440518994403,1.1300305085628402,1.1418864922866296,1.129904565927991,1.1014316147148113,1.0922560444124478,1.068628012881892,1.2107821118741406
208,1.1423717750607982,0.8101653308093993,0.8448706248830138,0.878804815670871,0.9599108916503207,0.998193006199649,1.2078066093599311,1.1964826189064666
209,1.5684175877896722,1.1731839548331782,1.1657446367809305,1.1123961993721303,1.078355564300917,1.065612359853138,1.0003322758856392,0.7929370517910993
210,1.2458490733402494,1.11180941602255,1.1025382536412056,1.08761176165183,1.0671748972377086,1.0600046389608135,1.099594579210207,1.123603763012764
211,0.8803959062476557,0.9454564931881332,0.9969975602921999,1.0624668591624378,1.060644499062412,1.0494103219757571,1.1666637970977871,0.9544711861163154
212,1.148251234508219,0.9318470509178588,0.9203845516474827,0.8894124048732343,0.8737878805341095,0.8701160317429295,0.994657116581182,1.075175360125719
213,1.694585819933963,1.0133578001607602,1.2042875712054055,1.1092219906145129,1.0345252866114698,1.0339445930300613,0.9473781464860548,0.707139413555985
214,0.49454209961524404,0.5595265226094499,0.642479471117217,0.8042035176108957,1.0621073777407395,1.1833016894544495,1.0846075789886316,1.1969259146702331
215,0.5170906227910931,0.5900901609485631,0.6588638766323339,0.7479308027895925,0.851428947039598,0.9129771252288528,1.101246951161176,1.233077223593698
216,1.359162909476782,1.1766679087036644,1.1461900246171475,1.1402391916988321,1.1562685379870896,1.1627663412932776,0.8600725923940067,0.836275152647211
217,1.4822031611833704,1.0626312823358546,1.08678625921046,1.0311354035967684,1.0064195666711673,0.9989750809943417,0.8866136746001984,0.7767684672038365
218,1.3767148121936013,1.1049781058865253,1.1323406779114764,1.0940602436231475,1.0538135070030135,1.047538354262315,1.08717414959744,1.191322484466349
219,1.4080838342428919,1.1459225672074005,1.1441026864738169,1.123186530561704,1.1107374234057084,1.084111514140214,0.823310223456568,0.7936580561611022
220,1.688373065067558,1.2012963685254634,1.2663591720906482,1.1887310357328995,1.1598875920907148,1.1556045028270578,1.1286297598183428,1.069830499364771
221,1.5371982643209947,1.1626781338747094,1.1634946156400385,1.0968486876010517,1.0632905446911498,1.0633769384967349,0.9621534577325944,1.0248823869987145
222,2.0227050905106356,1.2267543830921852,1.2619566226666585,1.162549993413388,1.1091239997286177,1.096808966768755,0.9873131906481504,1.0138194063540868
223,0.7628373045571494,0.7817140244167448,0.8384822207106033,0.9052941728047479,1.0021804113834445,1.035371380964516,0.8946416822001139,0.969308589537038
224,0.8052490795525364,0.7625267035224286,0.815014550575539,0.8933468904951101,0.9625289370808621,0.9771333694286444,0.9007620647924168,0.9268138584705616
225,1.3870710753907294,1.0393973927785365,1.1195483826820347,1.0660731083865673,1.0269808659233601,1.0345892076300185,1.092348184514595,1.120048290420789
226,1.38757787739371,1.2372044075471311,1.338349347489501,1.3401835828396222,1.3343709629096177,1.3109210978181665,0.5941743446487503,0.5413772761354482
227,1.132721929734301,1.143438929420941,1.162100337754861,1.1642211843897243,1.1362989468429225,1.1657469232019655,1.1354118886153026,1.1738511049178642
228,1.6750989315699094,1.241366359570054,1.2715086715150992,1.195073406324994,1.148054576097944,1.1414805997882063,0.6386365538862379,0.5731090772210967
229,0.9531939531213888,0.9139579547688944,0.9093808501075807,0.9058412119790225,0.8974916846015142,0.9178367383628395,1.0545063544030129,0.9055557119617192
230,1.081989754891621,0.9280794439148038,0.9630383587859039,0.9925755793489517,0.9768129609543426,0.9531343756337559,1.1750030295121416,1.258228096118973
231,1.5768968012068103,1.2809486579935105,1.284758544686718,1.2359697089737696,1.2033501488247336,1.1946462742573003,0.9181810044162136,0.9547314860607428
232,1.1885137638111363,1.160188039729701,1.1765645503382092,1.1799154639672922,1.1812227306432528,1.1418686879746374,0.8594234178015101,0.9119063350387282
233,2.5767740356671323,1.2951900317939469,1.665218038700382,1.4853090960619204,1.2909248631636434,1.3168752138658877,1.108716342832762,1.169447981893881
234,0.4069606351062048,0.45966017838126577,0.5081252931863078,0.6064581927098108,0.7894192462738494,0.8821619721138338,1.067410727907361,1.1654772087319594
235,1.4859462572242692,1.0937320355839766,1.1716815604400441,1.138406302858795,1.1103806682076938,1.1047515516731143,0.943846680572547,0.942068935658403
236,1.5026301775119568,1.0328249667564504,1.1427794924982209,1.077327479302901,1.014628439636861,1.021689435833486,0.7890898678685851,0.7951074271003351
237,1.1252779113175828,0.9519604568523221,0.9780892725789877,0.9904066727296369,1.033748297645974,1.035347148328029,1.1061052993725693,1.1124771352245926
238,1.511329976312588,1.1127817465797072,1.1938210848792459,1.1455441030381783,1.10254127046873,1.0909591035699575,1.063701346321404,1.0290046849025711
239,0.3747452369142523,0.4385838816210177,0.49905955766062454,0.5888502361638784,0.7032240933647625,0.7676500555506892,1.0443167275111762,0.8796473766247271
240,1.2917597077949445,1.1800922543929584,1.2744992193186018,1.2762967295138359,1.2751434981014158,1.2539569954716878,0.5098677760670168,0.3621186977175622
241,0.6334093705284307,0.6880675221919599,0.7589607432297542,0.8556572485874218,0.926073452357913,0.946521791416829,1.0529475604891296,1.1955642260547346
242,0.8632371209223791,0.9158023616810571,0.9580480757686574,1.009321713012092,1.068227389310245,1.0740408235512442,1.0034418825409264,1.1250641282782523
243,0.6677292077024956,0.6200299990582296,0.6687270931594639,0.7344306239744971,0.8073646068581614,0.8612399999763466,0.8944128972633416,0.9161448528544738
244,1.164155740891291,1.0284853801727012,1.0118574613131142,0.9957943837166083,0.9593446183650759,0.943680917753757,1.0130973741559854,1.0989373503740736
245,1.771944223339713,1.1019793621231293,1.2488731295174735,1.1556866004519712,1.066695295638064,1.0769148535042605,0.9122024863873468,0.923177222972146
246,1.4599031154633095,1.2415788485201449,1.2485572492069505,1.231206566397472,1.2765243095399201,1.2925513995429068,0.7054079913669998,0.5752222321454243
247,1.7187018732505248,1.041143744317392,1.2266490673268453,1.1345571110353725,1.0354233051488462,1.0461950650481355,1.03735730662426,1.1911820331503875
248,0.7646516956457886,0.7722973550074614,0.8022962862844789,0.8481981977587882,0.8808931785135995,0.9047533077986509,0.944882823152576,0.9925109564343332
249,1.1110894299193266,1.0250690997550571,1.056827292352292,1.1126230001402155,1.1380744597546537,1.1132211270836356,0.8921891135615155,0.592081997565858
250,1.799703522686669,1.1446401874799579,1.2266951376625865,1.1284930270822087,1.0685247832100313,1.0606202408245715,1.0910451852044465,1.1932582600846509
251,0.7733466980076166,0.8456973303449294,0.9085652279265218,0.9670508477507364,1.017223684481755,1.0517303754508176,0.8623412222579222,0.5973357532241004
252,1.6025321567169988,1.2870853583828923,1.3300411101390666,1.2782618751081745,1.2224895937598594,1.207566928715219,0.7069353007351868,0.6629784945430572
253,1.370163604871591,1.1373449564749922,1.1479589953350229,1.1375426916375486,1.1280922860272005,1.115399783818908,0.8838789185010077,0.9430130617195894
254,1.9468708849378025,1.2152795021129514,1.3052774716554203,1.195595898359799,1.1321455698319238,1.1230176782174397,1.091032487508214,1.190755530292018
255,1.9015996472032382,1.1416872603711852,1.281574782730667,1.1857665429227116,1.1328442353777042,1.1324616262263303,1.0996401965410036,0.9481771682164576
256,1.3550432826963434,1.104136619322688,1.1565524755674137,1.1024154765431582,1.0904040883130732,1.0773020945282819,1.0770972938918617,1.14552741136515
257,0.9526401349132824,1.036447916011333,1.0800340490890463,1.1029032482681715,1.0904617569350517,1.0915130605608694,1.111096915755622,1.198192376948281
258,1.3399751662578168,1.1233748639347318,1.1297148185524992,1.091049762129461,1.0871656061699617,1.0682606870844353,1.089950333735637,1.1516309770046425
259,1.4557270784376608,1.2797374224865556,1.3259454375613424,1.29624006593688,1.2905523238965926,1.2819856947361274,0.9826380729524984,0.9792680039058472
260,1.3329772117097398,0.855342301728633,0.9310193609651898,0.8847521684134939,0.8700332755665776,0.8853462255221273,1.0740147264909998,1.198424718583673
261,1.5642765369628429,1.154235285702106,1.2629565928141753,1.2094809049794308,1.1567798400857914,1.1557914853921536,0.9570871218344768,1.0883290056372878
262,1.2538588718407566,1.1511878889455545,1.1581059629771322,1.146547578115017,1.1009244093063044,1.0779506444687665,1.136245366843946,1.21021163654375
263,0.6272302903458747,0.5747861804472982,0.6662715967810924,0.7884402852255145,1.0305468488290244,1.1428802631053894,1.0111933743250676,1.143016501915291
264,1.3072144370239605,1.1191472841381973,1.0905666430659209,1.0547156524725432,1.0268622412879647,1.0180417884662927,0.930204065174734,0.9529963989716866
265,1.2183077869164378,1.1062055939081894,1.1356139840458355,1.1594318673619333,1.217535385589937,1.2159272515680746,0.8087269719928625,0.7011989359440081
266,1.4007538848863696,1.1254900133912635,1.097822940551482,1.0619861656962997,1.0231622738757429,1.0156991489077054,1.0913869220444965,1.1999347124363116
267,0.8013437869848457,0.8858161315448526,0.9591468001317885,1.0256209336452715,1.0431144134050587,1.0419760892924927,0.9921193687575792,1.0422537656773745
268,1.907418243934815,1.2114016565725692,1.1899420061182318,1.0962080666652532,1.051635639558747,1.0429427453723965,1.3612911960631098,1.3689152199400985
269,1.0375678311524028,0.9566716603695022,0.9787941294842681,0.9856997195462583,0.9685321626310549,0.9587886356828756,1.0140269231861685,1.0785490973707936
270,1.5155987092861394,1.2012180747469732,1.1769448583858124,1.1739348447445523,1.1468060623590692,1.122780360173746,0.9265179016481568,1.0047490273589132
271,1.4813058823969176,1.194346033378561,1.2151526291956234,1.184452960867995,1.1700115672417795,1.1656441021960666,0.9517562454862118,0.9317218669505096
272,1.6740419298227016,1.2949363910700726,1.2629405954413544,1.1875411475939526,1.1460333131349474,1.1259153980800618,1.114307106276018,1.1941951488922478
273,0.8595078348491948,0.8599871296818257,0.8902107037659358,0.9293187597750814,1.0354431948145242,1.0565212008187055,0.8854710991232321,0.9664579777970634
274,1.1904694330803836,0.9904287271156783,1.0045589621774558,0.999073055724896,0.9952174476436713,0.997458004854947,0.8953002603582075,0.8727660528043363
275,0.6279047814500501,0.7180511935013465,0.7991416098794553,0.9095691290857217,1.0077753210115943,1.055795377755714,0.9970412284095848,1.1319508944076606
276,0.9905006282723006,1.0401431655881517,1.057796734133612,1.0508921043489365,1.0223996675517795,1.0283539450742514,0.9591399254952836,0.9615640744027704
277,1.3159932285352518,1.100973795458189,1.0959713520208338,1.040440359279475,1.0244221050921472,1.0433943161419952,1.1603417113334298,1.1518158437006238
278,2.0417209938979224,1.2479046209062195,1.4059997991181479,1.3011336174843353,1.2293401920852953,1.2228184633186254,0.9033083914787544,0.6142299545298304
279,1.7190544154573093,1.2255391913565428,1.3776092553301178,1.306601007590252,1.2230601368726992,1.2379217439922723,1.0792121619418529,1.1311316840863337
280,1.5052348787803687,1.291593814906281,1.3435324158082376,1.3129176245210972,1.296235858494713,1.2739314267150057,0.6002597240349143,0.5322287917492656
281,1.0179810281301649,1.0411654428157466,1.0657623120350113,1.1029085479814125,1.1588119763748295,1.1655720083512247,1.0218457837310846,0.9362068389023004
282,1.0140372817859586,0.9787542415527231,0.9799114057971169,0.9846835664995978,0.9416570956933982,0.9231360009372513,0.9978573762389832,1.0809681362090735
283,0.6717448939375212,0.7370330021220246,0.8261718976300183,0.9507771872742211,1.0626864136786305,1.0533211891282466,0.9332932012156888,0.9901335473094108
284,0.6425159412576787,0.7168676265962337,0.7775149842096474,0.865923356282498,0.983584900015614,1.0704321246867476,1.2147765292394055,1.2245083429679615
285,1.2912502751952233,1.0605850367575034,1.0680827841323721,1.0501242261007586,1.0637850417739696,1.071158375670875,0.7842482194948351,0.4393513157219293
286,1.0986697112131567,0.8802428985740293,0.9080807966250152,0.9220394897479611,0.9726679603681391,1.0144300568750362,0.8798472718635422,0.7224678409925115
287,1.5039574309240005,1.1419676425598584,1.1415160658883332,1.0880615677969843,1.0647312207200441,1.0549508138337165,0.8010515554774572,0.6159182631297516
288,1.1439072382031987,1.1023975722642667,1.1129609181648072,1.1535333161959647,1.156923854694396,1.1086582975119426,0.8209597212303607,0.8104399896944271
289,0.3891114872293695,0.4016282403760474,0.47087939946379026,0.5788967585629947,0.735403139502429,0.8123414591639759,1.0371599075384454,1.1028718257984254
290,1.0871003897253926,1.0029467074171168,1.0180534122906915,1.0126113527794645,1.0261548006668415,1.0268049988387313,0.9711346964565593,1.045294614308895
291,0.8475602808327898,0.8175817854313214,0.8491145576513602,0.9056414135590345,0.9991357492760798,1.035005167361965,1.171482988640936,1.2894988091615582
292,1.446350554499366,1.1655075029042223,1.1269794079643645,1.0808897701083624,1.045132203626272,1.0205959313810136,1.1350854359013445,1.2318355696920256
293,1.1921285631661378,1.1420924371098933,1.1771390489883724,1.2366104184548399,1.324584266891074,1.3105289275655982,0.5955713408048713,0.4812292465862338
294,1.044180094754148,0.8855114512642148,0.9691105307854849,1.0141434690988378,1.014431021925436,1.003945103629104,0.8226383976059466,0.9530748073970132
295,0.9196636751740863,0.9085915659762024,0.9137870029492448,0.9257656832472608,0.9806077367128765,1.0067487957162322,0.8807776165464735,0.8079550383339281
296,1.1196190477848202,1.038786680198176,1.0691468399099382,1.1131838135309673,1.113426938991807,1.1396948610668283,0.6896453296409862,0.4033274462742063
297,1.2144132490073796,1.1667151831855451,1.1373172091808679,1.128144163393506,1.116865520008928,1.0995173232898303,1.015924009116227,1.0585552147518142
298,0.6450200557914582,0.7161914587944587,0.7925334906856205,0.9031028370966809,1.017186955417845,1.0373472557861854,1.095804634555107,1.2339139702485271
299,1.4524116057244985,1.1542009443606096,1.1331194670107878,1.0925948175719022,1.0584603434336046,1.0305770061942054,1.083256349715824,1.1738512691365306
300,0.9104960294668314,1.034002033483313,1.103752643224081,1.1410130953558915,1.1380407097279723,1.107017733195551,1.0500302993468822,1.074928681274037
301,1.5960102782489178,1.1040672581726816,1.109126019348798,1.0439351912200945,0.9944688646647974,0.9901932170303807,1.009833281863301,1.0462726297605442
302,1.2074466263213743,0.9387066130892435,0.9588145730931733,0.987649939639131,1.011176355794975,0.9822722669960859,0.848140729988288,0.7856380117165633
303,1.5258256163843982,1.087843799475251,1.1209154434520865,1.0655899154613753,1.0139336218917894,0.9916713535017887,1.325281157666418,1.2373778710143082
304,1.185697395021186,1.0924930527332437,1.12708754247438,1.1330177625625466,1.1235001535196951,1.1216359365595718,1.0180610050756929,1.0359444045088433
305,1.2053212685793044,0.9737637383770836,0.9715517224868014,0.9649161437170644,0.9585133971041878,0.9600252954715651,1.1068303412648528,1.1654210244790282
306,0.9708747494396595,0.9391066339754437,0.9622482554029468,0.9767485741471841,0.9909183526522211,0.99813739383681,1.0830610364458944,1.1658706176741436
307,1.7414458178320242,1.1699482735048163,1.2810307602215207,1.193684307557953,1.1428662336390765,1.1380898987986467,0.928527875324999,0.7389285331466457
308,1.8837849001631424,1.2461069119271333,1.2615434117489526,1.1814802497406698,1.12762386559177,1.1133872448253936,0.9006773107567955,0.9077348369146888
309,0.8623067230413537,0.8851820460960703,0.9382425605067963,0.9955507697573923,1.0190793059976468,1.0166645593653223,1.1214857384458996,0.9954641752569076
310,1.5052100357466003,1.060963146907003,1.1219776945435125,1.048096710381441,0.9961013860501978,0.994155566147835,0.9153950547223618,0.973919307902603
311,0.8302646548690392,0.9029476735126366,0.9520973441822969,1.0017790554203965,1.0100725465537597,1.0151998954207193,0.7857972053921278,0.6004610476559143
312,1.4112222975122648,1.1677083425392758,1.1257427891727445,1.0839861034180507,1.0563994572138764,1.030874774851058,1.1632444546532308,1.1810626451063326
313,1.6812363520478424,1.1592211036698523,1.2254318000088704,1.1448452920026468,1.1056421988212675,1.0945460200609247,1.0368480936952518,1.0114046602639462
314,1.7475060557662392,1.3086544832719738,1.270626425922635,1.2113895471128497,1.1697143278502755,1.1666394879073319,0.8759337543029433,0.9167164508083608
315,1.1935071647620674,1.1956213748289313,1.2482144493056129,1.2641207728465047,1.260213688734119,1.2630659406092333,0.9602177703851136,0.9011107707804288
316,1.4606413586652356,0.9821988385141227,1.10916553551424,1.0401425580009966,0.9846521077688302,0.9825704336111613,1.0532909134375603,1.1417645058183576
317,1.4311955911304557,0.954543714634055,1.047467782150895,0.9785698828835481,0.9350908009002575,0.9306673230033295,0.9424475559837798,1.0570555792754213
318,0.9056489411794203,0.9224122002579495,0.9820730684085686,1.0424510934472175,1.0655498480275547,1.0296958034684178,1.0509656666906586,1.111497194943787
319,1.411604539833842,1.0861675353494575,1.1077858671917638,1.0654097024723812,1.0408339245133065,1.0439208930440496,1.0724958183620057,1.062860667196456
320,1.3302450943039843,1.09891025385471,1.0615530287483064,1.039128901298906,1.01765412166076,1.0212514051825141,1.0433422849431542,0.8591497450482438
321,0.932387615435424,0.774079657663802,0.7978186313254432,0.8204423253569224,0.8974370382480906,0.9567194355244149,0.9854360839893566,1.1775569145764713
322,0.9600806376732394,0.9692977581350103,0.9829681973029519,1.0021593478745094,1.0057235196319545,0.9940608001300998,1.0621318635704444,1.1009126899873534
323,1.2789567530712558,1.1096215348676801,1.1062637852442558,1.0903342443149906,1.0631453240454054,1.0619132194539482,1.0087135598034866,1.0374132703723078
324,0.6974933998405688,0.7272877593183806,0.7623657247193235,0.8033968875848747,0.8122467158326782,0.8122177565339613,1.1256074272444248,1.2355202900604976
325,0.8403076219011393,0.9489687731076135,1.0334525010037523,1.113539956700672,1.2614953581850075,1.3018351239033996,1.128145303996638,1.1919619612663273
326,1.0868590089013175,1.0157737196761434,1.0158880358776874,1.0240164632071644,1.0355890208530811,1.0394480330373008,0.9399529956903252,0.8410890672253504
327,0.9457822771606985,0.9745185536232042,1.0208985494558946,1.0757384776131567,1.1091000794161923,1.062818347941062,1.0917742104907058,1.200839731349501
328,1.053944186217325,1.0484558223119904,1.0694511437475214,1.1073210001737643,1.1001209602593887,1.0563832901187138,0.8603979830298062,0.8305786069992087
329,1.0231745090254862,0.9615702012687847,0.9796056693394928,0.9775784623705378,0.9784491345147098,0.971737139494915,0.9816809107807316,0.9513129507394305
330,1.3999261966036467,0.9360326376219191,1.040862728011078,0.9842133708044454,0.9575773669916803,0.9611700125733394,0.9738433785481732,1.063547678481747
331,1.0469034058844346,0.9709185291529753,0.975660284859737,0.9902393915379092,0.984175939218072,0.9902105201288094,1.0730114203703411,1.106376365243977
332,0.732612013682874,0.5859452166583516,0.6609229850897314,0.7404544668176711,0.8739893381545516,0.9483178057153868,0.7712551870882257,0.5284865486044219
333,0.9256843286433674,0.889109495020236,0.9290569661919656,0.9809900627619711,1.001047515243633,1.0156837041738458,1.0327154381740251,1.0206752554705996
334,1.415669895620062,1.2094337611755794,1.1636244252932082,1.1277210460447424,1.088555782929184,1.0728472855687834,1.1332615868843596,1.208377683033922
335,1.3951869431905286,1.1103460535374188,1.1232654708244096,1.0841250792924617,1.0640722997679033,1.0538189349856406,1.2111703821356126,1.1730418837233556
336,0.7691128996059671,0.7173105004299245,0.8078359414073308,0.9125628974016928,1.0347899455317582,1.0721585073248152,1.0037589296412497,1.0743277686169703
337,0.926245076736659,0.9991365704025611,1.054005355985794,1.1292114125697699,1.1822975713318302,1.1848584090123178,0.8541782867506044,0.7495926965264842
338,0.45775258832039184,0.48906105452897686,0.5659846487880721,0.6862066826674448,0.865906955444863,0.9463195196280638,1.0512590493299938,1.1153289122605885
339,1.3789157405688088,1.0896381379680853,1.1404299352465905,1.0995636538016302,1.0797570891768806,1.0612770156416182,1.0605932945216507,1.2268861176553072
340,0.8130846155784651,0.9064475633504402,0.9528839923976844,0.9935342449015183,1.0171017384761454,1.030430418469005,1.2138812091232432,1.0719476628020752
341,1.3220618628434047,1.1154578929718129,1.1304258610278686,1.1192348393593814,1.119875635237543,1.0974658313996157,0.8261022742678231,0.7430077100245827
342,1.0197147397755628,0.924691737560068,0.9623012119388609,0.9796700525541833,1.0244651082854188,1.0678726608771678,1.0663950010296357,1.146940160043632
343,1.2277925447404099,1.1700967954742951,1.1810339689775806,1.1590878044177715,1.1181947259205987,1.1038128387671395,1.1611743105069308,1.239406754418118
344,1.169693972895042,1.0543390150022702,1.1375899192258139,1.1566521186532892,1.164213639345375,1.1756844683461327,1.0646643269016065,1.0164944028043856
345,1.576118677212745,1.1250562091767025,1.1838996456775988,1.1222186060914563,1.0915948817373076,1.0769673219676867,1.150864609210829,1.0901225545147917
346,1.1619227510118975,1.1611328018177538,1.1727039185860608,1.1530889668034958,1.1158993539192463,1.109009829843463,1.1523942627385315,1.2040218070558044
347,1.1543928101155687,1.1281905175390465,1.1539162369492066,1.1847216417228295,1.1789425459401974,1.1629497048703918,0.97306674797086,1.0326510901728916
348,1.675604500716246,1.1405511178820942,1.2156953850966483,1.1416956521391324,1.0937350688494794,1.0888204414461107,0.7275983967518946,0.6489606906452019
349,0.898967131470085,0.8124364153601781,0.8608291510080688,0.8781568711991161,0.916914571053148,0.939093310504924,0.9767347865731648,1.03996170451897
350,1.000950255598755,1.0098168459358838,1.0331394196439136,1.0575867050024437,1.0957196022341718,1.1183648445065466,0.8611190975245293,0.5985433792718342
351,2.0953699531408763,1.5633148556294743,1.689287530202755,1.6022136119041535,1.529373587343861,1.5337881197703667,0.5645832892241185,0.438459713423235
352,1.4333083764633798,1.1651242266272046,1.163006322624798,1.1129440568374416,1.0902159396134457,1.0805224315153161,1.0505498159313318,1.031843068478202
353,1.1834026294036735,1.1459861263494369,1.16809172812116,1.1605748516603533,1.1442695082043592,1.1350281220577207,0.8910329039733077,0.6254091576179004
354,1.1598295250460668,0.9386068505578159,0.9789855275464181,1.0153464702880675,1.042216336642778,1.021087528432705,1.00318640844977,0.9709889415056552
355,1.1075436870020166,1.0516483364156421,1.0624550237583235,1.0559665267520533,1.0821425549406418,1.0764904381107343,1.033353446758006,1.104046744214629
356,1.4595334900665111,1.0128641188288996,1.0953709244570737,1.0348979903778577,0.9796295107381364,0.9767729234948729,1.0148685520259129,1.1302680289439888
357,0.9120912563232989,0.9267567906029848,0.9593513683519679,1.006761219660892,1.0460709850807541,1.0496559899437832,1.0463995409949378,1.133975998015931
358,1.6557511835848082,1.1500971721268363,1.1911437316446334,1.1181658648567834,1.0791563482765305,1.0720975675775404,0.9593859726481316,1.014957886822843
359,1.3879513773918999,1.1393914812848895,1.1626281181740243,1.1303299361980599,1.124529154013166,1.1090640913200729,1.1112514137203338,1.1711896715751988
360,1.5111975478816144,1.0390916843050457,1.1595039918288073,1.095901043461328,1.053749327123495,1.0471863619350399,1.0744699137251426,1.191068298795399
361,1.6161306875896033,1.1230781395631086,1.153833657982975,1.095860187265142,1.0669070476924094,1.0515673952713336,1.0916762272129878,1.0635232448120702
362,1.5775416686329853,1.1370864252451842,1.0621769963535346,1.0205444136317656,0.9781302594715894,0.9623573405399811,1.055130170464357,1.2400639790570396
363,1.5737371986309105,1.155379405412226,1.1942422416782474,1.1117179954895275,1.0719383026568956,1.0694591241951645,1.0309703804464616,1.060288383636135
364,1.638658171376925,1.196149510963716,1.202218496276172,1.1490678607207265,1.1185457155230858,1.0941533576333768,0.8388343559056647,0.7390124536712587
365,1.538810759840549,1.2117099519882033,1.2294096014491187,1.1859047457980902,1.137988817546213,1.1387383548970447,1.0095573669943392,1.0896540844487337
366,1.2949518567839875,1.0988417813893132,1.0994532826001289,1.0755908962865788,1.0623825351659735,1.0527192801891472,0.887576228344416,0.977817715491642
367,1.6710074283599414,1.228200540828367,1.2235425168087743,1.163472612754588,1.1231156733557646,1.1042714093657129,0.7903413718579163,0.8002577567987613
368,1.7218982937131675,1.1182026931221714,1.1569285666486486,1.0761091541237804,1.0244428376008095,1.0038985219545726,0.9872115578971687,0.9171821922010104
369,1.4325547739237845,1.0514527212005629,1.1258640920230019,1.0705256725165644,1.0259428909410293,1.0167562088069264,1.068977982288995,1.1107737790935155
370,1.0958192076862159,1.121053280845353,1.16308510789502,1.1817995298314263,1.2116090576336394,1.2039231793895167,1.019270749062986,1.0826719646841303
371,1.0789369395788837,1.019506673401014,1.0358682887078792,1.0433478031645125,1.0272851129232081,1.030580977488173,1.3297206974093692,1.114680173597622
372,1.5640799888880146,1.1418842596595846,1.1619903617843255,1.0994523709753818,1.0548253316864107,1.046094729173784,0.8022784958282262,0.7384229985315978
373,1.5842606634044836,1.257621948973547,1.2343725557890675,1.1815947482171132,1.1474670541928456,1.1330198914190097,0.9655166358646986,1.05133543953323
374,1.453661337379938,1.1581840349933161,1.1356564762514645,1.0788170367383352,1.0310383219067396,1.0301398691621648,0.99380966671817,1.0603342573247878
375,1.357946273331126,1.1854154917845003,1.1782714862621442,1.149879176624813,1.1221014684145028,1.1017846965904277,0.9424903794868348,0.9548151943978532
376,1.7279630034326574,1.2510114804101589,1.1989701196782458,1.1274622534792242,1.0930741574704037,1.0836421135906933,1.0945756465382668,1.151341230499228
377,0.4588005098278283,0.5453559372250989,0.6413738428796207,0.787305490645158,0.9616087112421666,1.0042593487814617,1.0894247742472387,1.0806544058349363
378,1.7283715367671295,1.2356698137071667,1.2600605284557251,1.1889385819358067,1.1398219361119433,1.1318905980632568,0.991422041759754,0.975855773739759
379,1.2022305324958664,0.9026200384321444,1.0337339327119874,1.0766235733595464,1.1772280358662945,1.2122181904069111,0.7301068026576576,0.5552533400465167
380,1.6317193053184569,1.250741236297891,1.2434517150702205,1.19151507995627,1.1509344094918574,1.1326578573149888,1.0276439483754027,0.9831460274289026
381,1.525007048521248,1.1638856605573842,1.1887408785850295,1.1296592467976243,1.0821113182756683,1.0740571838033954,0.7831942149016828,0.6976408197643277
382,1.9351357741491344,1.2029531510442009,1.3815513604187728,1.2674548817564844,1.170557891347058,1.1690430328760473,1.0040253321691175,1.0703773506220282
383,1.458691048452599,1.3438498948257895,1.3689012299228236,1.3714440236433576,1.3494074351276846,1.3493076134019857,1.109710335035062,1.1700692077421624
384,1.457512692716181,1.1274239615878594,1.1252605412209877,1.0823167133547065,1.0516263721963945,1.0374391758974477,0.9645708899854164,0.99053895259615
385,1.3736932813306286,1.1665503814974296,1.133728532447533,1.1151618867988426,1.1227013790942342,1.118388092443934,0.983528072064508,1.074723800896437
386,0.877610397652692,0.9779505750210248,1.0629140083259176,1.1573815382087376,1.1547865795164274,1.1315803089464767,1.0753478494315036,0.9849774940060192
387,1.4893692934659735,1.2132217268364989,1.167054319370526,1.1138220382265267,1.0734204090016717,1.05869194042857,1.0480098669001503,1.2156279930273872
388,1.2534408098842078,1.1652824598108837,1.1613805106068567,1.120093535387438,1.0885655450361507,1.069644329078336,0.9894577354857864,1.0969840798568946
389,1.0463724995541144,1.043593789575199,1.1098542974333037,1.150601181453259,1.0846649875486583,1.0813606384204417,0.9296658857681808,0.9468327778014076
390,1.150039523489479,1.0075130962416052,1.0201304918389553,1.0063354070938788,1.010053656931037,1.0064521727448177,1.1473944234540896,1.1465976842238164
391,1.4323789197943653,0.9118407164321046,1.0158966300521113,0.9365681775151055,0.8878258795052191,0.8829363005611701,1.16200444253265,1.2255279943351345
392,1.4244225910361117,1.1065219256745018,1.115506638465435,1.0752879191474498,1.0451506363326408,1.0326317263015392,1.0192925995692972,0.972253418482046
393,0.7346903825085742,0.7649471599247186,0.8036004393031623,0.8478209192350056,0.9121789731132469,0.954796002156401,1.0398890410807462,1.0194009650432545
394,0.5830858447665564,0.6115641287160646,0.6545933033757867,0.7380916743902612,0.8633381073438376,0.9329992376744215,0.9553806826876936,1.0770333873653022
395,1.0895732024081108,1.0431122168926334,1.1242332661711485,1.1669151864482876,1.1721013916647816,1.1768805974523249,0.8554856444349214,0.7847774955793946
396,1.2167765173935798,1.1420507706066376,1.167659302146047,1.191087276425269,1.1703782512978103,1.1862281818968168,0.9513956147563506,1.006918413160805
397,1.484305591683813,1.2550234893872474,1.2223548030342584,1.198251618379068,1.1541451590485665,1.1427922465541525,0.9326191684658204,1.0066664969413273
398,1.4098613650660343,0.9686448312997296,0.9862716525952995,0.9190328955238453,0.8564523693037867,0.8526973241030436,1.1264246103974591,1.1620385541458345
399,1.2945900932387457,1.140758904882179,1.183404794197529,1.1765577657339827,1.1430490876957835,1.1669181832080227,0.9833434128469334,0.8730212501258309
