,window_size_1_RMSE,window_size_2_RMSE,window_size_3_RMSE,window_size_5_RMSE,window_size_10_RMSE,window_size_15_RMSE,Plain_w200,Linear_w200
0,0.7822630161326557,0.7253922717608436,0.7133324964482777,0.7236315561105945,0.7567443015533756,0.7732948547546966,0.8270962595152771,0.8435494861981135
1,1.12318388597421,1.0129670246030882,1.0503078317554304,1.0175785243154454,0.9946221780368952,0.996333346699929,1.0264039456941427,1.0315355340755032
2,0.4545386074454198,0.4746930111494575,0.5123539291026563,0.5734664075656495,0.6715827626067171,0.7090729010655484,0.7836572884936485,0.8884096646244021
3,1.2021987266006549,0.9997408859617498,0.9956824800328772,0.9757375915721009,0.9537096736786211,0.9406599661497743,0.9878895623969264,1.0717071022136275
4,1.4127651146480467,1.1600246267095715,1.169260601269557,1.1128226117936002,1.0624844275746033,1.0587776493788066,1.09944405727202,1.0983399685874011
5,0.7640946124211107,0.7787156974959151,0.8150989039444695,0.8539286164858457,0.8687901544205406,0.8754987587298189,0.8754352668941308,0.8828089255294104
6,0.7102377893101711,0.7077873344500706,0.710144984987643,0.7236566540679253,0.7570416495396219,0.7664191575968476,0.8346640945788173,0.8407002939565834
7,0.5762581279093266,0.44718871976246066,0.482355632553632,0.4577482032483739,0.4387380325999881,0.4369488991391832,0.5017736184250339,0.5076156881569791
8,1.3033766148873625,1.1145074836074296,1.0940647639092391,1.0417572495207787,0.9982196573252018,0.9954688317309883,1.0224181593040107,1.008753106494691
9,1.0750494579678551,0.9232852746321439,0.9110046495790405,0.8876564337205836,0.8735242170956534,0.8665855185932108,0.970560774555278,0.927061979473087
10,1.1307870225485004,1.0588711464398504,1.0437232969652777,1.0057385430046681,0.9761201359878987,0.9734791893803292,1.0312915604191346,1.0338908448234545
11,1.1621644777024225,1.0137524883182862,0.997752999767996,0.9925968101072866,0.9641436175086052,0.9648966471424002,1.0442894235983815,1.0332132990212115
12,1.219256807118309,0.9768443464855975,0.9931705716924615,0.9615309686302409,0.9287748971652813,0.917052177929342,0.9781035013519126,1.0119841201014286
13,1.1135541192696004,0.9170244560190809,0.9504005890748582,0.942712953342823,0.929945902628216,0.9265360786817782,1.0180548727849053,1.0248752753439274
14,0.7852828307705405,0.8181210385791331,0.8215350663425149,0.821875095058301,0.8218947911726869,0.8153156976231901,0.8453559478588681,0.8537085002727859
15,1.0077860835511665,0.8077626184523998,0.830464397608178,0.8211123900974492,0.8468543615669628,0.8689937318808052,0.9331850784210391,0.9072310712747612
16,0.9011833127767036,0.8335101243473667,0.8356134940848727,0.8417473107195207,0.8384495706292985,0.8269064168875594,0.8931152755552079,0.8739416467322226
17,1.1248768587155888,0.9391655667185432,0.9589128220004554,0.9570785501898422,0.9511687135071052,0.9390485408751013,0.979585096429052,1.0020471901740629
18,1.0712268851352653,0.9508844162887249,0.9450357057162646,0.9291265251805487,0.9104714118045387,0.9209370896616161,0.995029982468208,1.021520863346272
19,1.2447174365879132,0.9838197719635935,0.9695468258392888,0.9341486414892687,0.9127734229474146,0.8963631046893756,0.9437270495708664,0.9749825540876728
20,1.1754667150727254,1.1798982543284697,1.1593014851015913,1.0942143027600015,1.0593246561561662,1.0554224254727165,1.0854780568878042,1.0820036411739116
21,1.2761327563818405,1.1226704925671358,1.1053018145616504,1.112837157774525,1.0806498380204823,1.0733684661074645,1.132197493473227,1.1028791219054364
22,1.1264469669139097,1.103774224276816,1.091267938692029,1.041339658883199,1.0017226373681622,1.001058760134389,1.0446620155721256,1.0315885094552726
23,1.2237591468107574,0.9559133373235353,0.9255706560492439,0.8731171268612813,0.8374039204209769,0.8249411171469023,0.8460674033720827,0.8661941254296772
24,1.0911506519914311,1.0127519196048094,1.0169128669588192,1.0168677191316908,0.9906950726824001,0.964680553463656,1.0181219624625466,1.0200828165392355
25,0.6501487524050313,0.47409188904152866,0.5027897139878419,0.4719090023004347,0.45332564143772014,0.44969183634116666,0.5233258927365229,0.5161737498746428
26,0.8350200506267572,0.6314962451765158,0.6358224462763481,0.5970617768253532,0.580100304076702,0.5715544889567272,0.6511960210442589,0.6462614092280267
27,0.7134476733094761,0.7398203385989671,0.7487013737491075,0.7580011720550388,0.7526167341041166,0.7327329657057122,0.7792922619805396,0.8008966102710298
28,0.7621171285941576,0.7170382916897565,0.7299354260970227,0.7290010309487118,0.7143131955256262,0.7043227114503737,0.81856508955544,0.8147008866148188
29,0.9148658814060585,0.6789991245437187,0.7086556209384968,0.6689545447629448,0.6389746821863417,0.634115608092739,0.681065923367164,0.6907561032505508
30,1.3505672245935936,1.054848227790853,1.0418925588024406,0.9890104127475927,0.9521625204585692,0.9371150714850836,0.9952983510542666,0.9785474559337562
31,1.357486260890778,1.1756384428718347,1.110342008616063,1.0761714601376078,1.0374173704325222,1.0283110063034908,1.0524902667418956,1.0540845160094572
32,0.5001545893827852,0.5682831986509259,0.6084619385717922,0.6510407176518783,0.6627213398596259,0.6393267203236539,0.6925803852638113,0.7194040813983176
33,1.2547933886261504,1.13092189458998,1.125172687188823,1.0865168390895839,1.0317524241044806,1.0287805458284072,1.0774155362397952,1.069954577550425
34,0.6700018080383595,0.6625479310187082,0.6867168795495039,0.7080476605470668,0.7056764528882666,0.6969334233384749,0.7378104243933135,0.7689716176055282
35,0.9234122516185933,0.7956707861602533,0.8168345905813917,0.7875199767046673,0.7735019162086548,0.7653284600814332,0.7969414535359709,0.8093913658240109
36,0.6077058592388845,0.6871445404635597,0.7518708000622202,0.822534091533323,0.9135118621379686,0.912168907531695,0.916801193261886,0.9305867848432108
37,1.1690628657553015,0.9312104957586679,0.9163664136468883,0.8813828495875988,0.8599134786197461,0.8581116323897798,0.8950694202631766,0.8888243860065649
38,1.2054315390221675,1.0345499374061853,0.9922656744850463,0.9398709491188149,0.903221241174268,0.8981182563914394,0.9472663892480124,0.9355549400531832
39,1.1720768754661643,1.06635636883308,1.0496061936305199,1.0161218325023822,0.9770837146645646,0.9708800654783789,1.0109692258918146,0.998833915151378
40,1.3723879107284025,1.1247734405225582,1.07861209642319,1.0386313964386142,1.013193249396933,0.9957060394517676,1.0314786958279467,1.0348982364034385
41,1.0103769860076015,0.9042830665112834,0.8728589647613723,0.8758543618787001,0.8598016472465851,0.8414479628360974,0.9095461031629938,0.9171556786156112
42,0.7041591356370076,0.6726418851420747,0.6846041848121986,0.6942156811777556,0.6950972015750307,0.7071927520159497,0.7689803044827822,0.7954746857462882
43,0.7158071782077697,0.7846068221041209,0.8145186634822512,0.8232470513028466,0.8508933695036117,0.856190900314115,0.8874015822343666,0.8870953498396168
44,1.1893197651182372,0.6697220469075095,0.6775567582575855,0.5984099773717236,0.5526219851905281,0.5475635054422157,0.63663437433311,0.6316291038636909
45,0.9955957357294086,0.9273600790356685,0.9263991665535085,0.9157972246523881,0.9079991481822192,0.9041965342906171,1.0245239504874788,0.9875931123161972
46,1.0408180378307146,0.9398125193595632,0.9182358256426639,0.9201917336878289,0.9212446173919023,0.9402893036061768,0.9833704282374316,1.0164761507327038
47,1.2670326552698135,1.1102553311599768,1.0790278463690586,1.039048415611099,1.0021805726466273,0.983706976341052,1.0258233611035208,1.0201675514609236
48,0.9140775455417873,0.615960656618515,0.6745576956976516,0.6247191621971794,0.5901999346489533,0.5841915019095203,0.6230509665391251,0.6276856583507102
49,1.1663564267640076,1.0200300917818756,1.030440804262464,1.0159699219411944,0.9708345645867194,0.9521212362198914,1.0113961030305791,1.0693288393593343
50,1.0266490980042737,0.9358065416656706,0.9205983768974465,0.9221088371490401,0.9202559287857728,0.9222836076472033,1.0450297708684255,0.9704756942427002
51,1.2045588035515509,1.0993519137262635,1.107275104111623,1.0881932894373392,1.0521338634530022,1.035332505518328,1.0853813932246694,1.0987677581926023
52,1.21985249981914,0.9844910779269491,0.9831842251387065,0.9358648364413039,0.9092484266852138,0.8869489094524976,0.927964396498125,0.9401428107015476
53,0.9737773891233024,0.8824922376482451,0.8830951929618271,0.8846130660725054,0.8849140584738867,0.8685844011132565,0.9432252667522836,0.9374272379576096
54,1.0883179182689369,0.9055159732731571,0.9152347057552619,0.9270415240124101,0.912932678278483,0.8946536431765983,1.0130138439188203,0.9930433991476184
55,1.098733114911108,1.0823795420624132,1.0561970795224933,1.045323990225885,1.0385777404824281,1.0033247710284379,1.0959606084666966,1.0544317486379813
56,0.9176178743562017,0.933156156736279,0.9397517061181566,0.9547216212885847,0.9573133153526252,0.9395517865379246,0.9930939948169402,0.9851067314601012
57,1.0921605523150444,0.8281491496974126,0.824084890483357,0.7771433519636214,0.748191042536745,0.7377665316281692,0.8042106062829366,0.7929000832214841
58,1.0312099555271454,0.8736599401747877,0.884526390413491,0.8557619017986737,0.8231532080247197,0.8068418121613374,0.857508940498768,0.863724931996416
59,0.8691003208468074,0.6649957080236663,0.6981628511925713,0.6630568572590123,0.635421104360964,0.6337407871427647,0.704957226795345,0.6813352488130486
60,1.308354334484873,1.0841538527316217,1.0509927910621208,1.0005017752833154,0.9800157783916975,0.9743858260376903,1.020818047111153,1.000614958152029
61,1.0682604881802684,1.0010515359173853,0.9916299422516052,1.0009676853992981,0.9923890776268959,0.9731488860038506,1.027613563520963,1.0223675651306854
62,0.9403645067554611,0.8648400699339858,0.8537156592489744,0.850902112605841,0.8316773347310297,0.835661466889693,0.8956097146647705,0.9007461364131156
63,0.7694421813895251,0.819239461790993,0.8444188099308814,0.8511771905541707,0.8249072909984375,0.8479806217890716,0.9255583007598008,0.9382983094381684
64,0.6218469755523198,0.6473745922359936,0.6890292084660258,0.7385115974586592,0.7825782024783364,0.7727160852824019,0.801753768259951,0.8457152563962915
65,0.7630797898467039,0.593831406211485,0.6204137772506699,0.5889892622811741,0.5636933400049168,0.5612698495488605,0.6283941297616944,0.6315180921308617
66,0.3507043192896044,0.3969178939782294,0.4269263556201657,0.4675928150869255,0.5048810772334376,0.525133063197535,0.5809546211398268,0.5936011917662306
67,1.2024164064111196,1.0076700676642985,0.9828882303942164,0.9445552094521966,0.9166109482491608,0.9028117110191304,0.9528115113647876,0.9432635120690755
68,1.2832555350865313,1.0875956124207726,1.0865697507819907,1.0415452209853362,1.0075337042327395,0.9964056672381695,1.0704301977251325,1.047436631171745
69,0.39522635505036685,0.4401200966503378,0.4720058111008699,0.5187238865504606,0.5563169862742571,0.5522901347823944,0.6422594965218434,0.6425285306851444
70,1.0285627632664236,0.8556864806823437,0.8618786061448281,0.8306857916387705,0.8057229273760742,0.7934057212836527,0.8451819259801973,0.8707715265494652
71,0.7843612226664162,0.8229519357116335,0.8307176260736284,0.834348244089999,0.8362805109855654,0.8290022293739677,0.8625324681023492,0.864948590412261
72,1.2287925396470976,1.1099957218479433,1.0791392269336215,1.0431346378577413,1.0115140032968264,1.0048708808932953,1.074225423967754,1.0401986032601018
73,0.8695648584250111,0.6889440639756206,0.713503915813776,0.678144643294975,0.6509705967243629,0.6509594914742829,0.720505557107653,0.7320815844841971
74,1.200319013479406,1.0914548116557998,1.0854074525813477,1.070744899262171,1.022318084381671,1.022104632046747,1.119240569234171,1.0357241186964612
75,1.169417089411438,0.950888473361992,0.9523222249343554,0.9070249618355407,0.8761912254623913,0.8657146468705752,0.9362864635342654,0.9066845769688788
76,0.7878831087980251,0.8192125790722076,0.8248733279254102,0.8276481468496794,0.8092736941346431,0.8170793418293613,0.8388797807752398,0.8564372098516694
77,0.9363862861702434,0.9705579956387818,0.971912868764257,0.940076242809298,0.9427383988524205,0.9255866495689922,0.9356238790819092,0.98142360143247
78,1.0825748076645982,1.0410189157152467,1.0388010915881847,1.03266719004375,1.0102347793958302,1.0117973114651992,1.0491316839299152,1.0614388858144783
79,0.8631971755011246,0.8701668451012201,0.8738526266374944,0.8691414664128726,0.8876028733013364,0.9084218517942328,0.9949437996861644,0.9614098316384166
80,0.8202267796016758,0.8207315436736861,0.8482175352440854,0.8891683239376023,0.9300597817730931,0.9404920660489221,0.9758633384127096,0.9672691620798348
81,1.1064259350823247,1.0303093778528631,1.0216354910183307,1.018782134091924,0.9934262684087573,0.9570803471868573,0.9843733156922404,1.045155533599845
82,1.2330586728053667,1.0204906842394998,0.9719061212247596,0.9282753833726106,0.8973189556992825,0.8890182710219923,0.9868415334219572,0.944920392187306
83,1.1654341660219678,0.9977996715620807,0.9953177658950606,0.9545324424361942,0.9215482324863369,0.9139957328785686,0.9674711401794682,0.9822544910937956
84,1.0870618264072167,0.8801493686062463,0.8451319165995765,0.8021966293980761,0.7724203548045223,0.763483635469326,0.8143513294046936,0.7952952306117018
85,1.3424918718596686,1.1424247093021171,1.1056168232472792,1.0582632193015575,0.9996640881952081,0.9982411501654219,1.03076110288475,1.0381190279930588
86,0.8961376041355493,0.8180055404929495,0.8320483183948639,0.820391364031016,0.8073096536680164,0.8046701914847606,0.8839945379532708,0.8856432497303315
87,1.1383665314819578,1.0855220377047936,1.0717128718844346,1.0375435482703468,1.0305447528308278,1.0211430727853144,1.0468551213670787,1.0399820204133932
88,0.520406258284678,0.5108769232816627,0.5248790538276837,0.56229612616826,0.6209453583229716,0.6510598186769417,0.7122232659996947,0.7206226845154161
89,1.256718116701379,1.118670250825095,1.09379388108306,1.055602237913365,1.030163200713187,1.0178539711648555,1.03849479300072,1.0370427436872278
90,1.1880509420148595,1.0785622952351617,1.0392625650435414,1.0104342232553667,0.9526617845070975,0.9497042112737469,0.98211317630436,0.9904256521085304
91,1.2173534136257143,1.1562260012136918,1.148684890655714,1.11004703313406,1.0840915441503916,1.0665702186326351,1.077225819075366,1.0854699868532114
92,1.1029567200572346,0.9779044439939139,0.9705612013877909,0.9436794151359225,0.931745273649155,0.9351209481366719,1.0107269635767966,1.0215979123319454
93,1.1562612600513846,0.8929187048773124,0.8627853109158892,0.8116402376327179,0.7794228048799767,0.7698484590735796,0.8172820504827303,0.8373479639635351
94,0.6567046588961697,0.7057781647971572,0.7256559225571872,0.7329167497342742,0.7503051807791135,0.7819360579558189,0.8074522610062348,0.8179412836029275
95,1.094519702026579,0.961257155400929,0.9398133557751184,0.8848633756569785,0.8496866200862938,0.8364517770621684,0.915641159463837,0.9125004919959762
96,1.0940247338107623,1.0146748510959538,1.0176562657137003,1.0164120030674446,0.9882920918662939,0.9631092989235351,1.0056364824439898,1.0294002862841514
97,0.6058688865969438,0.6552573115620941,0.6961266635145965,0.733088813690208,0.7579865723911194,0.7579984139451034,0.7815393919035069,0.7801246384061011
98,1.0211930715096496,0.9518539717594697,0.9357228009161994,0.9341019316814548,0.906845168798123,0.883487634694358,0.910556604573637,0.9502743681040507
99,1.1850942389041883,1.0961118017070455,1.0722195582387113,1.0520556181120129,1.0334235100166023,1.0268172852653372,1.1030610354080053,1.067502939607125
100,1.418067848412618,1.1300195292349882,1.1492507452120215,1.085793012583231,1.0271662272963507,1.0166798183937433,1.0734791173956233,1.119498194274655
101,0.6728023207579281,0.6654101056908333,0.6864316596716188,0.7174228702887847,0.7344117004444009,0.7514453871408948,0.8313912218965,0.8679030088471413
102,1.102383231031128,0.922792708068691,0.9327246634916956,0.887777854199277,0.8667507851694356,0.8644523784966152,0.9115758367089396,0.9109046531986806
103,1.158323468423594,0.9875894354063578,1.0098380360400274,1.0237653782038934,1.078569719680047,1.087803129370931,1.10463846884595,1.1558690548513224
104,1.325267550207598,1.0840737430808052,1.0581846750765942,1.0386552160606122,1.0005143996069867,0.9956969773127646,1.0273500335516017,1.0325150659351163
105,1.2114615424141622,1.102266838799512,1.1007969549647145,1.0676961958122684,1.003447154186371,0.9975424051768803,1.1364995489400656,1.0032722581936035
106,0.5897090540603865,0.6063143615147208,0.6325516489531994,0.6654585076416415,0.6948665446962372,0.719260367310817,0.847502628123138,0.8373527465823155
107,0.36448412278369313,0.4112419720167718,0.44361384119146186,0.4904754717083134,0.5544968839963915,0.5846295912158965,0.7899194769855665,0.760834958016866
108,0.37653170774726213,0.39384638869678384,0.42340297266273974,0.47687640579470636,0.544496957198089,0.5536796557817828,0.6167482414985221,0.6391608281011064
109,1.1645223126372601,0.9609389112218961,0.9542114166970838,0.9228262293733164,0.8864325450933169,0.877384557963426,0.9741162180674928,0.9435830196649122
110,1.045596106300569,1.004804611913607,1.0140898952380715,1.0125780364141315,0.9606198394644173,0.9540433656307981,1.0003439161323011,1.0235882389876667
111,1.2105606028737361,0.7676438927549641,0.8594946143427166,0.7838694721214351,0.721535609187975,0.7154171157647395,0.746401897390212,0.7433108367727174
112,0.9450787875407858,0.7251964303969632,0.7628054508467882,0.7432616971425693,0.7337462546787438,0.7333907309036297,0.7962550953350516,0.8061538057623703
113,1.446852432556257,1.0673062873242922,1.072337068019681,1.0253813234002662,0.9977779768411615,0.9945740666647226,1.014011923351852,1.019642401526362
114,0.5017385013150832,0.5666128869634971,0.617329138521994,0.6976782854995723,0.7744653892177797,0.7622281341944102,0.8001824767703494,0.7802186764742519
115,1.2897322582601352,1.1325428435139187,1.1231289702441742,1.0645356552891314,1.0296476665997332,1.030485267168432,1.097769304589869,1.147625363689575
116,0.7292156559009548,0.5676722109871885,0.5904002748234353,0.5603601139834519,0.5403466022398383,0.5344556378225738,0.6009124567094867,0.5975162216846683
117,0.9374688707262261,0.801509202411864,0.7879535976662236,0.7523520182533865,0.7223519816578995,0.7170187712406487,0.8248299728094985,0.7805875301927757
118,1.1875853170167083,1.0425711556339003,1.0500683576367507,1.0454861143509424,0.9912093475012062,0.9861687613889516,1.043759112163465,1.0429066335907673
119,0.9848471113369252,0.8041516153739546,0.769789955558837,0.730020162076508,0.7131318271671006,0.7065705321040402,0.7764410444166221,0.7721206581346445
120,1.0491914493007954,0.8024769635971338,0.8113877257685331,0.771980445504066,0.7508092934682903,0.7455248086670441,0.8268385017083948,0.7973426479833219
121,1.1794962335930577,1.042460170115206,1.048354098659186,1.016401921757723,0.9907887453085816,0.979086771760555,1.016677225981658,1.0644567344061815
122,1.172147260477264,0.9413009000437631,0.9447238940638581,0.8997629493284515,0.8865189423578521,0.8665139068918374,0.9013309228209734,0.8871531917626398
123,1.3104478804869084,1.1343755844548244,1.0786001443108992,1.0618330431465315,1.0396599113726226,1.0255127499079588,1.061251933194124,1.0837163791924542
124,0.9854038777491412,0.9738230836415794,0.9825031930538529,0.9690057544195697,0.9389944383959468,0.9290144115817532,0.9696001987331232,0.9801831950663836
125,1.1912212326441574,1.0057665557139222,0.9717186070784363,0.9193936750987494,0.8833380497769958,0.8743046040337961,0.913631299732939,0.9370224342244744
126,1.1574663755652013,1.0661629878225927,1.0487627044976697,1.0257448952081907,1.0142617767794457,0.9936387031015104,1.0408899492260688,1.014531716561753
127,1.1633478316523829,1.0927500812202877,1.0678070868258198,1.0254772429320762,0.9973187588467307,0.993737416479226,1.019052171030176,1.0384439892012949
128,0.5531138976752972,0.574647812498054,0.6046428463352636,0.6433036827386804,0.6773748356151377,0.7025676362963402,0.7579508275548783,0.8083275540788147
129,0.584219530206765,0.5847839637149272,0.6209850689218076,0.6671181769117043,0.7046067790589773,0.7052339799363854,0.8378082381155555,0.8740872866313275
130,1.4162437879909349,1.0249854148219384,0.989924263145295,0.9242628506405961,0.8749481554766748,0.8585255301111512,0.914178499518587,0.9052374453514744
131,0.7341301593506632,0.49806621781989113,0.5255176362441399,0.4865623074963957,0.4544935376840628,0.4548774839958027,0.4906444928308771,0.5040284789270175
132,0.6297336464849723,0.6091076371910237,0.6314765170174903,0.6464920559893704,0.6929391820620777,0.7302596319980402,0.7815496898438765,0.8057611705218269
133,1.302286866829857,1.16883565008473,1.1502112702145089,1.1223817791767405,1.101423137859305,1.0842117173225214,1.1216341860973846,1.074207018320187
134,0.9876366002554873,0.8249867171461335,0.8128787815748468,0.7875499631626233,0.761291772309984,0.7543963412991704,0.8369478431034425,0.8186175762513908
135,0.9611514687155076,0.7909262504201864,0.7535862448480162,0.720460726097747,0.6904880775446769,0.6825935466656322,0.7425170148825738,0.7363180150930283
136,1.3126861535861243,1.06339809100197,1.0389106046922472,1.0027526897314643,0.9530246334913207,0.9352196976084645,0.9815005851415411,0.9931405319387008
137,1.3930739442830429,1.1765984767879474,1.1297023348546789,1.084752547839868,1.0490226842842323,1.0364083009323861,1.0862395355241332,1.086745164695389
138,0.9194653322210162,0.7169489223492517,0.7534835104297073,0.7222579410029608,0.6944127526221134,0.6873517846162054,0.7327812478214174,0.7617230294126429
139,0.9142799684714153,0.9395671804148973,0.9377444013032474,0.9572581228573952,0.9791982610725772,0.998153150022953,0.997696956801598,1.0161802619250857
140,0.7112066332101182,0.6931402788421567,0.6935235459633118,0.7037989457660382,0.7223438783071494,0.7086686259938836,0.8477488719356207,0.778612267291249
141,1.2044152636443142,0.9731533025190857,0.9554626227861319,0.9361875466379547,0.8993821527025089,0.8900108364616627,1.001052515079859,0.9879162907075648
142,0.26558509393563745,0.3140043308159708,0.3521590100203645,0.41509146530682733,0.5114283399808425,0.5521243493062938,0.6429294585241707,0.6649454177603765
143,1.2243224140583382,1.0816310885156137,1.0623905946039163,1.0396224860560388,0.9993496960931482,0.985196738926396,1.0237235325909244,1.0254835073931003
144,0.7621631322347392,0.7676687377660157,0.7883364034149084,0.7938659348547081,0.7939063681886736,0.8234968867598937,0.852390952892774,0.8940557450018969
145,0.39730743154832227,0.44370091077201307,0.47813273213929064,0.5278536144831303,0.5700205283595525,0.567488882495585,0.6638873163696243,0.6663980563564205
146,0.7918636480858137,0.6165098751727011,0.6436286185454285,0.6028947709859959,0.5837594075808866,0.581221859224426,0.6478210299382497,0.6531029292402027
147,1.0715706540308931,0.7807593346528753,0.8222028227759253,0.7716319148304047,0.7433508989928033,0.7342477901146209,0.7603280033792262,0.7842026765723525
148,0.9841752562404973,0.954078993432811,0.9315495021764926,0.926428244326536,0.9440379476774008,0.9323629608699529,0.9535220846299504,0.9605401282601432
149,1.2480096575694013,0.9235617333336342,0.9051204071864584,0.857963044511898,0.8341164314444568,0.8222099960114732,0.8417660282842295,0.8420181529049781
150,1.076956422656312,1.031739882671209,1.0412087903288254,1.0326486285050096,1.003948090880503,0.9879072858136688,1.0276827024724593,1.0750819391209232
151,1.2602199463385972,1.1172415369876871,1.102771987670992,1.047469896189649,1.01566106315345,1.0003495810569274,1.0162205867939098,1.045236536100763
152,1.0377471494749313,0.9375198002852716,0.9146567026782757,0.9162121513881861,0.9160851417478856,0.9334484905477871,0.9945334395783134,0.985011744065042
153,1.3590477484691008,1.0774841500022039,1.0621734993510745,1.0040921612542735,0.9801939646739638,0.9704107066838231,0.995430800058112,1.0102487592561378
154,0.5984687880115099,0.6489420487408216,0.6686664881210508,0.6766923863549876,0.6632241973082262,0.6668453027216613,0.7270947192995638,0.705661090594937
155,1.1316320132936435,1.004101020416674,0.9911994908946921,0.963380258870362,0.9342337316212719,0.919371065699698,0.9917562100982222,1.0173319559893992
156,0.7559450787947053,0.7529881844417116,0.7597699563552095,0.7734815803699012,0.7624660042830451,0.7602777327647653,0.795346019971415,0.802144113553222
157,1.6393234917821367,1.266228667479008,1.1898411273318954,1.133595197931958,1.084381910195047,1.0700227976310075,1.080229781554465,1.1019737445103974
158,1.3546799215031553,1.1112973900791434,1.098122947667272,1.0490719109128679,1.0102919632740148,0.9964747220250071,1.0894563629081877,1.08118190895778
159,1.1432599983085798,1.0053856461030952,0.9978802899220302,0.9519096558747832,0.9155306411075833,0.9069786481839462,0.960393454618701,0.9728944921609236
160,0.6397976124382491,0.707651059688197,0.7519070371301041,0.7810051239658405,0.8037263957203148,0.8002411076880819,0.8783567995110676,0.8807508965914091
161,1.2225985220328188,1.0540632498491531,1.0126303059767365,0.9836464766533368,0.9591262419884298,0.9445089463379674,1.038527496731393,0.9800978781289464
162,1.3363440131880122,1.1568352507543838,1.1379117416006836,1.1043962508896539,1.0710479571505216,1.0444798607538188,1.115028707262018,1.058301378295541
163,0.3744187474919352,0.38921712503338585,0.41678357909475117,0.46819930049173014,0.5349638459849113,0.5448267572243051,0.606323944175604,0.6348620683932249
164,1.0420415118097963,0.9657010531531667,0.9323975114605487,0.9372086788603808,0.9170332446162872,0.8988434894263289,0.945910162495286,0.9678764641494316
165,1.3496594603315626,1.1496659877831847,1.1134489411897204,1.0621249115959301,1.0038112674216637,1.0011432816117114,1.0457363755545708,1.041808597855322
166,1.0688495249497054,0.8401161627630062,0.8285551222425808,0.7857766154739745,0.7752713230677911,0.7633602550982742,0.8289525842409818,0.8270765442392137
167,0.7988492153423898,0.687196461688434,0.7083907150625288,0.7182019722967475,0.7328397433684644,0.7319368421951439,0.7730698256136024,0.8065528437229981
168,0.7870971197347842,0.5881292690498933,0.6261181955206565,0.6313764046480744,0.6508238821427064,0.6520822759871479,0.7385384113817564,0.7620831084259391
169,0.8339312496619719,0.8524077089956142,0.8590403188651662,0.8670259415899045,0.8382963845004016,0.8636288579623402,0.9441050470456048,0.9124721520747388
170,1.256339151991451,1.0321359662849274,1.0308776144204885,1.0073292209349032,0.9826002260008306,0.9717466991548516,1.0136220510079357,1.007688804576146
171,1.1099993992153045,0.839278972506244,0.8282388924163161,0.7802486892898535,0.7426304512685626,0.7371261795808945,0.7952129679436689,0.7824035851562563
172,1.3955515223580879,0.9863700849854206,0.9456002546013924,0.8774660960073527,0.835278600684132,0.8170559516160193,0.8738923634846705,0.8555612329341303
173,1.0589051689946147,0.77640217305276,0.8159012290726249,0.7661148197616992,0.738278731662405,0.7294026727187901,0.7703921221099368,0.7627350795575575
174,1.222569657014096,1.147233619229142,1.12822070117231,1.1186585125596848,1.0474723593961213,1.0368478377934884,1.0705770436545377,1.104326171117585
175,1.403262924941555,1.1315868140856848,1.0956893872358333,1.0292325396091606,0.9833625967630695,0.966923887012579,0.9894863446861234,1.0078708714381717
176,1.2904460128959383,1.029494614875583,1.0341651892260808,0.9756354620304363,0.9473871876153858,0.9357218383580771,0.9412785481715112,0.9568666265338468
177,0.5820619833027644,0.5405545906904827,0.561664177747159,0.5915325102648734,0.6401554955478806,0.6726907911729519,0.8048395497917687,0.795556641166974
178,1.1529466134522006,1.0734757193723388,1.0442436793520296,1.0300398969306759,1.020236091401171,1.0261663576033058,1.040814330885003,1.0232180169809455
179,0.8662264068998625,0.6871567716687803,0.6725347936787834,0.6441416359785159,0.6237650079724795,0.6158439783632248,0.6819185752189441,0.6954601281719449
180,1.0178991497137606,0.7182422001661067,0.7681322352077252,0.715443875885945,0.680494158677673,0.6747134395629215,0.7253558948425431,0.7163996699690938
181,1.3028636930954705,1.1890230225422542,1.1546861772034072,1.1216666195693057,1.075107571220998,1.06791845469828,1.103737362047923,1.111769040347561
182,1.265355933837454,1.0157363123659604,1.0209814324754334,0.9757355979958223,0.9436770203885965,0.93230024104891,0.9641210837927088,0.979313716460291
183,1.0161339408572616,0.9099114451289486,0.9184523882341464,0.9117888680012152,0.9073418878303797,0.9025163172391839,0.9556190261592562,0.9367566904399204
184,1.1926978481741652,1.1328570247088734,1.0729734521056034,1.0448229363102641,1.0139339747266383,1.001882651670031,1.007123684707112,1.0726934841614082
185,1.275441987143253,1.1064317223449402,1.0437468938298085,1.0099993448277018,0.9758131100502773,0.9662593423040955,0.9971931463270592,1.0050325243735756
186,1.1354552362368973,0.8693594879180803,0.8388195426531071,0.7994792422408892,0.7625256859201582,0.7487642640340956,0.8184287791250082,0.7911227815612443
187,1.256596705285608,1.1050281708001473,1.077812593786621,1.0285320713498516,0.9902734791317628,0.982820545321229,1.0140572014558271,0.9942642215002406
188,0.8067202147581396,0.6131479034262802,0.64165029931073,0.6073605278109959,0.5830720358697749,0.5776852407584327,0.6340802275581562,0.6273207420673866
189,0.5416098614171307,0.5912484209680615,0.6108754397446131,0.6076810868023962,0.5915953804402553,0.6012272978064434,0.686663727263009,0.6869112916033197
190,1.4472451653819725,1.1484344447478347,1.1002385775371513,1.0442640807499635,0.9888359156118267,0.9800469591614894,1.0080604503750146,0.994428465293582
191,1.287485317096019,1.0499319372255247,1.0791505737573994,1.0457427247263382,1.0365783761974892,1.0132825296871075,1.0668648146366646,1.0467857467849897
192,1.0909530743852454,0.8479502908858801,0.8327820193374887,0.7910324015394145,0.7575344751913275,0.7486815007652642,0.7887240219810004,0.7984505910281176
193,1.2299863237827362,1.145058348337747,1.1180120051285847,1.1051305887253053,1.0506237369033462,1.0228714288486829,1.0595502750625716,1.086665982218436
194,0.8696806225511334,0.8348808907688067,0.852948791104726,0.8515440624131746,0.8730602343342427,0.8906834856439415,0.9369516902128332,0.9580618691146434
195,1.1899367313781894,1.101183139616498,1.102818939596455,1.1017850854974158,1.0532288797472196,1.0412009517314282,1.0631734917781968,1.0923524964056228
196,0.9223113020157698,0.7825932661902315,0.7471919023613269,0.7173775577653093,0.6978937926415565,0.691492728928327,0.747475791619481,0.7553510794237949
197,1.116229246197743,0.9174558988379207,0.9475554884677824,0.9390400597631208,0.9249802893521301,0.9221337771951763,1.0072235427707716,1.046450550363565
198,1.0594319058431552,1.0144916169893774,1.0220389576546864,1.0138080129487483,1.0040718207625083,1.010934307075988,1.0702227099232862,1.0732203191124106
199,0.9562859298616554,0.920313878878834,0.9229118449667812,0.8900996799861032,0.8649363496912947,0.8532898019183419,0.9154521980050032,0.9769502127446044
200,1.0812763834974357,1.019503657455383,0.9869370234574489,0.9711721086202739,0.9481050977228649,0.9371427124835857,1.0184360297484585,0.9623583932454411
201,1.3445185739598706,1.109152621406364,1.0933655930887627,1.037691195933699,1.012048071064526,0.9942877331915152,1.0499451073987425,1.03937627541009
202,1.1232132743045888,0.8605005323313433,0.8431507010068044,0.7919439816528008,0.7541819499968475,0.7434859136977726,0.8306757110728611,0.8215448976256478
203,1.1691690817987377,0.8310296614362085,0.8645756167714682,0.7995237171189599,0.7595005305081673,0.7501604854287287,0.814545304174941,0.8054530106008921
204,1.2322971937200358,1.0669987089300017,1.0472230726436513,1.015851590533148,0.9855054583443175,0.9731556351063554,1.0618355755021835,1.0384569382435005
205,0.7326269099494185,0.6852287653146238,0.7187521735549722,0.7425026067775832,0.7801527862044346,0.8095991533962167,0.8880179617626597,0.9077743971671084
206,0.26454363819452315,0.3047968870133386,0.3315586213418716,0.36727272695079904,0.4380597855564758,0.48105586288511276,0.6641320209336762,0.6318131396919409
207,1.087841843276068,0.9822815687949609,0.9860505956255466,0.9841938715973166,0.9435313060103917,0.9321025561533968,1.0153496045436414,0.9671332023588718
208,1.1769208820857189,1.0314845320020523,1.012458487959562,0.9615450273855165,0.9480108712249072,0.94271310117722,0.9970682861859996,0.9842999264757664
209,1.3158531831343536,1.1196039633066188,1.0898840442585396,1.0600737904419417,1.0415392620256947,1.0232799856919148,1.0937793385573715,1.065411473928542
210,0.23203961537824505,0.286934324073095,0.33641073792226944,0.4209235242737973,0.5675518869358165,0.6558323574599166,0.9015006090311448,0.96905654864752
211,0.9042809111869607,0.6865399970330294,0.7299423250027887,0.7084341603386999,0.6765452213364321,0.6674733180106355,0.701864061148041,0.6967222565126445
212,1.1285477408487459,1.0349399398059653,1.0059973074129014,0.975067478307987,0.9767714778236185,0.9828897671931495,0.9933417031390798,1.0083410899882208
213,0.8640437895061852,0.8002368169549382,0.8016727228625493,0.8118213678125726,0.7983371227391999,0.7796373844326292,0.9010838751090235,0.8631251631071106
214,1.1504052220269376,0.9033800958111791,0.8891653140440464,0.8426586475423792,0.8114511435859221,0.797105950208383,0.8495731352805255,0.8263217028455901
215,1.2386593184729833,1.143655714372041,1.1026364744527186,1.073539112794371,1.0131847520085382,0.9786065181870817,1.0316345687237922,1.0577272243390758
216,1.3326845223300992,1.1162497506910762,1.091178092888324,1.021368569281923,0.9624581780030991,0.9511173429069479,0.9848931105131022,0.997393838228068
217,1.0518812509721822,0.8337003546050266,0.821158118698627,0.7785432407909947,0.7685392559200159,0.757371161594503,0.8258630090607239,0.8150496004298915
218,1.1842735842597794,1.1440840795206935,1.108540975994662,1.108749095058993,1.0660280978491006,1.0229824878189944,1.082903870919101,1.0594097770110442
219,0.8455194405934409,0.8659718027785172,0.8566222949277875,0.825152002388559,0.8323509422978432,0.8313549301202853,0.8477217807103621,0.8599278251237079
220,1.1165969560324498,1.0752878743458127,1.059625827665584,1.0289400327607239,0.9977622200677654,0.9919047666418779,1.0458476175947005,1.0114326268166105
221,0.6842768072454809,0.7413380648196801,0.7624930820866483,0.7762804709770235,0.7832951405911002,0.7745790869012866,0.8152051761097882,0.850025695369668
222,1.2638792033277322,1.1148302585833925,1.101342539544567,1.1098656651292822,1.0788852253372678,1.0709801032031345,1.1128071117929093,1.0990837083256149
223,1.4919998437688458,1.1092312364130679,1.0430180502674606,0.9685708097464976,0.9226856338255642,0.9066096647156173,0.986394726210071,0.9641831227979466
224,0.9424981471010275,0.6881986264447044,0.6753299821047114,0.6275722119421187,0.6010880454654846,0.5927478121996689,0.6620883200114571,0.6399457238809766
225,0.9106449223311291,0.7940574140645975,0.7846044530619124,0.7653007160575326,0.7438640762928973,0.733584556622414,0.820791025494299,0.8115239821344978
226,1.179096995793088,1.0283955413897192,1.0100853688337712,0.9599135130032358,0.9479565769612073,0.9423095282465042,0.9917448401301652,0.9781943949879928
227,0.9628338072064876,0.9464010157433549,0.9556330118484447,0.9812369680930902,0.970629956015066,0.951925007113171,0.9717954218483656,0.9785292436495716
228,0.6275985783567756,0.4211369450074709,0.47201353021702314,0.43602869165026903,0.40753999432767857,0.4043559137012613,0.4747198223276313,0.520653893269034
229,1.4244324452379749,1.1992489762033236,1.1319402011673918,1.0903075463826788,1.047065199471234,1.0279018380257656,1.0859859548890034,1.0714807322072373
230,0.8018754052716959,0.6882052739668455,0.7106250732736281,0.7220284389380143,0.7374835365631587,0.7371044712528683,0.78623751919803,0.7727469778326805
231,1.1530719022926974,1.120028455734601,1.124105366640654,1.0853256970096545,1.0827889869681964,1.0809909823553059,1.117766034702472,1.1192060048985963
232,0.9453638610408408,0.7251744097780615,0.7628157756959971,0.7424930230292088,0.7336232802459931,0.7335026837326188,0.778537669635305,0.7766131621424589
233,1.2514766968177278,1.0296665987990912,1.0078599726907707,0.9568842846970146,0.9322194196655814,0.9516148031966676,0.9902347994221762,0.9840924728262996
234,1.1139367638244928,0.8498796071650289,0.8900483610593439,0.8684069779983423,0.8796225878942153,0.9009832167691523,0.9395234051240338,0.9772311020621254
235,0.5917393521451124,0.5826135629730942,0.5950664294368194,0.6233229990096689,0.6585591441684779,0.6804930102708929,0.7081924643643225,0.6909716819530373
236,1.2100775007498963,1.0082215213347288,1.0042791723376923,0.9675516086477163,0.9436608393411893,0.9489223178803861,0.9944530008770898,0.9793335451289112
237,0.9558058594524151,0.927930556088723,0.9270336881195219,0.9344986632760744,0.9322126778788596,0.9268781324857319,0.9811927031719532,0.9471453323021144
238,1.109067690433518,1.0055429563299398,1.0335360464054113,1.0244863305216734,1.0087599373373861,0.9821071931538569,1.0752767845609672,1.032697628232656
239,1.1034809799125662,1.052223580247585,1.0491792221075518,1.0220885979968373,0.9905935411342299,0.9758093534404265,1.015369122976002,1.046642851853794
240,0.25113475822360826,0.297183789163167,0.336362181364121,0.3968449256909389,0.47072853574084267,0.4885123165303737,0.5874458982446338,0.5769444338490167
241,0.3849661277101604,0.4510863962756747,0.5113096621922798,0.6080116925781575,0.6999787735421473,0.712660200030743,0.7604020792052744,0.7672704003451869
242,1.2836158832145363,1.0948511349386367,1.0469363066441166,1.026604899265672,0.9940788056411849,0.9868090845052718,1.0192327256409095,1.0205881081720456
243,1.1570395078214482,0.9494739499703326,0.9576533883311821,0.9125874365166103,0.8854284819904675,0.8770708387427321,0.951685397606068,0.917623231712488
244,0.9724478088316274,0.9471913078265685,0.9355054178043987,0.8886161081452336,0.8509279251372862,0.8461764363076005,0.9208438089170788,0.8942901894271087
245,1.1154096529006725,0.8423570794613623,0.8408423202148968,0.7952558251199037,0.7721932020589105,0.7646203546341029,0.7926282345943831,0.8236649709170335
246,0.5460950139131004,0.6027656846459244,0.6383497711241384,0.676815865200517,0.7216280163068489,0.7351057235102744,0.7666169972069778,0.7555302972285367
247,0.4765898786845944,0.5164032835873671,0.5344897762876765,0.5644381649011316,0.5626290544796733,0.5637330014158726,0.6775261061480105,0.6478586123027923
248,1.2765044246396149,1.1391530053728383,1.0941595851103085,1.059793935457163,1.0181478489371218,1.0047466600623194,1.0320351927947249,1.0877593549223703
249,1.184931393475289,0.8733971974207928,0.8488538836527143,0.7935107383635884,0.7612958498359241,0.7516780602984987,0.7952176210779888,0.7903526529799669
250,1.3835920216836894,1.0011621918536184,0.9880799715562876,0.9224600615695212,0.8898975504416293,0.8740748911258488,0.8901534949159212,0.903677389799791
251,1.3896448600309304,1.1721055166882104,1.131298661420029,1.0980662242534265,1.0655838659371646,1.0474663215505722,1.050021788806307,1.0795859206401206
252,0.9141492926258452,0.9161604334174432,0.9257071387353443,0.9124757508697299,0.8730621463999543,0.8807024175785434,0.9426884872825289,0.9392179109159474
253,1.132279920552959,0.982695589968471,0.955382686338686,0.935333719399584,0.9080247914023495,0.9020002345630288,0.9713834144367844,0.9428995906201934
254,1.2380104064918722,1.142672605715214,1.1037362029217923,1.0741745651157415,1.0132720500777626,0.9791616566674438,1.008349448416586,1.0148429262778744
255,1.0217067034090508,0.8037514691334575,0.8106517237219993,0.7739311845017262,0.7458118359780603,0.7386012833162585,0.7945225560251856,0.7985045130900228
256,0.6200151034577569,0.6927476322035852,0.7377902251697322,0.769406233034166,0.7526124495064395,0.7364164869060792,0.7865786611392341,0.7732861992685862
257,1.0626911670478973,0.9442819956040307,0.9415731594772128,0.9280577415091797,0.9115702988612098,0.9240055542061046,1.0000153586268026,1.008281837939529
258,1.0525202028466865,0.9666442921524355,0.9563108792912762,0.9385818543789533,0.9417282598050388,0.9406040847879413,1.00788141393022,1.0228706652103845
259,0.446340058041525,0.5132446417524104,0.5567585791463767,0.6070200100760674,0.6459013098560371,0.6780269844450031,0.7225626477217756,0.7072124168513999
260,1.2751513295814083,1.0488481096155327,1.0182907472123506,0.9699417491709419,0.9285884788433836,0.9199986836408581,0.9420757455483808,0.9571289279489104
261,1.3274899456646596,1.1203136431842262,1.0950720255080582,1.0458763689750477,1.02234472825403,1.0058098773165935,1.0561705546558495,1.031432142921285
262,0.560003165888747,0.6006681481671025,0.6299301420811565,0.6456935657800497,0.6703989281755153,0.6806985158855265,0.7533108948933314,0.7528898243150361
263,0.3576464171709107,0.40577639785346525,0.44847068210842617,0.5157112555206945,0.6041677247412831,0.6633713104548102,0.7773464912954722,0.8005047425572832
264,0.4146939718969427,0.4543112240327419,0.48728494812170187,0.5271743663591897,0.5767238130409246,0.5936885008705806,0.6959355805614276,0.6910643611236102
265,0.8042743458408218,0.6059265244821248,0.6451121893222688,0.6127131911006592,0.5813993417025398,0.5822810942100779,0.6186847959758086,0.6218983437865636
266,1.2095720807583725,1.0799591988200246,1.0489744875482276,1.0003104931398024,0.9843803737066885,0.9657731946582749,1.0322150696922463,0.9947367714578642
267,1.1016828837014292,0.9313489368789001,0.9310165154137429,0.8904436970198907,0.8604399242275964,0.8487799012467934,0.907138696256782,0.908497849525338
268,1.2008088612733772,1.0144589131480364,1.003534786092034,0.971255746852258,0.9499082551191383,0.9335354549464644,0.9650683684830828,0.994650042183735
269,1.1758648389948478,1.0040147732813365,0.9741508304807865,0.9361176076272935,0.9104884716145347,0.8953540161393103,0.9505888122255785,0.9509599216519324
270,1.1400721108542715,0.9953680685966568,0.9444165418088707,0.9091775243943852,0.8888208298397264,0.8738238278734566,0.9116639353463452,0.9314933881444096
271,1.1615255638171846,1.060116488761579,1.0488218136736154,1.0235950128499915,0.985286324001565,0.9761438973586419,1.0166645842982127,1.0196036506184478
272,0.5643444841781643,0.551739740345612,0.570483310267825,0.5964982628029523,0.6360369548050687,0.6376618197408107,0.6760940628892839,0.727329604955127
273,0.4185595367663952,0.48218867141083527,0.5306663271398101,0.5899564111752531,0.6489255642835335,0.6616790371081784,0.6836197984891764,0.6823143326421984
274,1.6231597743800874,1.2573953900423136,1.1821294159743245,1.1248103922678205,1.0746576015881986,1.0608634379267328,1.0943298701042103,1.0996790106284948
275,1.3877752531271847,1.1318250762619142,1.094224222595632,1.0270106240565475,0.9795858992173805,0.9614905852256612,1.1097364505518974,1.0095414425156024
276,1.344365824463392,0.9447347131628926,0.9453656080056131,0.8692918976311248,0.8250874009550323,0.8131183384910541,0.8268100985161364,0.8387211811109974
277,0.9555902513633006,0.6854948780584929,0.7262177769959755,0.6825812702478362,0.6490698646459273,0.6447181313155488,0.6840830764440939,0.7067334610954812
278,1.2128805257110662,1.0289322126245581,0.9963151367996771,0.9389985341452783,0.8998962364956958,0.8947174556681469,1.0065749809115916,0.9787804252078128
279,1.0282181191024053,1.0377414557557934,1.053618565774203,1.0251951908392063,0.9715067895259214,0.960425663300384,1.022631457488963,1.0285948442790034
280,0.4141027747938729,0.45768561551172027,0.4927993912807721,0.5345509157005037,0.5899875669612432,0.6096764624404719,0.7103848217737792,0.7002465222109038
281,0.6015733290450175,0.5664553148523805,0.571769142600415,0.5894927612652585,0.6058352873343702,0.6370357593761153,0.7672083193491288,0.7644311256795356
282,0.24468000239171095,0.2725834247689576,0.30440066294605517,0.3574242038189873,0.44249667068367166,0.48691588052592993,0.5852881894316035,0.620346684215469
283,0.9653088569267055,0.9353927100593151,0.9296269290475391,0.9361028289663145,0.9342909104252509,0.9281090573776958,1.0096108039055656,0.9892557544294076
284,0.6865844028938477,0.7497667253156934,0.7999030322178542,0.8572632542192451,0.8571376001827306,0.8151206563785967,0.8610923762071893,0.8630232121171502
285,1.2484139958591751,1.1756635803690325,1.1610230758481699,1.1139178913833307,1.0683647069848072,1.049816935056893,1.1293982176919282,1.1172494911983342
286,1.4500553313702313,1.1549672301525287,1.0977506036715516,1.0442264771685585,1.0014513228798705,0.9791966993437156,1.024126215405455,1.0249115120386425
287,0.7267212046644507,0.6001607397812746,0.6188169272317946,0.6238644896259319,0.6484239782436593,0.6762659889878109,0.8529421590521531,0.7442336791358612
288,0.8926713954971304,0.6872593342367287,0.7030055427192825,0.6622062425340256,0.6377315761417018,0.627211790491582,0.6951256922180774,0.6920740375630219
289,1.2147110587541332,1.106700938288103,1.1194912254966534,1.1026972942011986,1.0819043180500263,1.0827421315277708,1.161593670137953,1.1075233702119451
290,1.3098879488063466,1.0384974365278161,1.035918681620467,0.9897060364042982,0.9773908850924952,0.9659183247366409,1.0452776819170837,1.0660505390009738
291,1.21857296886546,1.104395174895874,1.1177308750835422,1.1016025547959472,1.0821569805233167,1.0829312678814869,1.1505351186620745,1.0936979221109668
292,0.7478475054235492,0.8003778715818403,0.8376197876199063,0.8700328226972388,0.8885011804878743,0.8934037942478903,0.933714385235708,0.9591637674777796
293,1.2163191951010086,1.0126893810169997,1.0399917621345727,1.021388894177804,0.968509885703076,0.9511996331179918,1.00002193683033,1.0143348514465556
294,0.9343293915142538,0.7850044491302907,0.7874665800866375,0.7478253091987006,0.7195177258787291,0.7145270921593413,0.8194424255216259,0.7929946025332429
295,1.1347402686193617,0.9369368241345879,0.9517387538099994,0.9056911191218575,0.882508834540565,0.8795976202020411,0.93786347918645,0.9179052457555298
296,0.9738195276704158,0.7233745133042552,0.7485414076108822,0.7094179590287529,0.68253049994737,0.6735002722991866,0.7207042501596699,0.7491831390369191
297,0.8188765179896538,0.8431240527262095,0.8496199961613713,0.8475603297674315,0.8510215121620958,0.8321469013049476,0.8783914245895257,0.8637798462559718
298,1.2308662878502292,1.042057446569561,1.0182009671521335,0.9992112167579891,0.9672492314210739,0.9557046244909713,1.0221006584793515,0.9841290313983768
299,1.1876339535869904,1.0986682034018764,1.0933814064341403,1.0676402823433673,1.0221587914122532,1.015321501373841,1.0785281155281146,1.0414969943887311
300,1.039397654271396,0.9809039192257415,0.9897003096711579,0.9838848519084261,0.9479003464510578,0.9316906264868846,1.003313137415213,0.9863378852339536
301,1.280786903658671,1.0154271165858086,1.0016069149547302,0.9555774775313596,0.922617892486931,0.90424253296227,0.95625456694736,0.968745065318031
302,1.2814189096227184,1.1087154559593309,1.0951889472490302,1.0658386441816134,1.0301405657356035,1.0238049013717736,1.0326700719655573,1.0865222402948351
303,1.1973879131250913,1.0636685146595566,1.0311535996907462,1.0012170299727354,0.9559338964302532,0.9557126485682624,1.009556578226762,1.0179953124149097
304,1.422016099501819,1.0643459270545799,1.0338131123919292,0.9756072796247552,0.9278727120548772,0.9151349131156954,0.9456002272239146,0.9515339027279122
305,1.1271400332242363,0.9319756348514624,0.9136848596313804,0.8688586773072499,0.8333632303708495,0.8200075422354629,0.8953045875535119,0.8840627240226884
306,0.5630632694603844,0.5540302510609658,0.5610811071652362,0.5734598797004204,0.6050439088386502,0.6191450917132809,0.688381236255538,0.7511536727261864
307,1.238180968468967,0.8111601312192991,0.8644926688731995,0.7975002852497564,0.7533075110196568,0.7484398199349641,0.7557329983029321,0.7759939494846053
308,0.8728758040990248,0.9095895767924344,0.9332374009804116,0.9279931634937336,0.907358967878735,0.8892927611528805,0.9309635015675812,0.9437059201661716
309,0.8055091225176564,0.6016067407649276,0.6225901633404444,0.588821420471829,0.5632335475412362,0.5596420253701323,0.6239810744211934,0.6224348305378434
310,1.1428370335342872,0.8373532668585167,0.9137066348183794,0.8776372420967278,0.819232256374976,0.8104393793263275,0.8543472790755905,0.8258865550036796
311,1.3338061126758258,0.9913886083255977,0.9510210983773809,0.8764413651653289,0.8252981187572255,0.8125138382174479,0.8402704299353618,0.8808951684822576
312,1.044707232995797,0.9616321917921908,0.9316439046702806,0.9114085061534744,0.8887674707814276,0.8809651688538955,0.9760276271249048,0.938036689211688
313,0.9853742670783506,0.8387842575489258,0.879436778265485,0.8588377016240097,0.8258383537178313,0.8277565680415089,0.9071572877106692,0.8995310144096859
314,1.31611759210481,1.1137216785503903,1.0861594716411447,1.0546819309740099,1.0134016688821559,0.9967398928265847,1.1067026050318756,1.0412675946569798
315,1.4411161314884053,1.2193017417079428,1.160181890658012,1.1205276787528653,1.0949065251660492,1.0856971149725003,1.0986989989305056,1.112900159108969
316,0.13159571572762035,0.171875315876635,0.20806958538512027,0.26808410604117344,0.3509811127857871,0.38200677798616633,0.4846477720930732,0.5717433516393189
317,1.260028895082307,1.1582604546556063,1.1411490291367474,1.1073745987385692,1.057343331788316,1.043229852730973,1.1132057354421427,1.1076825101073602
318,0.9920157127419541,0.9389637612249546,0.9499990751818381,0.9594366945289,0.9562361964858783,0.941548412564496,0.971541046601604,0.9706164567897484
319,0.2334238570948049,0.28840424061080155,0.33794122090798334,0.4225009126504485,0.569266574968152,0.6582227096940613,0.9278927963166218,0.9520096237940018
320,1.138135063967643,1.0442895091508657,1.0281524518162422,1.0134269137499532,1.0058912871774888,1.012083645146701,1.041571992947801,1.0598403849357627
321,0.5892368454187191,0.6534732846687338,0.705119728812868,0.7717986788818157,0.7894652613324142,0.7425581228614097,0.7680587248509053,0.8092527353661823
322,1.0720789446567427,1.0217967783250403,1.014021802236528,0.9637367994065341,0.918697552367435,0.912268019581089,0.9354045811138352,0.9648710126023426
323,1.2294658886657086,0.9865574678232536,0.9770424888005604,0.9201096793133986,0.871359293411716,0.8657235173498676,0.9029814605878412,0.9073116364690236
324,1.1480870215426804,0.9481252623370948,0.9504055774190391,0.9068428561458467,0.8836580796539325,0.8831816535495711,0.9298102707711496,0.931969971489076
325,1.4585229299897715,1.1598340277206232,1.1002310654758911,1.0468853467071033,1.0061978032131067,0.9831560340270764,1.0836793846300945,1.0592114507477883
326,1.0637337698060403,0.9447736881042825,0.9215753251097003,0.9021089950401529,0.8710093478513751,0.8523714237632932,0.923662982146382,0.9258525842494782
327,0.8579397534566773,0.6436362817068788,0.6593322043191623,0.6177734809897389,0.5901883053048733,0.58321520744727,0.6468973899256969,0.6513647096211672
328,1.0571594100165216,1.0232489859822564,1.0161822059880257,0.9926338868146884,0.9640702698119007,0.9431703419103905,0.9834422409743346,0.9991068727035628
329,0.810051286730743,0.6336909121316887,0.6378287141820703,0.61164468497744,0.5875107237128904,0.5822616752539896,0.6602527764160349,0.6716210355678666
330,0.8427568024361869,0.8304056617281247,0.8578225940036782,0.855603725063307,0.8537267917330695,0.8407226219604591,0.9292640879616582,0.9129738500543076
331,1.070936493544095,1.0355046659086866,1.0101206982838937,0.9889567468101423,0.9351474589650629,0.9136896696035736,0.9558462303599236,1.0011272224366297
332,1.1870095236764404,1.004649351235599,0.9701849887967309,0.9174740449174748,0.8816383866956145,0.872791972417008,0.9605130607628906,0.9611752924045126
333,0.8330465739345585,0.6535242945667588,0.6596483007681009,0.6209693637026003,0.6027812576867829,0.5949455486392958,0.6844908826304561,0.672263135594135
334,1.2667238475576594,1.1218019624183568,1.10685760336633,1.1150307287223071,1.0885247866862902,1.0477888871279655,1.172799422821995,1.1220241582916644
335,0.7925032923055406,0.8076456723061202,0.821923992469869,0.8297819644872442,0.8260056414074483,0.8295072651614681,0.897370354295623,0.9018710382648528
336,1.1848052392724613,0.9501880193839152,0.9316935763551415,0.880168053904818,0.8432701510401353,0.8342495620739379,0.8778846841359281,0.8888803016951254
337,1.4336252558249927,1.228876366510207,1.14929725010609,1.058167042801033,1.0246252513685696,1.0182642128564545,1.0689733288014969,1.0669012718361357
338,1.2322375630770654,1.1230711849641903,1.1162273812028665,1.0820004887479169,1.0587170730280828,1.0356912758350811,1.0922570349081089,1.0633046665502248
339,1.1300486396395424,0.9551425379631262,0.9399470211735952,0.9014315724421308,0.871080205357369,0.8654449926645407,0.9231974647584268,0.9259328932544912
340,1.2835637754558544,1.1107487541528698,1.0979112051938749,1.0689096581567294,1.0325245804992185,1.0259913993967327,1.0611562675015067,1.0562303999370324
341,1.1307443295851098,0.9905445636099224,0.9399256167430918,0.9047505634391925,0.8838059133084473,0.8690671448719183,0.9339000190990404,0.9165858295881176
342,1.4483515262867326,0.9226917511045816,0.9764407207899323,0.8803320907267119,0.8320651510176184,0.8131913820785659,0.8469989720635577,0.8382712699271212
343,0.8578495238385938,0.895557576058884,0.9088483720379384,0.9063057762160339,0.8785875461355813,0.8754360951525202,0.9207545526408418,0.9280240413762024
344,0.6247179644243036,0.6626543848693417,0.7038317535600798,0.7547288574201264,0.7821516430008911,0.7745389106722042,0.8330720243424706,0.8121226437758612
345,0.842751023417797,0.6478248368827639,0.667919928520216,0.6370776880998309,0.6123137239792297,0.6093355724630207,0.6884389634578725,0.7230938037149585
346,1.054805088920691,0.9686999473384155,0.958721341778322,0.9399584697320983,0.9420133402279403,0.9414873781770525,1.015105179266702,0.9822448543658188
347,0.668221764421322,0.6674195789578723,0.6949600784518621,0.7228872024780522,0.7185349298577214,0.7081299467578516,0.7540106533005733,0.774693478424391
348,0.9823134813542601,0.8104599961004096,0.8050082075782491,0.770470226515186,0.7455669084653331,0.7355236497857286,0.7963054408547992,0.8021117099858222
349,1.332849418941969,1.1318897258260108,1.1006344903663932,1.0469201769469871,1.0127987988518945,1.0061155019712058,1.07983938562052,1.0672625292732192
350,0.9617936345686603,0.9378147119112564,0.9588479069776005,0.9781981615216401,0.9869012194454193,0.999325361019566,1.0215308364608688,1.0390530382837708
351,0.7125385360311416,0.7541854191710142,0.7850736723167114,0.8032473265373138,0.8412768706908058,0.865747816060462,0.8980763253332675,0.909252984302787
352,1.1406344189669517,1.026854545851368,0.9931600814460492,0.9446341350034229,0.9095473654408758,0.898319570028071,0.9811788294743052,0.9733015619876728
353,0.8421919762753131,0.6887466883518667,0.6740136605248157,0.6421423966827935,0.6246996490834175,0.6181976715725325,0.703294385499679,0.7056916244208393
354,0.8230160749466449,0.615262808451313,0.6546838004909775,0.617994039371046,0.584687280928623,0.5822971880803585,0.6239560222810866,0.6392817616531463
355,1.0207762333225057,0.9493320628934371,0.944742120719356,0.9520322056818323,0.8925935209265288,0.878238612668269,0.96561743090123,0.9580518553101128
356,0.967161353186698,0.9400231481997934,0.9401953910424622,0.9474795169512108,0.9153900445327857,0.908171700190294,1.0134244824061642,0.9414809690168418
357,1.1689269464807959,0.9940623777552777,0.9489285028983442,0.9036965883545867,0.8692233595649578,0.8527831913190626,0.9052034688867766,0.9238001067752392
358,1.122867412274072,0.9676624969310409,0.9679144776745862,0.947891459253615,0.9389731391091735,0.9390249630390967,1.0225298050559,1.02836715784065
359,1.3088559022208004,1.1322266471523688,1.0785273322325273,1.0617598477262469,1.0436997924584155,1.0285244217378497,1.1108212065508918,1.0463724297478936
360,0.9369380252038619,0.9681111239001478,0.9763205307848345,0.9471419605921031,0.9302414368506863,0.9336295562384679,1.005441709278639,1.0172008569033304
361,1.379267647931594,1.0873402974066568,1.0872490061217994,1.0436358210385384,1.0248823649033487,1.0298525545863386,1.0815215872691624,1.026699932492609
362,1.1468148085377574,1.0028886838386535,0.9671420594005425,0.937789439172426,0.9129225997518454,0.9011081156851172,0.9799291351838808,0.9824680582414186
363,1.0919509922588027,1.0145392097072214,1.018598640607856,1.0177142313368897,0.9909476219022055,0.9643838474916337,1.0251261161783518,1.0258906283543148
364,1.1961511471541406,0.9037048149063859,0.9298303090236898,0.8895470287091133,0.8346607465468836,0.8242623650077396,0.8659105187052712,0.8800517301558746
365,1.1974525829442026,1.0926371966682704,1.072100178175836,1.0316480452303787,1.0060736694957264,0.9925475971333054,1.035585859662992,1.0274929214623674
366,1.1509844808906444,1.0354668389874584,1.033742393824378,0.9923676356245866,0.9553475474392751,0.9548459569376638,1.0623072201510768,1.0360865698107071
367,1.3765945264179311,1.0667827119479452,1.1199259282040932,1.076231633234676,1.0431948546902128,1.0194336261894383,1.053367585262885,1.0277902100800729
368,0.8734845389795033,0.5904763976351803,0.6645245510281251,0.6188978460217901,0.5757462821236389,0.5770238471471218,0.6284281572456154,0.5976139537522756
369,0.8971240641132169,0.6728994500239458,0.719210602643814,0.6831591798347231,0.651014207302012,0.6481276842252168,0.7010525894278377,0.6792576172807291
370,0.4164751652688724,0.4802252856499052,0.5277838298632209,0.5850632607141434,0.6420822010456917,0.654432157406677,0.6752884416662752,0.6789128780261877
371,1.2730820097816746,1.1839355673484777,1.1448215444553607,1.087592487494138,1.055993609417107,1.0369683232598685,1.078963570695351,1.0397785960107444
372,0.94121302336839,0.9243434005085648,0.9122109031132108,0.892971463931419,0.8616220303286899,0.8705487840056532,0.9128094240461994,0.9056504859751858
373,1.081541216880855,0.6728317540411672,0.7807128172304921,0.7154698674426875,0.6600887283997311,0.6658550604470189,0.6775200099103847,0.6874000165075473
374,1.196617848551731,0.934396176499829,0.9294142532362204,0.8811640731322762,0.8515379307880322,0.8344416040413783,0.8931479636923422,0.8917346722633112
375,1.0975194954710474,0.9510592263045093,0.936253638304886,0.894360664855224,0.8573386439275352,0.8453897376839095,0.8783256737607413,0.8730627682344634
376,0.6099897811869864,0.5986574296200394,0.6071244583023222,0.640759989626489,0.6502174991986709,0.632879245532251,0.7471319764683949,0.7441734422021888
377,1.419287387527819,1.1471210194222472,1.1136323566927553,1.0425121515007756,0.9950060443687381,0.9857463592344055,1.080124511305106,0.9947065013183464
378,1.331709322309012,1.0491994499836172,1.0358895612983907,0.9853203057494934,0.9480930162172649,0.9333851890350194,0.9961363341491596,0.9967789795187804
379,1.1622774614252822,1.1075091771373806,1.0898699378554004,1.0621117864737282,1.0312583806944142,1.0133280771255224,1.0591970417192982,1.0508096660386927
380,1.2992917617407558,1.0432878050842205,0.9871860749521992,0.9571629423057216,0.9005644158287636,0.8968617493169231,0.941561037929197,0.9787958731985004
381,0.6209474235262912,0.6464112734965562,0.6897604079169578,0.7400614882681017,0.7845812000240001,0.7744683933643459,0.8216420272567235,0.8348636150212174
382,1.0968402675087159,0.7039293094134699,0.8027701932640633,0.7411379690734211,0.6745553810428867,0.674376467307515,0.7038151552496379,0.706232494380813
383,1.025041425291571,0.9738236003693209,0.9558216171723123,0.9281322510032586,0.9258913581460866,0.9255739911744453,0.9670249676850128,0.9975358713984384
384,1.1946009975682308,0.9788076571823427,0.9668642610896909,0.9224486493928442,0.8870932003948346,0.8729134813592078,0.9222555589876024,0.9172533219296458
385,1.1477329582315918,0.8408283220274634,0.8491211836068898,0.7964048790924251,0.7686390700991992,0.7557414293393163,0.7996286381179558,0.7969777226719618
386,1.1874825751075053,0.9941214783026062,0.9824392605830746,0.9472603686637984,0.9224249335450645,0.9169587622445641,0.9445750559869353,0.9883082147014643
387,1.0707879852084272,0.837980243773033,0.8220777708113667,0.7812175736179655,0.7470106701509425,0.7379623469947358,0.8070687883450474,0.8161694807409424
388,1.0797905481894463,1.0235731359653468,1.0336052275028562,1.0337748422954092,1.0269891419035275,1.0219342532703102,1.1130057097708497,1.0559170493906174
389,0.822378729593126,0.7501389411753471,0.756759208011538,0.7568241721752967,0.7558699410681774,0.7525493925311412,0.8618543448028666,0.8523899198131716
390,1.2859737058722365,1.155389680817165,1.1313271279001857,1.1047694203916218,1.0482148645047287,1.0215386658211194,1.1519133999585982,1.060626377880861
391,0.7198083221561868,0.7640842277870079,0.8049175326619742,0.8325083218153098,0.7905029201261151,0.7861117820358938,0.8665312689216829,0.8469183988234492
392,1.259384587996514,0.9993237476214643,0.9845429708998948,0.9369683778265633,0.9023051907216476,0.8851968853067498,0.938434198480152,1.0093004458808963
393,1.1110418783238454,0.9530016097897359,0.9624539915341142,0.9190238029855554,0.8987899944939908,0.8854895660014872,0.9213740307735744,0.9394670835345006
394,1.1242063908838429,0.9334467275968701,0.9462593464428317,0.9008482515769912,0.8774181879367117,0.8747836750162279,0.912913085638928,0.9322827261274532
395,1.2528915917529562,1.1207290001087238,1.0875034524856642,1.0477169166400735,1.0092117130398395,0.9950354078056312,1.0310186702733914,1.027412344617882
396,0.8550276746399446,0.8614152517836269,0.8565690501402546,0.8517110992059228,0.8383481798099246,0.8281298907709035,0.9000183323518608,0.9031977450374477
397,0.8600222110417095,0.7242786965380213,0.6990737394242853,0.6653153448752104,0.6385575830972402,0.6348317904861034,0.7085326150276556,0.7022683553585389
398,1.0342844710712886,0.9953808398776562,0.9731827874668679,0.9698501639014944,0.9773521105385308,0.9719257216329859,1.0414659587600732,1.0578086217983609
399,1.3128796356981611,1.1161675630547951,1.0705881549308367,1.0235735497039236,0.9944733569592751,0.9736902369110378,1.0054248280023348,1.0289366434503733
