,window_size_1_RMSE,window_size_2_RMSE,window_size_3_RMSE,window_size_5_RMSE,window_size_10_RMSE,window_size_15_RMSE,Exp_wAll,Linear_w200
0,0.777514977869963,0.7242244200434038,0.7112196748234901,0.7173787550347759,0.7397451284751028,0.7572603576851161,0.9499155319430036,0.8435494861981135
1,1.1344703240990588,1.0114391391270696,1.047258545239507,1.016429964749669,0.9932428881269153,0.9956414846541917,1.130602940799541,1.0315355340755032
2,0.4616050391319005,0.49183986103832344,0.532184776967508,0.588035499538044,0.6721853881962478,0.721506564526837,1.190872632296213,0.8884096646244021
3,1.1838630219052442,1.0116122664348515,1.000395147256678,0.9818230956101028,0.958257951633539,0.9430289925881132,1.150668694533212,1.0717071022136275
4,1.45688220459497,1.1722399558524073,1.1897294221992947,1.1250975542768875,1.0751454951672232,1.0761796572336007,1.197061018752558,1.0983399685874011
5,0.7833121419641795,0.7868555721115056,0.8171648728748491,0.8533264863889527,0.8811807808681699,0.8945743897975678,0.936136729059378,0.8828089255294104
6,0.7321379658095991,0.7156325092935863,0.712268768334181,0.715600863898439,0.7427892989956042,0.7495526528349046,0.8785780804112432,0.8407002939565834
7,0.43235573013133566,0.3333611784368798,0.3498984366989856,0.33155912271317733,0.3237107810584433,0.32095245958791296,0.3397550900995529,0.5076156881569791
8,1.3044914366560165,1.1226961694580069,1.1107087875001806,1.0523980746456094,1.0029880585773587,1.0045939302449565,1.076084509270814,1.008753106494691
9,1.0624516567704736,0.9396569054447386,0.9211653355394259,0.8987746192527322,0.889575886237159,0.8858343211586339,1.0470285832548432,0.927061979473087
10,1.1566148001701024,1.0605322493014917,1.047282976456739,1.011626605315906,0.9857447362093295,0.9831524889365145,1.156293773104479,1.0338908448234545
11,1.147713807183431,1.0181975888113382,1.0102475895499732,1.0062359631051068,0.97002977941054,0.9676117193491031,1.1037877822056847,1.0332132990212115
12,1.1512154970388035,0.9756776533058369,0.999370574538974,0.9742287733989448,0.9358679594463789,0.9306062003360408,1.0812190227254144,1.0119841201014286
13,1.130839753909974,0.9304395383694555,0.9597818616464082,0.9526094077701717,0.936567443989371,0.9336603034687501,1.1227853915915729,1.0248752753439274
14,0.8071877064423989,0.8260591476897552,0.823073352650229,0.8133647313347898,0.8090119097384048,0.8041718907042708,0.9172711017092088,0.8537085002727859
15,0.9637723934269665,0.8214017565685924,0.8346336934521775,0.8361148319499992,0.8683529793600698,0.88809524616249,1.0698488122441356,0.9072310712747612
16,0.920514807068222,0.8455909798094715,0.8455306764654207,0.8517397435138923,0.8470675555727942,0.8347892174630732,1.0112996033797783,0.8739416467322226
17,1.1355172296014993,0.9512211850952713,0.9678879044402279,0.9694700825476457,0.9618886793728607,0.9488796312391932,1.0998643954575678,1.0020471901740629
18,1.0696675339602293,0.9673200152808795,0.9663232487102994,0.9463455400748353,0.9132979809656173,0.9384374809669632,1.1590355219945052,1.021520863346272
19,1.2385877234265623,0.9851002505704406,0.9785143650690704,0.9412234528791317,0.9179452110037661,0.9019974900656889,1.0311392562531765,0.9749825540876728
20,1.1954778716184582,1.1928594528468093,1.1638622342265426,1.0961097896897904,1.060055351739102,1.0561400310152569,1.193882471725317,1.0820036411739116
21,1.2993030453592538,1.134939797302037,1.1142201500792464,1.116153714908013,1.083608625292038,1.080588445110103,1.2243775825017378,1.1028791219054364
22,1.1428608624242185,1.1014774366329696,1.0880456252125295,1.0396435485168325,1.0017594589744325,1.0024398527176812,1.2080919171363167,1.0315885094552726
23,1.226110394415421,0.9703768379451925,0.9220868803566116,0.874553458536111,0.8380499604577067,0.8238043044346183,0.9517330046336764,0.8661941254296772
24,1.0908163993034776,1.0231911015947792,1.0242129809413514,1.0258954173993458,0.997837864197198,0.9702791818584937,1.1297194356396232,1.0200828165392355
25,0.5371092721183792,0.41908541059692933,0.42478194437406264,0.40089038548865036,0.3870936243714564,0.3824430288992707,0.5079426450227957,0.5161737498746428
26,0.7408664099696184,0.5839605143606013,0.5611090692112911,0.5309261920996855,0.5176789874135118,0.5108422209846935,0.6068009366300697,0.6462614092280267
27,0.7263832548071762,0.7388906698417483,0.7539159343777548,0.7743559534963443,0.7764513461445854,0.7532267245547579,0.8691433125264294,0.8008966102710298
28,0.7901170617182703,0.7259566051273207,0.7367076822610602,0.7359589224261492,0.7222889927166359,0.7125091453925836,0.8800954536588144,0.8147008866148188
29,0.8177319318915456,0.6288118148605512,0.6333800895641739,0.6004745079089264,0.5736778618083487,0.5706441784319809,0.650494061053617,0.6907561032505508
30,1.3514473820076247,1.086822198433546,1.059903010410403,1.000880976946209,0.9616654035068802,0.9508565988595128,1.1128205606460233,0.9785474559337562
31,1.3784366693458343,1.1818530185653104,1.1120622706971628,1.0777221557105447,1.0406384753822568,1.0304968130235124,1.183684913180511,1.0540845160094572
32,0.5028754214081977,0.5640960489814935,0.601849226513028,0.6419584909073384,0.6531376738371797,0.6316717251789702,0.6910058733150396,0.7194040813983176
33,1.2308654833528012,1.142642080348398,1.1223607273821947,1.09552048353281,1.040573692958816,1.0374942885400145,1.1661547153376164,1.069954577550425
34,0.7036772289614752,0.6697766200273977,0.6898015993226676,0.7097825413132005,0.7119003692745852,0.7042178995654547,0.8017107901026468,0.7689716176055282
35,0.9409342444334723,0.8033408086525018,0.8238141949262301,0.7939246027477816,0.7775473568930206,0.7698927568781141,0.8658347201850255,0.8093913658240109
36,0.6186540653880488,0.703009612659881,0.769587831972793,0.846478224253625,0.9337182952408919,0.9338785797530081,0.9817147813485638,0.9305867848432108
37,1.1277206057191935,0.9237372251190185,0.9015494106682048,0.8725021960081244,0.8451892303522521,0.8417664077774605,0.9412431505194911,0.8888243860065649
38,1.2130980247106797,1.075010856234246,1.016547608923885,0.9607347520345852,0.9272580184084025,0.9190374537568439,1.0249600353029205,0.9355549400531832
39,1.1639701434307101,1.0857911048805593,1.0851110612206232,1.0553285164497375,1.002834175965312,0.9972349852130212,1.1087883908124043,0.998833915151378
40,1.3374506800389436,1.1410360629587424,1.081110043092198,1.0528166137384665,1.0356081348385637,1.0219706632994157,1.2391441956128526,1.0348982364034385
41,1.0705954777287343,0.9302969648861174,0.8826729081102431,0.8791295273235985,0.8580400137833147,0.8410716490737521,1.0140562205252166,0.9171556786156112
42,0.7071176964413253,0.6855017162693123,0.6967589453056193,0.7043383976981202,0.7031219248318424,0.7202863961263638,0.8609837374530837,0.7954746857462882
43,0.7256087696412432,0.7924514033283429,0.8198231451750099,0.8241750840514989,0.8541652720472317,0.8580891882868742,0.9051390398892272,0.8870953498396168
44,0.8784091433044933,0.5632661898774994,0.5054093324582493,0.4536728506984077,0.4390633304078243,0.43336587807491284,0.5107284478508555,0.6316291038636909
45,1.0257415437854958,0.9299575832655501,0.9365562353156639,0.9445427801911151,0.9396014594038324,0.9304880364301679,1.0697253114587095,0.9875931123161972
46,1.075464955808962,0.9462210059225308,0.9269185327023977,0.928642144947372,0.9339084306667049,0.9561983204486529,1.0679921971932422,1.0164761507327038
47,1.2579263560327791,1.1164837291049956,1.088794447847444,1.0507481836325394,1.0120629010763962,0.9900820497145164,1.131559516307204,1.0201675514609236
48,0.8798667545352478,0.6054771868038774,0.6527196586127285,0.6062382925996647,0.5767489578182287,0.5694401005235478,0.625488361900831,0.6276856583507102
49,1.1619324753646898,1.0229083860549444,1.0324817730794096,1.0209570774111745,0.9712657467468883,0.9551503196920405,1.1704839331871149,1.0693288393593343
50,1.0497558245302545,0.9459638303909105,0.9282914335692783,0.9240646973828933,0.9167085791607266,0.9203207890845327,1.096454375975841,0.9704756942427002
51,1.2300156338311092,1.1009646098600936,1.11026310623273,1.0914911312126088,1.0549392292578124,1.0421812584585723,1.2768327928872822,1.0987677581926023
52,1.1403830124872572,0.9847167532664808,0.963124230479845,0.9287436162026954,0.904404785637444,0.8783866506179263,0.9779805751212184,0.9401428107015476
53,1.0109635089469375,0.9139322864843951,0.8999816372913828,0.903500546762223,0.9044009828295569,0.8871786167772292,1.151204816536525,0.9374272379576096
54,1.1072858448927072,0.9247003356326788,0.9301547908547629,0.9378764182070737,0.9221137042988976,0.9058024168505143,1.090561590696556,0.9930433991476184
55,1.1130389973950658,1.0909977267511746,1.0595255378534731,1.0497288959300826,1.044512249051072,1.0103322292024954,1.1668396901669773,1.0544317486379813
56,0.9228449002198366,0.9391559606320897,0.9484937354425077,0.9654771031229726,0.972893708137838,0.9549228194557656,1.0216990575980427,0.9851067314601012
57,1.0135577215662004,0.7920943486625844,0.7701762813435585,0.7325015609742185,0.6982506528074293,0.6921206011684151,0.7815680184282557,0.7929000832214841
58,1.0707277874815655,0.8851036983335682,0.8984083865855552,0.8647913171423705,0.8278464432648932,0.811935129911615,0.9462370543450596,0.863724931996416
59,0.6693516103684168,0.553053206259045,0.5470889980882858,0.5217121567629346,0.5074640903502975,0.509989539934252,0.5740645813190446,0.6813352488130486
60,1.315214474980239,1.099532235622526,1.0628168542072094,1.0077115972897153,0.9865686250350049,0.9801271025410799,1.1306185800217496,1.000614958152029
61,1.052824338600315,0.9987930629061021,1.0034728866199352,1.0234675090047722,1.030123771595956,1.0058902913124534,1.129915458208914,1.0223675651306854
62,0.9740730359414779,0.8751461391793477,0.8536134005704195,0.8448460944805537,0.8259410350193225,0.8302773342390523,0.9687909180259412,0.9007461364131156
63,0.7777298571352383,0.8207219616417828,0.8418788258378715,0.8463384818817637,0.8257371436600348,0.8507801649788129,1.0265705165678067,0.9382983094381684
64,0.6342498763916731,0.6573687024546692,0.6999021755314543,0.7441567433657255,0.7901549431126909,0.7812527543822174,0.9315252498696382,0.8457152563962915
65,0.6373699883762056,0.5050895792214488,0.5098859577220645,0.48025226441939883,0.46753873827566267,0.46768027986079524,0.5186865664467453,0.6315180921308617
66,0.3510614626649459,0.38642176232398195,0.40858596576942463,0.4352571571160834,0.46287403659820026,0.48659135413927673,0.5635441458847928,0.5936011917662306
67,1.2003635744681298,1.0230989353282878,1.001656000195897,0.9603589807746237,0.9321566367081738,0.9179904185481976,1.11222436847506,0.9432635120690755
68,1.3119704270740087,1.1044102221785421,1.1062261563846578,1.0568991715571425,1.0235265272722174,1.0117257374396675,1.1885792581024095,1.047436631171745
69,0.39980079813441183,0.43918049158326494,0.46939548513758456,0.5140925037410301,0.5445225381311154,0.54010406769887,0.5813436860476039,0.6425285306851444
70,0.963872004264221,0.8430717546069082,0.8270304329032183,0.7990731823569246,0.780118896543361,0.7656100017186247,0.8826196910159524,0.8707715265494652
71,0.8019753939483004,0.8266733655901028,0.8300018283146215,0.8284245139769142,0.829352496529573,0.8232127848396935,0.9251809801383604,0.864948590412261
72,1.240810773356041,1.1156670959864865,1.08419344760772,1.0504823379851476,1.0226930182357463,1.0163580421867402,1.1327141415226043,1.0401986032601018
73,0.7724790054474973,0.639516369225068,0.6410159233456542,0.6155724424723893,0.5894543427419247,0.5893522324034739,0.6863131273116625,0.7320815844841971
74,1.2492289437726551,1.093519960078639,1.0839603403838745,1.0700150354299995,1.0275395972478634,1.0277577104006175,1.1632132561953443,1.0357241186964612
75,1.1427383105482423,0.9612913320623471,0.961028072303136,0.9102653659302292,0.8824782361174566,0.8715245619166191,0.9699153243206762,0.9066845769688788
76,0.8064260878721144,0.8227204066272867,0.826126179707403,0.825862158493564,0.8082591796104255,0.8195318693787407,0.9605593079515158,0.8564372098516694
77,0.93894955586201,0.9653617662418378,0.9626365789375358,0.9370467661823337,0.9752967724469476,0.9576890371242222,1.089315165357106,0.98142360143247
78,1.0961179751662813,1.0526275067473787,1.0478640253923652,1.0492570998090802,1.0214607512665483,1.0213768419116593,1.2106223727530545,1.0614388858144783
79,0.8635980747604667,0.8795566532424155,0.8889655218806045,0.8853228107319271,0.9065073110147664,0.9264108259669821,1.0293580331224352,0.9614098316384166
80,0.8342380956407729,0.8241497756502065,0.8478762662004024,0.8799799133598977,0.913387566974127,0.9266655226322632,1.0062037622204318,0.9672691620798348
81,1.140946181349355,1.0438505840296062,1.0292695670136027,1.0202834300854358,0.9957197141161642,0.9620018372395053,1.0913680179395044,1.045155533599845
82,1.2596959791408757,1.0524618337534,0.9889696490845413,0.9480029268864907,0.9147558908638913,0.9075067745644547,1.0998374223373275,0.944920392187306
83,1.1804614379433143,1.0202817799675858,1.0072833056627932,0.9653700535249948,0.9294357975478904,0.9209994537859925,1.0494639983555794,0.9822544910937956
84,1.015689312542236,0.8746836827042067,0.8151730733567358,0.7818207820121644,0.7471385546994349,0.7366010723441293,0.8738519332569742,0.7952952306117018
85,1.3655535752558543,1.1437004226012244,1.108222666454344,1.0589639160012407,0.9993228712412644,0.9988750177031482,1.1659711799166304,1.0381190279930588
86,0.9180621692510659,0.8328228228791831,0.8357455466536564,0.8209417025011589,0.8086493002008104,0.8040244930557674,0.9994866395745404,0.8856432497303315
87,1.160261945560516,1.1019178414003281,1.0859167444205207,1.0479118897022122,1.0458743679013645,1.0350366669567628,1.1600717557654274,1.0399820204133932
88,0.5333347515008245,0.5120332226448288,0.522270007295675,0.5545774827422444,0.6060935180622183,0.6312351351213893,0.6778550750134142,0.7206226845154161
89,1.278419911057534,1.1235797043092404,1.0981084254758964,1.064638419535894,1.0392657998473351,1.0280230061226914,1.2009909071075364,1.0370427436872278
90,1.1749360175094887,1.07855954562749,1.035046724542069,1.0046616701140498,0.953991541937278,0.9503379665134529,1.0684606501486495,0.9904256521085304
91,1.2265536184945183,1.161408898439808,1.1457519795710644,1.1016309152012274,1.0743223815282688,1.0626259430422018,1.2193337948923693,1.0854699868532114
92,1.0691449025185962,0.9775897574195479,0.9648220559568726,0.9401379059416597,0.9331484330315888,0.9395289280204417,1.107479598781076,1.0215979123319454
93,1.078512603573646,0.8824321249661783,0.8323557242108586,0.7814228315534915,0.7484500933925343,0.7371824235769676,0.866204068102965,0.8373479639635351
94,0.6818746699981759,0.7110828213537037,0.7282222738722387,0.737284801223164,0.7554037091822127,0.7880350400166781,0.896918927237373,0.8179412836029275
95,1.1184026893070127,0.9981625441814671,0.9656754829981946,0.9057869466374875,0.8634670777777826,0.8518187059815795,1.031011845808269,0.9125004919959762
96,1.0997484606720604,1.0282899163013708,1.027798373373972,1.0249738521818093,0.9910964988574287,0.965474051843914,1.13211507473011,1.0294002862841514
97,0.6034834191308046,0.6523064942164672,0.6934348930084115,0.7333828637473165,0.7570064704531837,0.7495720292020407,0.7655764389357769,0.7801246384061011
98,1.0534246377753893,0.9671707998235642,0.9464460006870038,0.9405748231660019,0.9075023520051669,0.8850249738639417,1.042535358373633,0.9502743681040507
99,1.1880484375529103,1.110545350106568,1.087878080033826,1.067458805385487,1.0411001793411516,1.0348687126412968,1.1692445745686662,1.067502939607125
100,1.422560869564671,1.1377999653640092,1.1486639929427183,1.0843124797735142,1.0273476689357026,1.0179853039713584,1.1772248555594966,1.119498194274655
101,0.6991699335561825,0.6747302504354329,0.686227732299174,0.7100491584553618,0.7170482506235933,0.7355219174307754,0.8028112281121283,0.8679030088471413
102,1.0915312950156002,0.925830470261221,0.9281071264394231,0.879019673278607,0.8630564595090229,0.8594337438550275,0.9674675733232216,0.9109046531986806
103,1.1499531553175222,0.9916520109689019,1.0145114513191906,1.0276922945856903,1.0789962754535478,1.093520613398041,1.2584469804263092,1.1558690548513224
104,1.348724346083107,1.0928661578777312,1.06065510795158,1.0410508456365488,1.0016384801296017,0.9974185648769581,1.1937557322809973,1.0325150659351163
105,1.201182250934291,1.0961773049451864,1.104115069753686,1.0721715861355035,1.015370341849011,1.0045011801679526,1.165060397158712,1.0032722581936035
106,0.6158255554417144,0.612396001959555,0.6332031375449858,0.6619488333735625,0.687082562513483,0.7114400350317805,0.7970843166208799,0.8373527465823155
107,0.35495396874217044,0.39508658908575306,0.4219142608410387,0.46131773611501076,0.5103051818753543,0.5291255053603487,0.6181632029362316,0.760834958016866
108,0.37859175137892037,0.3974143148880561,0.4268922438892802,0.48054232460415147,0.5536680674611236,0.5673509621401638,0.6242052811403141,0.6391608281011064
109,1.177950766825619,0.9807043287598662,0.982886429067437,0.9474162188522605,0.9119935380848728,0.9026891498125663,1.0188735759451242,0.9435830196649122
110,1.0768107839496195,1.0122777963670178,1.020683680357527,1.0130656915846639,0.9586946164684068,0.956113756146652,1.1072397694138545,1.0235882389876667
111,0.7701223398712148,0.5864352663142524,0.5654718706028861,0.5288976006115416,0.514252444928766,0.505267544404837,0.5880878861608991,0.7433108367727174
112,0.9241351574020311,0.7285839166243676,0.7575961614553731,0.7429469512321659,0.7338379922701563,0.7335104880553365,0.8504622296517347,0.8061538057623703
113,1.43753964469836,1.0666890692357702,1.0534297274694968,1.0049201214392385,0.9834307644055048,0.9834717202657624,1.0555331156033554,1.019642401526362
114,0.5094199665094425,0.5652967433975254,0.603641290769229,0.6692290879762036,0.733590624283249,0.7218425372746324,0.7438289599521071,0.7802186764742519
115,1.2885214613335454,1.1390451685531038,1.12728660538288,1.0679446941782746,1.034544869299648,1.0383050167023946,1.23826169247716,1.147625363689575
116,0.6860559940461722,0.5389004678647539,0.5544105440241667,0.5273718592769824,0.5096553459303982,0.5028838309186896,0.5395154392129021,0.5975162216846683
117,0.9330739615621173,0.8118537578155945,0.789693375104852,0.7547270068598514,0.726599318196719,0.7242514000481091,0.9699636361045793,0.7805875301927757
118,1.1880554647052346,1.054466400020177,1.056926485056092,1.0491035909907864,0.9936408301643511,0.9878348635903165,1.0869391894945748,1.0429066335907673
119,0.995361698935431,0.812844571678902,0.7735682730084865,0.7285368054095406,0.7109332611400899,0.7044477516363852,0.8613728341550703,0.7721206581346445
120,1.0101883604283013,0.7964695764588773,0.7985415277106666,0.7569654041858719,0.7371743187298373,0.7290877378311572,0.8204245748755555,0.7973426479833219
121,1.2046592963605722,1.0559499780449983,1.0628322415444618,1.0287903906962026,1.0042044625072362,0.9923336559703002,1.1678210833653138,1.0644567344061815
122,1.188601937691506,0.9456859513297643,0.9425820879632313,0.89665175110997,0.8849403708034875,0.864498023445187,0.951758093339066,0.8871531917626398
123,1.3302020067289688,1.1451718619447626,1.0831830953285695,1.064531085844507,1.0453428957347635,1.031661476725373,1.1542654158055448,1.0837163791924542
124,0.9986528953243583,0.9875915766857275,1.0060267726349181,0.9914924799593579,0.9673565626268208,0.9663952632463966,1.1588510837578938,0.9801831950663836
125,1.173476113055635,1.00813779894742,0.9690440764104847,0.9176787099894079,0.8821481829372645,0.8731555161874619,0.9493515630063024,0.9370224342244744
126,1.203459322358293,1.069664199553165,1.0525024431565326,1.0294976357232755,1.0179460598222818,0.9971658168132999,1.145090559648394,1.014531716561753
127,1.1758064866114821,1.1043592832503095,1.0749914936981098,1.0449167470585863,1.007105624689791,1.008814158111741,1.190037790919708,1.0384439892012949
128,0.5602523419157899,0.5862183575718775,0.618492425138669,0.657536697220034,0.6843428621934878,0.7098871282477983,0.8230469184993346,0.8083275540788147
129,0.6008301454598151,0.6082722826558831,0.6453251568331269,0.6881732190850666,0.7112023127952988,0.7145722393466594,1.0108814638267425,0.8740872866313275
130,1.2345730348050576,0.98731717699854,0.9120660856391773,0.8668393152906774,0.8136650733999874,0.7986636669143821,0.8647182640293439,0.9052374453514744
131,0.6323454330994709,0.4380706964364619,0.45047404994510465,0.41734746754864427,0.39388582414442613,0.39074195004095735,0.420916118091486,0.5040284789270175
132,0.6721027105272647,0.6165027115161026,0.6318652623909198,0.6429667363607824,0.6878014853840085,0.7261868062043263,0.8125803111010924,0.8057611705218269
133,1.3353406918709796,1.1742951134844364,1.1424463834166476,1.1130623472919263,1.085670128252891,1.0681728018627505,1.1698056498122156,1.074207018320187
134,0.99591151483837,0.8333639044859964,0.8206403934366747,0.7951198475532693,0.767742353228634,0.7612021539589614,0.851821837827083,0.8186175762513908
135,0.950891238500285,0.7921908116279124,0.7469852232439121,0.7154060907094414,0.6866486699784421,0.6781119921925214,0.7579849558459817,0.7363180150930283
136,1.3290785507308092,1.0697093101476531,1.0326176507749711,0.9999057313072678,0.9540039733819181,0.9355207185087178,1.0894098599979076,0.9931405319387008
137,1.4223169171602013,1.183178667213128,1.1340191351804092,1.090327256824185,1.052956458705896,1.0383727120561255,1.1731992374717912,1.086745164695389
138,0.8728223063682338,0.6999153345102448,0.7233930123661719,0.697751026671193,0.6743026754449568,0.666654925489847,0.7210784491295021,0.7617230294126429
139,0.9415876144851486,0.9483357656436173,0.9402347559434391,0.9510907130606601,0.9674318979668728,0.9866439710883043,1.0223876458419066,1.0161802619250857
140,0.7471911104932126,0.6935967536552197,0.6895669780006211,0.6987167697012557,0.7171753368845775,0.7054447436217134,0.8649670240970252,0.778612267291249
141,1.2169048434107905,0.9788731816432122,0.9655138616342656,0.9441814488636419,0.9076474397024251,0.8974629295029893,1.0877709993207292,0.9879162907075648
142,0.2606837126574865,0.3066810414530332,0.3424008579303936,0.4050087088244336,0.5041500564111714,0.540681747598401,0.6138683914918918,0.6649454177603765
143,1.2728815347742568,1.1036554890810033,1.0834978823652488,1.0561865737322305,1.0144809083682484,0.9981453291601807,1.1677651034299006,1.0254835073931003
144,0.7600526427448554,0.7697932291856884,0.7934338142433408,0.8009534407561718,0.822269161903462,0.8701666541961077,0.9345005803293724,0.8940557450018969
145,0.3987274609323492,0.4414326133341844,0.4753851045919192,0.5242676243207002,0.5627079885068093,0.5601286859975894,0.6015802873631965,0.6663980563564205
146,0.6666119998879702,0.5485268487478676,0.5530907493765209,0.5179394874255271,0.5135621839009133,0.5103595704500286,0.5924218655956586,0.6531029292402027
147,0.9576888341096516,0.7182018217692594,0.7279448178375936,0.6879749027515105,0.666884426495839,0.6584982519673793,0.6936335325862563,0.7842026765723525
148,1.0101230068246314,0.9578281994246362,0.9355216787848512,0.9357102357828837,0.9597570348683107,0.9535440593166633,1.069957687450657,0.9605401282601432
149,1.1462804990031503,0.8860141567050975,0.8458430858539691,0.7993251192372977,0.7833217209247606,0.7708990675041756,0.8304615629404759,0.8420181529049781
150,1.1004158356860747,1.0344819016853823,1.0416693604960647,1.032960216191202,0.9989477776651657,0.984614574285443,1.2475112797617656,1.0750819391209232
151,1.28844559968903,1.1283721917708356,1.1116341155164902,1.0573856842405838,1.0267064227673066,1.0076247775000244,1.147623452870303,1.045236536100763
152,1.0767866904203316,0.9457919278928085,0.92100853617742,0.9218675683415947,0.9262656699987891,0.9442613093763706,1.057017615763482,0.985011744065042
153,1.3590307677898408,1.1330647984861397,1.1028140148800731,1.0394955163306694,1.0144804394776739,1.0021020427947631,1.15009558590585,1.0102487592561378
154,0.6098995584611483,0.6532755599510901,0.668834079763001,0.6739897336155445,0.6592325882859702,0.6623054118196893,0.6917214297205335,0.705661090594937
155,1.1288964156749233,1.0186894939958244,1.0136113977069559,0.9889979304900447,0.9551394156416936,0.9393098909300901,1.1454485989702543,1.0173319559893992
156,0.7742337124260957,0.761449916485906,0.760553024353285,0.7649626708858479,0.7560496494287481,0.7535324280857494,0.8470794403112533,0.802144113553222
157,1.6752342663432842,1.2820421200765857,1.2062119400210687,1.1544078268085431,1.1019257863184553,1.090612684440599,1.201516008037718,1.1019737445103974
158,1.3304672822018406,1.139805305639271,1.1167928596411298,1.0679396862789214,1.0289073701417066,1.0155344090630645,1.2233147204914274,1.08118190895778
159,1.1354927453507508,1.0043980385632671,0.9983045653950751,0.9533515198609706,0.9155831970718905,0.9051356311768777,1.0202522912886274,0.9728944921609236
160,0.6565570622892146,0.7126448135234695,0.7546422849711985,0.7815158340245246,0.802878897798369,0.7992615678692269,0.8953383173065308,0.8807508965914091
161,1.2406183717902053,1.0641458164086646,1.0182759416819651,0.9864012342712725,0.9666715120379423,0.9510973333739796,1.0819723950822806,0.9800978781289464
162,1.318415868779906,1.1664965718340716,1.1405718020622797,1.1040399015266869,1.0691202183527415,1.044058103481248,1.2472271754895714,1.058301378295541
163,0.3827116679981303,0.4005857271563944,0.42913648501844626,0.4818578697933293,0.5535437215154736,0.5672033399731967,0.628926231096136,0.6348620683932249
164,1.0780299869600383,0.9669826691380615,0.940786920489423,0.9415034378922981,0.9426056226182051,0.9296216514935558,1.1283820180823334,0.9678764641494316
165,1.3773375762805442,1.1525643657086713,1.118326982934865,1.065399894596958,1.00552718180087,1.0041896793116165,1.1594477268234988,1.041808597855322
166,1.063639740235921,0.8459782331502418,0.8220305877563834,0.784720450505529,0.772646947711785,0.7610269331251734,0.8592427890441187,0.8270765442392137
167,0.8258643025897783,0.6969939638607742,0.7151646848061719,0.7181058461756848,0.7260083555157117,0.7269939019041883,0.8556411743366436,0.8065528437229981
168,0.7948314423433268,0.5922489554753072,0.626360439447259,0.6306212513053089,0.6524082163292204,0.6532817960281528,0.7830334908980402,0.7620831084259391
169,0.8487975159434313,0.865993973647745,0.8701734969386238,0.8814965905234674,0.8647118168250758,0.8981537259980382,1.0800298756410045,0.9124721520747388
170,1.1750565946657725,1.03336690995154,1.0248676426225523,1.0168040777161436,0.9951475600961726,0.9778898370822348,1.1682803013579277,1.007688804576146
171,0.9529841117780735,0.7957623533054676,0.7626958636767267,0.7100054207037837,0.680817253745968,0.678348356771155,0.7720430171834742,0.7824035851562563
172,1.307328942822112,0.9875955910152252,0.9061766879097077,0.868059678131919,0.8250063727815631,0.8076637498662015,0.9160998476728004,0.8555612329341303
173,0.9438300995420105,0.7150701343503415,0.7264294534252991,0.6874018760425108,0.6662077379550086,0.6580274356047068,0.6805236539576569,0.7627350795575575
174,1.2347622550792166,1.1671072116376258,1.1503778726143692,1.14542355170958,1.060723626899442,1.053353491460574,1.2398816053164097,1.104326171117585
175,1.4365912380628456,1.1551059952104636,1.1152699834024804,1.0427991913946337,1.000957817985709,0.9844401270135139,1.1091275032399786,1.0078708714381717
176,1.251289090501885,1.0161934746673786,1.0135175670623853,0.9560133462955258,0.9314318067515807,0.9191081661613203,0.9674809620812064,0.9568666265338468
177,0.617415070913076,0.5520509542385587,0.5634493376182699,0.5837608244831665,0.6186556485388484,0.6365762606292146,0.7058940288592699,0.795556641166974
178,1.1841345598710182,1.083556123546576,1.0512086909256952,1.026062399249113,1.0123238974627087,1.0222381427487264,1.1735160747326896,1.0232180169809455
179,0.7840874480387254,0.6452415156206762,0.6172310065911367,0.5951592516202467,0.5795170736472766,0.572189345675362,0.6502134842973271,0.6954601281719449
180,0.850904572707012,0.6286862415819814,0.6449202404973169,0.5981276780570456,0.5752443309946036,0.569463182355759,0.6521119608118683,0.7163996699690938
181,1.3126620079102933,1.1927147595066696,1.1584515829304431,1.1253901823962227,1.0778181059191996,1.07058980966923,1.158037121025938,1.111769040347561
182,1.3127213857170588,1.0224336490512898,1.0272672165093661,0.9757903726980309,0.9422114284554111,0.9320394326048833,1.1365634707569217,0.979313716460291
183,1.0277537060660975,0.912576332502177,0.9173484708099636,0.9117216560739846,0.9085930898374355,0.9047604266780982,1.05362433498162,0.9367566904399204
184,1.214692059774135,1.156937722002854,1.0940927414215549,1.0658283457066897,1.034805030983015,1.0192307536620109,1.2253148391195208,1.0726934841614082
185,1.2256620392591795,1.1138841783185427,1.0526469305288764,1.0121938869955782,0.983370140762013,0.9748478848098586,1.0933192679278372,1.0050325243735756
186,1.1196245950384316,0.86937452016349,0.8295144053513986,0.7955717517495201,0.7537412114441391,0.7413227697878316,0.8530877898004942,0.7911227815612443
187,1.2607856915797635,1.1161621841234917,1.0870202681502041,1.0387136509604564,0.9959453036135277,0.991557728092675,1.0688085532224547,0.9942642215002406
188,0.6814167501073047,0.5354800117811377,0.5373715120975947,0.5109581160761268,0.4936743728648435,0.4891313266332019,0.5405300857394484,0.6273207420673866
189,0.5547273398695773,0.5865758070976806,0.6026485512189839,0.5907796962015991,0.5754502095364608,0.5877850614975987,0.7622626353690027,0.6869112916033197
190,1.4300408568898877,1.175368245065591,1.111721781310891,1.056471081077689,0.9955038528552158,0.9854841044700834,1.13263457664162,0.994428465293582
191,1.3345870101476367,1.0719667842247476,1.1015565327761694,1.0648533722472568,1.0621024397342633,1.0365681207540363,1.1514653312826553,1.0467857467849897
192,1.1111337220413193,0.8540404834903487,0.8421937936156614,0.7988874984371035,0.7625807089998315,0.7525960751492693,0.9003934507921119,0.7984505910281176
193,1.2767390008935517,1.1564590412261475,1.1233261522384332,1.1067985042336674,1.0687428501040566,1.0358136549392971,1.1819215326044012,1.086665982218436
194,0.8639310118474689,0.8387479715554412,0.8518475360240768,0.8462680684375959,0.8776235973295841,0.8947031632699657,1.0076982716419902,0.9580618691146434
195,1.1655086694185073,1.11432287500115,1.1207489627802552,1.1340623369739957,1.0919361285504876,1.0764823202966303,1.1787545431473774,1.0923524964056228
196,0.9202995651785553,0.7895690996628859,0.7514854851924794,0.7222266794625795,0.7016819468778319,0.6946477511304968,0.8305841717040775,0.7553510794237949
197,1.1504419389069467,0.9359553377085478,0.9617755157101929,0.9515132045017519,0.9350574587299643,0.934752213950506,1.1252077819884232,1.046450550363565
198,1.0836256335276544,1.0280565979254443,1.0283558937461454,1.010890097525879,0.9947808453609571,1.000313000850899,1.164407451557689,1.0732203191124106
199,0.9708240199748506,0.9169086773673637,0.9173742070900608,0.8852702281721695,0.8597942630477949,0.8493042580505912,1.103174325683257,0.9769502127446044
200,1.0964842555876329,1.0275220753547447,0.9892444214041917,0.9668399675033246,0.9439447610069011,0.9369689661535463,1.0754006539347385,0.9623583932454411
201,1.2786989517829808,1.1217568219620946,1.119994981121498,1.0944141354850516,1.0887702229674956,1.0629121078251456,1.2563100971321426,1.03937627541009
202,1.068541283510498,0.8474515913597106,0.8114475875688932,0.765261523569734,0.7316521970335279,0.7202627700207437,0.787391735361486,0.8215448976256478
203,1.03305493684094,0.7836887748352132,0.7721072934639258,0.7249002163816238,0.6936986139871701,0.6847321545016813,0.7792445090295491,0.8054530106008921
204,1.2528913017152101,1.0662704789424675,1.0461547100350663,1.0173334770985507,0.9903117348123147,0.9791881400310501,1.1397766287075766,1.0384569382435005
205,0.7362231733861054,0.6970918527409786,0.7293136701986774,0.7569179388827305,0.8034896457342172,0.8397497071901528,1.0126952136630127,0.9077743971671084
206,0.2629640349684759,0.29150695482891953,0.308402084866941,0.3294708254338432,0.3794965934457844,0.41443841284497374,0.4783768409703232,0.6318131396919409
207,1.0615125000290646,0.9788813690941532,0.9852986713451723,0.9963060141110504,0.9516834042559287,0.9411775241392368,1.1097363913423075,0.9671332023588718
208,1.1202561145665906,1.0101278930880462,0.9988705931906303,0.9519999630192209,0.955310933473298,0.9591255059024368,1.0682977379542238,0.9842999264757664
209,1.3210269118457438,1.140722673765263,1.1168890364884412,1.0816971083602767,1.062402961974517,1.039253297584458,1.1433928080415705,1.065411473928542
210,0.21684889547220715,0.2656969595876841,0.3089911515497421,0.38347932129081613,0.5199719873130855,0.6071977415817988,0.8457386012425337,0.96905654864752
211,0.8653939289000108,0.6706203188637239,0.7084793186553278,0.6923585118956617,0.6601358882884905,0.650077373113971,0.6970593280003818,0.6967222565126445
212,1.1518951023506705,1.070952238928422,1.0498413251508083,1.004925383403714,1.005565022163719,1.0231303917059524,1.1436754537023424,1.0083410899882208
213,0.8805593523138047,0.7971565506504433,0.8033521769556582,0.8231943280312285,0.8123303906122732,0.7944701043767666,0.9211844626334992,0.8631251631071106
214,1.115068605130147,0.8973474861952639,0.8748944133785522,0.8278943591996597,0.7953531307807526,0.782552715164576,0.8837905580613941,0.8263217028455901
215,1.2461864857736278,1.146911292292922,1.1077381328679714,1.0844709283396112,1.015471916298474,0.9833896151503161,1.082318542460082,1.0577272243390758
216,1.3667592004026006,1.1231190383156946,1.0988066504690872,1.0260453175830793,0.9667877627995202,0.9581142987827571,1.0825180488589696,0.997393838228068
217,1.0535549112472913,0.8415645372176417,0.8200587653810626,0.78099179413174,0.7690668953376478,0.7579556650171153,0.8571696079482384,0.8150496004298915
218,1.208189239732112,1.1475541521046404,1.1155903177378412,1.1179588096999962,1.0606144721898954,1.0232266511524306,1.1916912285771353,1.0594097770110442
219,0.860383851784676,0.8679945887883203,0.8592716890234268,0.8271872872361082,0.8327685187294253,0.8312312238874829,0.9406795818475108,0.8599278251237079
220,1.1258894157405446,1.0835853124868406,1.0640211212851638,1.0296246673886298,1.0017037980299195,0.9947204204172392,1.1793398853946366,1.0114326268166105
221,0.6785834188182168,0.7289485497062914,0.7447455827043374,0.7626076620258159,0.7724147272309839,0.7792411842365708,0.9105457267184246,0.850025695369668
222,1.2909238380309918,1.124368118569612,1.1081742343187713,1.1136205263501262,1.0809115338679967,1.0773408919491625,1.2249580048592257,1.0990837083256149
223,1.530750474165573,1.1215451327376056,1.0570689272888667,0.9754609352302114,0.9263345296554341,0.9111656153043405,1.1252679479522094,0.9641831227979466
224,0.8248283998486764,0.6527361990418418,0.6100181056068172,0.5725691857283053,0.5465611293529273,0.5381484106597532,0.652578560698863,0.6399457238809766
225,0.9001645042228483,0.8046260275240269,0.7890481576913145,0.7724369484829486,0.7511990609210192,0.7393440979848014,0.8761270786797455,0.8115239821344978
226,1.1338210704558171,1.014125805692985,1.000504011649756,0.9526664255358561,0.9536878407117861,0.9553505225099299,1.0758484856192423,0.9781943949879928
227,0.9781403370602009,0.9660754219378067,0.9766479526119455,1.0020226529965635,0.9828703391729954,0.9642830278241047,1.1380476775900092,0.9785292436495716
228,0.5944428731405178,0.395017836369331,0.4439163534946908,0.41038812866503477,0.38287099735029123,0.38051237010468786,0.3875782836135674,0.520653893269034
229,1.4572903496430145,1.2212086911727227,1.1500358972786284,1.1045004327361048,1.0580761318544782,1.038835563163437,1.2428769280530385,1.0714807322072373
230,0.8459024507831859,0.6987314162998323,0.7181716941480704,0.7230836388151828,0.7329500994544822,0.7349808903314096,0.8431760159926515,0.7727469778326805
231,1.144348891011197,1.1232938571159352,1.124745354861638,1.0917465690374948,1.096403971140482,1.102671207301894,1.264903803903016,1.1192060048985963
232,0.90867444416814,0.7227376151445631,0.7501618469779417,0.7366000959205111,0.7289799807235369,0.7292023539760186,0.845813671429908,0.7766131621424589
233,1.3449333284245673,1.0436044177105241,1.0119381677097457,0.9561358651241328,0.9333109562396015,0.9506237686959202,1.1461067171397226,0.9840924728262996
234,1.1466925428341213,0.8655527385110319,0.9112329435289412,0.8827553229469273,0.9028024645188069,0.9236467087475078,1.0787874574356575,0.9772311020621254
235,0.6131061226662194,0.5832473361241763,0.5885174704083641,0.6162335724767185,0.6480815657253801,0.663431978384388,0.7223629074015447,0.6909716819530373
236,1.161976296100991,1.0050825526606493,0.995872899604599,0.9604366659385591,0.9380206714762958,0.9430440735103218,1.113813100582577,0.9793335451289112
237,0.9841784546223864,0.918892868280224,0.9112965893482168,0.9187847921371401,0.9189516261035301,0.9145962752234844,1.028687159365045,0.9471453323021144
238,1.1522039444299448,1.0183178378164133,1.0441063465555136,1.0261101921144646,1.010562538361928,0.9930363270567621,1.1698559452264612,1.032697628232656
239,1.1515782065171771,1.059901945084718,1.0487774974935833,1.0214852925325528,0.9910908981473251,0.975759935505086,1.2176383995900906,1.046642851853794
240,0.23962410577877455,0.28095936198166516,0.31421917330375726,0.362916736722914,0.42537059314021836,0.4468710740928517,0.4697142914666724,0.5769444338490167
241,0.37593458345128866,0.4335682553573679,0.4899833228794909,0.5725008578085663,0.630050907141543,0.6367501989872915,0.6199066831062217,0.7672704003451869
242,1.3265685843451474,1.1178772618359893,1.0578710580672972,1.0381660449429782,1.0059081766080713,0.9979611712081937,1.2075544229558095,1.0205881081720456
243,1.1138212586181062,0.9606730673504211,0.9538101574814576,0.9056300672216461,0.8826909613571667,0.8765344577795734,1.011990199256891,0.917623231712488
244,1.0174002470530152,0.9496645332497912,0.9344789466420801,0.8886042347246681,0.8454455807557439,0.8433995839129427,1.0090075296081464,0.8942901894271087
245,1.088987397819081,0.8377635321074062,0.8339690582360318,0.7864990063341071,0.7619912874659703,0.7546412233865967,0.8195850311985694,0.8236649709170335
246,0.5544362478071864,0.61708060385948,0.6574191038889453,0.6997003579897484,0.744125749860154,0.7495887910054991,0.8435548958834141,0.7555302972285367
247,0.49923219637558963,0.5258715766402962,0.529866293420486,0.5395095951917299,0.5288487848552953,0.5371937945381665,0.7474137717240054,0.6478586123027923
248,1.28408946016575,1.1381186043458147,1.107985189852807,1.0955708367301686,1.0418857435242026,1.0308802080871706,1.1783025318830231,1.0877593549223703
249,1.0818421937058458,0.8435028625634631,0.796228689636837,0.7467257442361666,0.7196280797016193,0.7067937310046888,0.7716203143381297,0.7903526529799669
250,1.361285449529853,0.99941793238111,0.9767811983689174,0.9148795169592432,0.8800289405867788,0.8674627148173866,0.92431435632453,0.903677389799791
251,1.3750748371197734,1.1944283345727063,1.155512731641941,1.121460666602544,1.0909709483198196,1.0688568060201291,1.1980455239796008,1.0795859206401206
252,0.9476162208109488,0.9235103576780725,0.9286224126551841,0.9113292979182082,0.8872699387839114,0.8932636742695489,1.010119546116358,0.9392179109159474
253,1.1364510904530363,0.9996761929669276,0.9600431406580081,0.9458610099290994,0.9273584434580079,0.9239481576841581,1.0349730166643287,0.9428995906201934
254,1.2415290988544858,1.1474992670018935,1.109759662564013,1.084758213931321,1.0151281388551363,0.9830461267419575,1.0782895337878016,1.0148429262778744
255,0.9720177792524102,0.7808331715310787,0.776941696366992,0.7407473947909268,0.713308839463895,0.7057015623095582,0.7647220246555014,0.7985045130900228
256,0.6248168308258792,0.6859803378909531,0.722272502656973,0.7430292462412772,0.7240122455022259,0.7193719280077605,0.819855289410569,0.7732861992685862
257,1.0644890575342933,0.961645192728062,0.9596479638398708,0.9411127583576987,0.9121461980474467,0.9342833716435881,1.1571919790854133,1.008281837939529
258,1.0988481283537075,0.9858560643502983,0.9749989725644974,0.9575139514865093,0.9631555472260862,0.961481660437592,1.123816368427942,1.0228706652103845
259,0.43369362167782904,0.4895595600509095,0.5239510138896619,0.563152536792963,0.6015860235961566,0.631466814773992,0.6275961875475242,0.7072124168513999
260,1.2749048174881585,1.060867349993839,1.027054206332462,0.9790664572903108,0.9341975593995545,0.9264693302203305,1.1053446444839543,0.9571289279489104
261,1.3220729968611602,1.136463212202731,1.1092230676965351,1.0606882127571449,1.034564237377908,1.0156904867315526,1.1294185880815233,1.031432142921285
262,0.572439915993153,0.5912173132869825,0.6142152502980136,0.6253455431819472,0.6469297527859066,0.6582839828638186,0.7801028491380202,0.7528898243150361
263,0.3494962300376155,0.3906785198298792,0.4289883398231102,0.48960851159915714,0.5668971563689005,0.6181910833883407,0.6412975370118366,0.8005047425572832
264,0.4083346032758508,0.4419067939657822,0.47210932884726486,0.5064694664550313,0.5416803582090123,0.5504358924624299,0.5989171266262523,0.6910643611236102
265,0.7540245258963791,0.5787034416948323,0.6056759499912021,0.5748550751467427,0.546236302223033,0.5467856840504238,0.5908446562450876,0.6218983437865636
266,1.2291530738217311,1.0873472439432592,1.0521586814569501,1.0027599870603916,0.9816076025483972,0.9638851025875023,1.1436263061062173,0.9947367714578642
267,1.1142282978773506,0.9423937378107728,0.9348192366225605,0.892916750836578,0.8638176468545457,0.8518601490450481,1.0173938355569587,0.908497849525338
268,1.1889422358026165,1.0287990692130204,1.011220103034457,0.97878143689114,0.9598007936298778,0.9453653368510493,1.030776895219974,0.994650042183735
269,1.1516033657634241,1.0259552068681064,0.9790620144881798,0.9398846559865545,0.9135134882901799,0.8965904132068017,1.0371155763517026,0.9509599216519324
270,1.1358625807723381,1.0153952740906553,0.9513453895218673,0.916743815668245,0.8939550632769167,0.8764162050377944,1.013199259327658,0.9314933881444096
271,1.1896766107253933,1.078012200168273,1.0585601170032362,1.0256749342820333,0.9849043864990743,0.9799928718837358,1.1570161010594435,1.0196036506184478
272,0.5706659916569587,0.5676174146703846,0.5888525383357992,0.6098569696746362,0.6439032600777185,0.650307569505872,0.8180893553816747,0.727329604955127
273,0.41343424143145224,0.4705816027021747,0.514736164452809,0.5667403702087674,0.6021906062771576,0.6025172976574642,0.6007840315486188,0.6823143326421984
274,1.6717360418393195,1.2786796418998982,1.2044540038139175,1.1513986841886257,1.1017095436023039,1.089252230802152,1.2020351995797771,1.0996790106284948
275,1.4406059971801488,1.1586627729419607,1.118833897061479,1.0445269208857606,1.0031507624463,0.9864347273057189,1.1294263089211538,1.0095414425156024
276,1.2213025577578418,0.8993540581740876,0.8823495539976298,0.8135444667057974,0.775975247149076,0.7615551227726722,0.8206315100853891,0.8387211811109974
277,0.8049954157563969,0.6173643296136083,0.6134721564544825,0.5851113567795755,0.571668152848291,0.5658597007762658,0.6563919993076748,0.7067334610954812
278,1.2190327466338027,1.0362035573715744,1.0052016181511507,0.9477292075011239,0.9095112739912155,0.9069295610381093,1.0329800131016895,0.9787804252078128
279,1.0603230338490448,1.0597946968621466,1.0675477902342783,1.0321983429967188,0.9754159263459731,0.963341740103219,1.1280072552870366,1.0285948442790034
280,0.4110498953314336,0.4471200361024858,0.47831321973503504,0.5129105078762096,0.55024973348537,0.5603762221048442,0.5984021917329967,0.7002465222109038
281,0.6154721184318557,0.5765197069643351,0.5763199790929658,0.5910031339163904,0.6034612299574428,0.633783115852007,0.7593338927239369,0.7644311256795356
282,0.24001631454008243,0.26489558708866623,0.294286998611372,0.34263172336885106,0.4150719940051222,0.45892939598722554,0.5819178064950006,0.620346684215469
283,1.0054882074503386,0.9336320190223926,0.9160341492336047,0.9170767552783602,0.9139157707410138,0.9080862203629304,1.042725735816881,0.9892557544294076
284,0.6757171229877224,0.7406848592007901,0.7977960901790978,0.8562203881455019,0.8549607972635851,0.8121428315355655,0.8487904832644638,0.8630232121171502
285,1.2624614155011837,1.1696253556806846,1.154485098878827,1.1169906337429316,1.0717709797808768,1.0530006397745626,1.216146793134275,1.1172494911983342
286,1.4702605302078566,1.1660861497824477,1.1002639644641594,1.0486192159713925,1.001722166918716,0.9773577173652194,1.1092348771499632,1.0249115120386425
287,0.7947681299037119,0.6142566789540211,0.6254637191031278,0.6130930304277158,0.6194549297310407,0.6353202764942321,0.7484491995951075,0.7442336791358612
288,0.8426765885654616,0.6608750347647439,0.6613495196960748,0.6253819390084424,0.6047648190424633,0.5939533733285053,0.6447856513139582,0.6920740375630219
289,1.2287972129940432,1.1281025328814664,1.134265463201571,1.1154872055564735,1.091927609184267,1.0939688545438921,1.264602282648685,1.1075233702119451
290,1.3689550306696354,1.0548555213027067,1.0651954734883213,1.0127306161578824,0.9953018781582252,0.9834793907942423,1.1485155311726667,1.0660505390009738
291,1.2288639639024659,1.1248634670969968,1.132646294627585,1.116769336208672,1.0994058614764035,1.1003789381237605,1.290516441063799,1.0936979221109668
292,0.7665528803571485,0.8114276609090487,0.845711175523345,0.8759820815995221,0.890772428911549,0.9081648438322365,1.0606998879297584,0.9591637674777796
293,1.2121336534386198,1.0132933060003801,1.0370144463423923,1.0224229254567874,0.9708791488585952,0.9535764373820063,1.1323472028200523,1.0143348514465556
294,0.9423966872851105,0.7989426188574494,0.7971995224363295,0.7606863107596308,0.7327604938745704,0.7283734670285192,0.8582965868331511,0.7929946025332429
295,1.1052668126928766,0.9347936000051494,0.9367228631848518,0.8886756965705601,0.872137132781207,0.8673647957241937,0.9656739877901204,0.9179052457555298
296,0.8478228405875191,0.6766947401085144,0.6695902947550366,0.6423469055242307,0.6241839773766331,0.6141536588443347,0.6725946258187454,0.7491831390369191
297,0.8269550891373608,0.8377803916045525,0.8346837247287788,0.8311243116852955,0.8371555302702501,0.8261906145449812,0.9057467058354592,0.8637798462559718
298,1.2458939125496817,1.0433334117523965,1.016181999505535,0.9953520327703744,0.9686002379172379,0.9582693845026841,1.0944330504474489,0.9841290313983768
299,1.2052232511595957,1.1249434876340363,1.1121501746526448,1.0863866542952456,1.0417533496571614,1.0317225732725932,1.2905031900882045,1.0414969943887311
300,1.053222652959057,0.9907511512485443,0.9976313081566028,0.989113875745555,0.9526613792301063,0.9362622175254938,1.1478760924577056,0.9863378852339536
301,1.251372927529344,1.023381068333954,0.9916777988195364,0.9472470768549178,0.9151627783650667,0.8997041492390958,1.0322244352461516,0.968745065318031
302,1.2924201614170376,1.1161916998616828,1.1017884758194958,1.0769326767086642,1.0387510415196735,1.0353298121788816,1.2215300728159542,1.0865222402948351
303,1.222914764229675,1.0786260898811744,1.0445344714313196,1.0072787978206614,0.967350884942429,0.9712376442863034,1.1421196591523204,1.0179953124149097
304,1.412463872991145,1.0779147183887414,1.0328663939453675,0.9823164415956354,0.9351042056534122,0.9193022256021119,1.0022866477603491,0.9515339027279122
305,1.1015690807642522,0.9377503997584158,0.9144297714240183,0.8625296596164937,0.8221655120885121,0.8111520378701966,0.9276664017600312,0.8840627240226884
306,0.5654075563175142,0.5542958171798635,0.5613685186659029,0.571145855137294,0.6009970351584,0.6157535144224917,0.7565766335546853,0.7511536727261864
307,1.2118186849799346,0.8052885654142086,0.8596142675722767,0.7940336459117526,0.7507422863776161,0.7472629536326307,0.7990260376117919,0.7759939494846053
308,0.9085697311671316,0.9213181183685893,0.937967828634001,0.9281542259178363,0.9051195521207693,0.8839752171046469,1.0708700668514637,0.9437059201661716
309,0.7596002199336114,0.5796208685576001,0.5895493191630382,0.5623888045667036,0.537514489867177,0.5349017099288015,0.5818826077080085,0.6224348305378434
310,0.9974395226391302,0.7844236937487695,0.8380324237146546,0.8158201440336245,0.7614125555869268,0.7511470813258281,0.8307222087456768,0.8258865550036796
311,1.2611614163153841,1.013571662031496,0.9490204857860317,0.879816326404434,0.8295826520878586,0.8182578765919004,0.9733592381189836,0.8808951684822576
312,1.0760322112090352,0.9705892433339042,0.940422165345719,0.9187649829213845,0.8923716467111327,0.878107472339841,1.0358840608608637,0.938036689211688
313,0.9330916760039895,0.8374796941421789,0.8639185394421693,0.8460319555051278,0.8123862046884803,0.8153551215449508,0.9346723188016974,0.8995310144096859
314,1.3482671205378394,1.1192550055033927,1.0866673676589595,1.0512402974538182,1.0135142461828708,0.9966863320928363,1.1335537281570571,1.0412675946569798
315,1.454488677883424,1.2228640607641288,1.1628815233341585,1.1301673205200948,1.1026218401725691,1.0899129144650974,1.197478062645294,1.112900159108969
316,0.14279975246756865,0.1896474517320741,0.23174952565891926,0.3006541872810478,0.39680219891574386,0.4293344826631853,0.6318507454284341,0.5717433516393189
317,1.2810343249666438,1.1676138142044399,1.1465698997631677,1.1108729770540602,1.0622878312695014,1.0458658859467906,1.1864686890773155,1.1076825101073602
318,1.0089245601617,0.9518934760274772,0.9635949663491338,0.9763589003441503,0.9755765182631945,0.9579654635971747,1.0719053461646093,0.9706164567897484
319,0.2176199076697445,0.26628636003031136,0.30944490381473044,0.3835699144618884,0.5193183614158305,0.6065846585450658,0.8570603643759411,0.9520096237940018
320,1.1545015533552312,1.0632025435516639,1.0449786631569276,1.0281977062835859,1.0238167208372762,1.0432523669177145,1.1891706528518864,1.0598403849357627
321,0.6008058806166785,0.6551707812109031,0.7104237726156353,0.7791829889064962,0.8026865742742499,0.752180570572737,0.7886348826285229,0.8092527353661823
322,1.0631208605447067,1.0327318187316616,1.0266259395059445,0.9807193918183765,0.9324022905297843,0.9325493450248008,1.0617598469493532,0.9648710126023426
323,1.219070343778839,1.0043350103198316,0.9807473097226302,0.928160137242948,0.8778643148783566,0.8730337320775743,0.9888706632306848,0.9073116364690236
324,1.1527522934640368,0.9560841503657597,0.9467000671511419,0.9090987422560655,0.884823746679078,0.8806423502993921,1.008099392717283,0.931969971489076
325,1.4943081762217825,1.1753982443580746,1.1086140703093594,1.0532510800993142,1.0069949304821293,0.9834469886576679,1.1028376024525648,1.0592114507477883
326,1.045052653163335,0.9403576909471403,0.9201029105831827,0.8981211637856674,0.8691381521145161,0.8476576182604051,1.0424584754740636,0.9258525842494782
327,0.7637308496390178,0.6221962145862706,0.5991639306911669,0.5686157717700859,0.5434317417145301,0.537992233346291,0.6313271507100141,0.6513647096211672
328,1.0655645157144578,1.0254064469537207,1.015677276751712,0.9948699486670849,0.9737854030736921,0.9502468700858262,1.108273952304318,0.9991068727035628
329,0.8122210420428005,0.6342720104908743,0.6397541798170392,0.6116611805615759,0.5838630288208723,0.5806952074673695,0.6602671488190888,0.6716210355678666
330,0.8523828463366583,0.8375589656630057,0.8600717502794245,0.8552265849104485,0.8522073543731333,0.839066420713481,0.9542593038397404,0.9129738500543076
331,1.0833630554904987,1.0415379209214135,1.0116602524017997,0.9900392047255049,0.9347399382260381,0.9142245665034499,1.1330770560282892,1.0011272224366297
332,1.1825887927631886,1.0121987746408534,0.9750795671912181,0.9212410578435211,0.8847039414195719,0.8762092146032513,0.9540613354880706,0.9611752924045126
333,0.8438116768218129,0.6599511272058692,0.6656415979606924,0.6255577907857165,0.6041039626895184,0.5990527245533491,0.7744559632787759,0.672263135594135
334,1.2720008675312553,1.1278205895928397,1.1128838320271361,1.1215730350520552,1.0966190140516094,1.054472167593446,1.209925441436082,1.1220241582916644
335,0.7974184764814704,0.806476286630507,0.8211159096902211,0.8276051052356906,0.8225538567548268,0.8260475916602469,0.9184112398126604,0.9018710382648528
336,1.175303857946892,0.9588815080712509,0.9404707475328564,0.8892476688090855,0.8487201001790773,0.8414278619787419,0.953957872418265,0.8888803016951254
337,1.459669711127111,1.2526104986809337,1.16949013028414,1.0653209879363263,1.0339612245661456,1.0287304264641406,1.1964093807888276,1.0669012718361357
338,1.2637738987567073,1.1405631706828419,1.1248103501412243,1.0795545036961858,1.0556743810818427,1.0341070257140517,1.151235395701867,1.0633046665502248
339,1.0966437909857716,0.9535266076058291,0.9254543049909786,0.8913331892962594,0.8636220627479341,0.8586475446329919,0.9581727093566595,0.9259328932544912
340,1.2968763054199197,1.1175317756142311,1.1046997835901742,1.0779266834936114,1.038453596452639,1.0352512851143887,1.2015518317131997,1.0562303999370324
341,1.1215710478562753,1.0095098985650182,0.9446970124341084,0.9109710110091918,0.8878428338128053,0.8706894801842254,0.9816859487805526,0.9165858295881176
342,1.3085368629326892,0.8922363911201855,0.9189990067631453,0.8422419873177529,0.7994128583028596,0.7888145295619423,0.8400665532762168,0.8382712699271212
343,0.8804624543041175,0.9066181608142622,0.910525692689363,0.8965995818606312,0.8662490809929533,0.863607980093048,0.992147400101018,0.9280240413762024
344,0.644274730527585,0.6682136031174819,0.7116268048807208,0.7645076626986694,0.7881791128748878,0.7748148584461838,0.8160028535721784,0.8121226437758612
345,0.7558859822030105,0.6025952150315275,0.600195916348824,0.5765238242282287,0.5578780609524892,0.5519349376608658,0.6121613292148688,0.7230938037149585
346,1.0932360524679772,0.9851760438493763,0.9747636529741206,0.9580796799446605,0.9651909022283233,0.9641049535013915,1.1273960433731114,0.9822448543658188
347,0.6955256858017056,0.6757168096747727,0.7020398546643392,0.7294981588248678,0.7263831521910781,0.7160310039102434,0.8141246934501649,0.774693478424391
348,0.9755313315509192,0.8086491101890982,0.7980475725649107,0.7678124719346333,0.7442278864271696,0.7327048028442668,0.8187320534315035,0.8021117099858222
349,1.344772523379447,1.1382496224902308,1.102128289210174,1.0409997905426744,1.0115539617641556,1.0072457573728346,1.1012860357033265,1.0672625292732192
350,1.0010721113002639,0.9464529168387621,0.9608585804387831,0.976002250363016,0.9841837342046806,0.997153091608913,1.1186675809536757,1.0390530382837708
351,0.7280802699381164,0.7585854008157954,0.7881695618971363,0.8066627379372018,0.8452640051938224,0.8691204796253948,0.9284695277442204,0.909252984302787
352,1.143260969920558,1.0355938971571212,0.9972230749166402,0.9469414614280187,0.9094033968091229,0.8980042902989259,1.0269906433670857,0.9733015619876728
353,0.8130240797617886,0.6916221477668947,0.6700881449941709,0.6368890107549509,0.6197715501546626,0.6140298009732887,0.788381625355709,0.7056916244208393
354,0.6513400660361701,0.5088951255098261,0.5153805691531501,0.4880274747158816,0.4691864666735455,0.46649394094701735,0.5270391089778578,0.6392817616531463
355,1.0561889900397015,0.953209048130327,0.9390999322224033,0.9475594063030895,0.8920779207754003,0.877358587976807,1.1300698656257788,0.9580518553101128
356,0.9784908230043855,0.9432011654508481,0.9388602337253755,0.9466858948788217,0.9147933016765901,0.9080241773409,1.0617493140498386,0.9414809690168418
357,1.1528267102940268,0.992580908063342,0.9432391807705417,0.8970551098720746,0.8645255247072025,0.8461941519844683,0.9620711390655592,0.9238001067752392
358,1.1861899096110011,0.9779283505553492,0.975559560831308,0.9518621987958136,0.9388506772617234,0.9373524204006488,1.137022345249703,1.02836715784065
359,1.3322129204847235,1.142539216052841,1.082938342148569,1.0649143122410196,1.0466932252609955,1.0317668465457803,1.156313806770256,1.0463724297478936
360,0.9767253060603018,0.9951131610128683,0.9971183622316183,0.9614966805858638,0.9365521110579456,0.9374860077278292,1.0763554625252991,1.0172008569033304
361,1.3529803078013503,1.0923781599953597,1.0924946529762454,1.054282936699197,1.0256612512000542,1.0276947697843657,1.123908240318507,1.026699932492609
362,1.1355315771459293,1.0098340789787081,0.9685944144933951,0.9396744242837672,0.9220071620403952,0.911880468338925,1.1151044509994916,0.9824680582414186
363,1.0960408834320257,1.021936763653243,1.0207012136581355,1.022225110341103,0.994984999031187,0.9673294687926581,1.1335607982209637,1.0258906283543148
364,1.1387239705292356,0.9053297390548315,0.9052834541733273,0.8723095869732269,0.8170754241933669,0.8123688151872573,0.9958882431447132,0.8800517301558746
365,1.2013084280519426,1.0952297570971692,1.0750529540517346,1.0430421807057464,1.016260920001891,1.0004451678824435,1.1638840520338585,1.0274929214623674
366,1.1347867931259543,1.0420749948061456,1.0256615176509742,0.9831996894289584,0.9510520801582222,0.9490421426737494,1.0637332763354583,1.0360865698107071
367,1.2907602189369058,1.0683430802439589,1.107807158559213,1.0861293798251375,1.0544633256895295,1.0424310012435558,1.0993790476200682,1.0277902100800729
368,0.6582491112536892,0.4531136915866574,0.49042294885613325,0.45778725414732996,0.4289739616066756,0.43344946995984474,0.4677411123065489,0.5976139537522756
369,0.7256323023561704,0.5684919624167203,0.5859261764106084,0.5620998598367121,0.5365849991428662,0.5357539106324054,0.5685515987185306,0.6792576172807291
370,0.4144071113139484,0.4715734383108582,0.515266559155025,0.5650568702229376,0.6003089089878061,0.6015561194751888,0.5972155938291634,0.6789128780261877
371,1.2761204655577278,1.1859768612661084,1.1438495076779804,1.0861852409017647,1.0558008967466728,1.037583506070281,1.1927593318913516,1.0397785960107444
372,0.949258183724815,0.9290300591692601,0.9157664288637689,0.8881218890756218,0.8729747250752424,0.8869056685990588,1.0062250101851034,0.9056504859751858
373,0.7294429662541937,0.4367357337074751,0.46896492625142794,0.4294257593383985,0.40860340020924074,0.4077665041773382,0.4479068626005034,0.6874000165075473
374,1.2578394371950365,0.9518160658331984,0.9561081175251702,0.9025100768601135,0.8729327824458337,0.8556606508607285,0.9849021162650032,0.8917346722633112
375,1.074874913972823,0.9538237154952401,0.9226365327080338,0.8847094542400128,0.85261695215844,0.8388843005605916,0.9358544454288006,0.8730627682344634
376,0.6183623626218294,0.600097880635713,0.6060190281968434,0.6358628268124237,0.6411812273369545,0.6228647151049265,0.7660484498541242,0.7441734422021888
377,1.4238678119922354,1.1624701507752524,1.1233659320838423,1.0497462085722309,1.0171979774768076,1.0075572079457973,1.1399296081187196,0.9947065013183464
378,1.332984311234647,1.086273890514262,1.0636843399784621,1.0100040700765887,0.9668222394012954,0.9568145396939555,1.1557244749365594,0.9967789795187804
379,1.1856320846754635,1.1145639103910103,1.093888597242805,1.06711852176421,1.036879136019787,1.0171618427828653,1.170140227891501,1.0508096660386927
380,1.2776761121295306,1.0747570727076914,0.9911722527865885,0.9789537481234332,0.9152657800268829,0.9168307362504042,1.0313784139170286,0.9787958731985004
381,0.6365340464184982,0.6580931810010419,0.6996972322903788,0.742378891514756,0.7866923249831094,0.7772908768179994,0.9621435609099788,0.8348636150212174
382,0.9005139011020874,0.6103668323278321,0.6563210526521108,0.6154500949602717,0.5751369866362026,0.5691341445235307,0.6174500166790873,0.706232494380813
383,1.0408050925225507,0.9912945541051884,0.9737274765397406,0.9444627013314125,0.9376088788800886,0.9347775997183216,1.0802573692240889,0.9975358713984384
384,1.2069240824749323,0.9882495494664796,0.9792696867620304,0.9323602002245782,0.9010694251184788,0.8877258947022366,1.0806431855007008,0.9172533219296458
385,1.055434777192679,0.8121756956709464,0.7920069361258996,0.7436450929992654,0.7174544564286108,0.7049385517648951,0.7789786610223363,0.7969777226719618
386,1.1766399157661502,0.9956525418842255,0.9815341022860963,0.9453927960735643,0.9185985871354151,0.9143740385265421,1.0091430282661815,0.9883082147014643
387,1.101077294104731,0.8517036547628849,0.8403712808317683,0.7971510204820087,0.7603218280700397,0.7496819526472749,0.8879094702149338,0.8161694807409424
388,1.1198806121491702,1.032455499405297,1.0440169023533565,1.0415209815512072,1.0382766564122698,1.0333533860129132,1.1144578966031542,1.0559170493906174
389,0.8339597669858695,0.757287254046163,0.7650617778464157,0.7643086437530446,0.7632083743738544,0.7605864927051972,0.9215971325884952,0.8523899198131716
390,1.30251483821846,1.1854195538764312,1.1549058676727755,1.1361112387989807,1.076605165535895,1.0488470347912235,1.250685719790283,1.060626377880861
391,0.7451593873997016,0.7647121409107881,0.7909555310872259,0.8074494268598239,0.7654644629205123,0.7563276700621223,0.8827118597134849,0.8469183988234492
392,1.2815446916462616,1.0117828556611426,0.9986713186903772,0.9508525984986369,0.9104861084453605,0.892126390152581,1.0812833838868166,1.0093004458808963
393,1.1166350854987863,0.9558983607439986,0.959652765444531,0.9147810341619456,0.8949924834505133,0.8828010417121512,1.0047228605158771,0.9394670835345006
394,1.1037468515872293,0.9332351721895789,0.9355094313432089,0.8876473133080962,0.8711240198217195,0.866149683083229,0.9745313290016244,0.9322827261274532
395,1.2848062843919243,1.1401573401694725,1.1029066362418136,1.06071141416374,1.0188857915860212,1.0032197283111692,1.1910235327152523,1.027412344617882
396,0.8839985878237291,0.8703390928453298,0.8672800638829352,0.8714439350546274,0.8636567090927725,0.8559507148186677,0.9483149248380764,0.9031977450374477
397,0.8271290278347236,0.7196049276569596,0.6956601895427088,0.6632616892986093,0.6364825717548271,0.6318503647341716,0.757705061131193,0.7022683553585389
398,1.0447523057679384,1.0061199903351796,0.9786332812910521,0.9726839390880965,0.9782835313469327,0.9790623073293294,1.1018091425299934,1.0578086217983609
399,1.3338290557299626,1.1283050294560704,1.0793525884702106,1.0406043724498342,1.021643697563085,1.0006350812452989,1.1746653810860432,1.0289366434503733
