,window_size_1_RMSE,window_size_2_RMSE,window_size_3_RMSE,window_size_5_RMSE,window_size_10_RMSE,window_size_15_RMSE,Plain_w200,Exp_w200
0,0.7769091811024269,0.7126900222546214,0.7111785989641338,0.7346215629126684,0.7884404108669382,0.8203810507719431,0.8270962595152771,1.119292132226826
1,1.0983903945137439,0.9986290635876542,1.0332030480256646,1.0083649473051035,1.00686907739277,1.013587448330696,1.0264039456941427,1.0571254326180477
2,0.4415718249790258,0.49685226268221006,0.5625480014563392,0.6647391203117735,0.8168149275404853,0.8871915443143139,0.7836572884936485,1.181190288172434
3,1.1996797834156383,0.9935560613567457,0.9995956228183218,0.9819363221440223,0.9673270264689495,0.9562168035374217,0.9878895623969264,1.164833616016013
4,1.4178093925778414,1.1595373547836256,1.1706214109193318,1.1106293072211164,1.055048739924094,1.0550872276720134,1.09944405727202,1.126704697013442
5,0.7665473283958194,0.8066171063441061,0.8492346725399419,0.8914981604974469,0.8999336133971068,0.9044031181589363,0.8754352668941308,1.0104113288613532
6,0.6880724619391403,0.7076304336344761,0.7297521770157139,0.7686492228511687,0.8563660258144958,0.8864371870107303,0.8346640945788173,0.9849290855228
7,0.5897449309715913,0.4539502500035137,0.488195384811207,0.4626278410049303,0.4443417559391925,0.44128537240096527,0.5017736184250339,0.5336111072645725
8,1.290731198443486,1.1098585370676068,1.0937645187708078,1.0389102131490473,0.9954543234094341,0.9942061512608216,1.0224181593040107,1.008979412998667
9,0.9699403570001159,0.9026188749250176,0.9392413068178761,0.9731326873957677,1.030720894916115,1.03856804578474,0.970560774555278,1.0071677472460785
10,1.1431648422115943,1.061753812337531,1.0432773222017449,1.004820976286845,0.9747093321859454,0.9712491265129207,1.0312915604191346,1.0055706227080854
11,1.0849675137242198,0.9836842377699935,0.9941154972062894,1.0103156096609704,1.001812689062198,1.0136256299873272,1.0442894235983815,1.072012665703776
12,1.2562424293378007,0.9880217708027456,1.0106377504792299,0.9743781834946562,0.9320398479994785,0.9243185871220017,0.9781035013519126,1.0154999368267212
13,1.130039206191274,0.9235480747151288,0.9585496850977953,0.9539783469039845,0.9447956053261635,0.9414720646956929,1.0180548727849053,1.0570984842740705
14,0.7856681148520481,0.8289196167139923,0.8448984003004865,0.8577540640956156,0.8621571906302131,0.8538532018231638,0.8453559478588681,0.9759407589333704
15,0.9570376887408651,0.7977677792236597,0.8248991469296887,0.8292976545696191,0.8618074248664755,0.8883965839050655,0.9331850784210391,1.0030369552738088
16,0.8311057733495052,0.8071270189341048,0.8339376603894634,0.8760873908881304,0.8901992559705649,0.8847196592378812,0.8931152755552079,0.9824381097175576
17,1.120259891541083,0.9453154485977215,0.9705119402385165,0.9738904852410444,0.9743019257432158,0.9631675396860722,0.979585096429052,1.0087660247412926
18,1.0492516089320774,0.9439703260499139,0.9537905827268212,0.9404669106081066,0.9145542629708204,0.9351014186892268,0.995029982468208,1.114926571350554
19,1.245669759515187,0.984508274759117,0.9726999320347313,0.9362673016147741,0.9135350788948738,0.8974859051298123,0.9437270495708664,0.9707773142503442
20,1.1734676764672825,1.1669191259906544,1.1494025797959075,1.0930250368638865,1.0532460273474156,1.0547975870978257,1.0854780568878042,1.1367206151679596
21,1.2666837789854484,1.1231018389293908,1.1153212211719272,1.132317682578457,1.0999443899347334,1.1088102397798216,1.132197493473227,1.146325132559734
22,1.1063456785936598,1.0993315526214702,1.102797487516364,1.0618576913209294,1.0153194074313794,1.019102165165213,1.0446620155721256,1.0702005959477563
23,1.2511810357038007,0.9543052495024322,0.9216992969233996,0.8675387968344318,0.8315321137225812,0.8179185835794491,0.8460674033720827,0.9474082370613972
24,1.0794608548871711,1.0113041544512014,1.016331239022863,1.0152045489173005,0.986467893373954,0.964375184304126,1.0181219624625466,1.081355639976038
25,0.6482998820885169,0.4829338495621109,0.5061101487937917,0.4767868030258042,0.45918966383279064,0.4561841701584813,0.5233258927365229,0.6251848945127589
26,0.8407946937532456,0.6373501555485254,0.6356546829902526,0.5956840379102604,0.5815530479269695,0.5732247185843976,0.6511960210442589,0.7396298082893771
27,0.7058586763266056,0.7490057401437932,0.7711480285483191,0.7992777592270851,0.818081879626053,0.7984345698577017,0.7792922619805396,0.9851800226788626
28,0.7286948907261273,0.7127213424769047,0.7418607281895025,0.7633441867238605,0.7504245463342732,0.7526814807793262,0.81856508955544,0.9029143658585504
29,0.9569249920306209,0.6819990083934184,0.7096234657771501,0.6676978825107873,0.6388642546599779,0.6372060423911095,0.681065923367164,0.7880555970272263
30,1.364171680505633,1.057344098224208,1.0445086977339366,0.9914021988303456,0.9541894170280992,0.9399292590882113,0.9952983510542666,0.9895996165626006
31,1.4047355976792002,1.1838906145332189,1.115661975528596,1.0793704145561511,1.03893811571777,1.031894603708847,1.0524902667418956,1.136227374676839
32,0.5046430383118784,0.5903288463268278,0.6448285823633871,0.705722181762091,0.7370119378610877,0.714696001567535,0.6925803852638113,0.8278867637910163
33,1.2002913265004038,1.1196593798028411,1.1281457161545276,1.1184184586998143,1.0760450640088888,1.0716148727118273,1.0774155362397952,1.075408080596229
34,0.6594926770691392,0.675999279719437,0.7159086800839465,0.7576698302421705,0.7685338417469623,0.7617920902237061,0.7378104243933135,0.8242080826269756
35,0.9380277060537103,0.7632005282802843,0.7776747419218789,0.7538562154917237,0.7441428236470308,0.7371640936607219,0.7969414535359709,1.059704900888148
36,0.6068267511130043,0.722497458240993,0.8170177545611982,0.9310072384501372,1.0469272939172027,1.02832061682468,0.916801193261886,1.1902481769665665
37,1.1690712196809032,0.9240487311570251,0.9075393493766609,0.8724840354143946,0.848397407217434,0.8452169237318751,0.8950694202631766,0.9051962060978652
38,1.2101640928490007,1.041777470483778,0.992688796912959,0.9416628196984296,0.9063071774943784,0.9004302116968952,0.9472663892480124,0.9766732958722716
39,1.1372510057992997,1.0627921685540003,1.064249440701907,1.0483712034925625,0.9867218268003684,0.9906851532098531,1.0109692258918146,1.0401451359028326
40,1.242104651846277,1.072308001178222,1.0303450797214155,1.015765378695274,1.0132620674540347,1.0055514423620617,1.0314786958279467,1.1031850295502728
41,1.0388787631252285,0.9089063545451995,0.8773110831305525,0.8823540813471078,0.8765887189742112,0.8549032399345111,0.9095461031629938,0.9805409423173902
42,0.6915135606642541,0.6728206127712735,0.690611526426693,0.7072485765956087,0.7097198874635704,0.726217125090699,0.7689803044827822,0.841626107927358
43,0.7120097618935469,0.8167423600467469,0.8792565184648664,0.926019773296525,0.9590304505682725,0.9641882827591925,0.8874015822343666,0.9728577890640504
44,1.0907743589534975,0.6544347083020873,0.6222267962721274,0.5606401021655005,0.5287846900743756,0.5199662964748712,0.63663437433311,0.6296775728447394
45,0.9900593712090204,0.9238428453728474,0.9240580655311157,0.9150285266945589,0.9090745404806932,0.9053467966834053,1.0245239504874788,1.059097091233059
46,1.0423905339773314,0.9448504024837486,0.940635648507041,0.968463912902477,0.9547773351535148,0.9682641007863833,0.9833704282374316,1.0681278535600167
47,1.2728840262048318,1.1097479493413824,1.0772544916323086,1.0393879207494285,1.0018995411058942,0.9808303650433167,1.0258233611035208,1.0186446908699056
48,0.9678025072631262,0.5945419630611031,0.6414615459876605,0.590852524322044,0.5613947520313123,0.5578830196714024,0.6230509665391251,0.7583902914974086
49,1.1142571327969375,1.0190348102446662,1.0436633245163032,1.0623138413962805,1.0279186638278246,1.0246194535853923,1.0113961030305791,1.1110798709491154
50,1.0047518978516108,0.9264258632520348,0.9266796986655753,0.9543849787052863,0.9772475789723979,0.9992325609227242,1.0450297708684255,1.0810445739098182
51,1.2018095577066743,1.0921667499105288,1.1016059817538382,1.0892806362159821,1.057115672577278,1.0387124651502213,1.0853813932246694,1.1715185001708526
52,1.1814001818113298,0.9824772078219478,0.9745822414814076,0.9307775246699431,0.9066040652926699,0.8820607876693538,0.927964396498125,0.9287030548046508
53,0.9499352418456071,0.8828118559548315,0.8958127386574041,0.9423015868557009,0.9907685978750921,0.9706137043454645,0.9432252667522836,1.0862820799841213
54,1.0431211567112322,0.892011622080836,0.9142345754098208,0.9343370158349913,0.9292376491273807,0.9249966690464826,1.0130138439188203,1.097068835747247
55,1.0548510605436419,1.069724176379054,1.0686950424100428,1.075614218437446,1.055087599313194,1.0194038984715161,1.0959606084666966,1.0519336997578963
56,0.8973176194421334,0.9195739755617709,0.9366568119002758,0.9542424200650071,0.9636196755386044,0.9539076042382131,0.9930939948169402,1.156887259526612
57,1.1343445896824604,0.8234895907923199,0.812836483434199,0.7664120120503018,0.7402955645189455,0.7317361822720562,0.8042106062829366,0.9070099904101642
58,1.0668767353443929,0.8730522376983996,0.8830216540275274,0.854669487032023,0.8220908338980888,0.8067154954745609,0.857508940498768,0.9401593760720928
59,0.965935502889913,0.6921097352241817,0.7294768538238732,0.6876242339607025,0.6566419301677577,0.6590884099473113,0.704957226795345,0.8085147867592599
60,1.2825746575827106,1.0747890339588304,1.0425474759350708,0.9911906327512304,0.9748232934613598,0.9674226977669317,1.020818047111153,0.9946449611308544
61,1.020791623722802,0.9693578201154316,0.9849084550879804,1.0149560976181906,1.036693372000792,1.018093463760915,1.027613563520963,1.002918151264209
62,0.9333627890671078,0.8619154803397597,0.8574683434271182,0.8599300785661114,0.8383342121643448,0.8424123323661568,0.8956097146647705,0.8997387087333689
63,0.7628643326805392,0.8205639430493971,0.8530501050993078,0.8732663326708167,0.8811760933365524,0.907812681815514,0.9255583007598008,1.246975833552649
64,0.6112150676942685,0.6740129437052353,0.7369100265858161,0.8148645308584035,0.8855128857429964,0.8691531434061824,0.801753768259951,1.0572204291953158
65,0.7988803611454952,0.6002656696081886,0.6300762388930996,0.5960027014170094,0.5717767346839987,0.5713894231599435,0.6283941297616944,0.6845362048130808
66,0.34842437430713824,0.40542762054162773,0.44570816398179836,0.4985768909507827,0.5427713020853367,0.570088861812384,0.5809546211398268,0.6740576974854533
67,1.2043764214793902,1.0080863466576593,0.9864022181097448,0.9463442804476696,0.9187912332893224,0.904864543906133,0.9528115113647876,0.9593966363344736
68,1.2905975020643186,1.085961032641669,1.0857410768646465,1.0405114402611324,1.0095093693159976,0.9990428618920983,1.0704301977251325,1.085956759529363
69,0.39606108377979,0.4471752253586172,0.48490984844349627,0.5367314124552743,0.570909103385349,0.5633649086559295,0.6422594965218434,0.7328702896288282
70,0.9895425591608394,0.8567175414010465,0.8519497974370323,0.8265810631003514,0.8078668952922408,0.7929334626102961,0.8451819259801973,0.8914053205480041
71,0.7888391146450039,0.830674142546011,0.845254698039589,0.856242805678774,0.8579179866166358,0.8487654748408755,0.8625324681023492,0.9628166088518142
72,1.2351206570393356,1.1094507733411438,1.0770325849788154,1.0405712295075538,1.0133827092991772,1.0065105447499316,1.074225423967754,1.0578215231092922
73,0.9006233636537498,0.6983996076785158,0.7273507188146694,0.6902818919459267,0.6633167805519206,0.6633172671964398,0.720505557107653,0.759517129339439
74,1.2140069159538545,1.1003150782935691,1.0956438365549406,1.0846344682378388,1.0357778327476244,1.033670448360595,1.119240569234171,1.1072325908826448
75,1.1622907124533326,0.9501185881573527,0.9498942347433998,0.9020581027016746,0.8744380582375332,0.8635425334530078,0.9362864635342654,0.9057059281510916
76,0.7912100444040551,0.8248758362794842,0.8339586449276478,0.8368668493213958,0.815481024052004,0.8277972175888032,0.8388797807752398,0.9816383376865296
77,0.9057538658801961,0.989367768101531,1.0337467739928268,1.0416005861445101,1.0505677698903022,1.0412874261378064,0.9356238790819092,1.044908846628286
78,1.062142544377319,1.0261794371177753,1.0299526391605498,1.054703198976889,1.0431409603498176,1.0492107758728049,1.0491316839299152,1.120117846259694
79,0.8323905120326436,0.8873328616570609,0.9354816950280718,0.9639157211137714,1.0253488480735287,1.053875079944591,0.9949437996861644,1.0907779627415366
80,0.8058138439355527,0.8203982609439487,0.852011611369499,0.8923974306459868,0.9438057081216428,0.9574724644557231,0.9758633384127096,1.0523546141758011
81,1.0988080203554762,1.025391614462169,1.0145794509603605,1.0190379130007197,0.996065856621103,0.9594423857046537,0.9843733156922404,1.011589511552307
82,1.2294290692675414,1.0242805430616786,0.967994171390712,0.9202497022796129,0.890144168164597,0.8824475923740321,0.9868415334219572,0.9473347697863456
83,1.2203349578704394,0.9975504019629264,0.9935016326516655,0.9501693465380908,0.9167792442144742,0.9124589969303779,0.9674711401794682,1.0223603837252602
84,1.0870931515273277,0.8829150577427667,0.8424502347147459,0.8018499590304271,0.7732069661354236,0.7628593709519076,0.8143513294046936,0.819388726463479
85,1.394357868858281,1.1520624298564133,1.1178738647306983,1.065571064225318,1.005964681235886,1.0025116506161214,1.03076110288475,1.091723954900824
86,0.852614007165943,0.8089879473082859,0.8381094061955108,0.837205226023763,0.8293419032003485,0.8451531477831313,0.8839945379532708,1.118035448303461
87,1.1059054798579941,1.0722587615625656,1.0832935473804086,1.0788216579270031,1.081701558353826,1.0621657820594284,1.0468551213670787,1.078776493499283
88,0.5182789866215705,0.5081110682043105,0.5234950354857946,0.562464161178882,0.6253996402861957,0.6627734891263234,0.7122232659996947,0.7680087839341943
89,1.248895061751706,1.1165134055667212,1.0922566588876064,1.062099755408164,1.0353875153957113,1.0220322752039264,1.03849479300072,1.05435294907595
90,1.2003415260468762,1.074006598907689,1.0349663248031187,1.004295669506301,0.9510740438710571,0.9476485841177558,0.98211317630436,0.9872025615041686
91,1.231506619748428,1.149590982910586,1.136852659862494,1.0923376589806981,1.0665513959919897,1.0529235198435414,1.077225819075366,1.1102939764063295
92,1.0467509124470342,0.9446500210960577,0.9433613761908103,0.9298538534548344,0.9413453907755145,0.9499715407502668,1.0107269635767966,1.0573661292406125
93,1.1819878476587433,0.8941500162404935,0.871760018296648,0.8215575099465148,0.7874792224668377,0.7781614691501906,0.8172820504827303,0.8691270642069204
94,0.6563533856407715,0.7193641647645569,0.7524427326297368,0.7705359227983907,0.7944708006539198,0.8417382138782783,0.8074522610062348,0.8803004595526892
95,1.1036912504048102,0.9835992852878792,0.9581673260576484,0.9102751644290036,0.8717667804776685,0.8616661556389595,0.915641159463837,1.0363922847041054
96,1.0772639600593998,1.012320484387509,1.01620993538968,1.0152939646230201,0.986386206417682,0.9645430845984805,1.0056364824439898,1.0838553646832905
97,0.5864584469031174,0.6584158334860907,0.7177468804199606,0.7788143758244161,0.817674393455119,0.8149642585242257,0.7815393919035069,0.8787669836319438
98,0.9256096962348953,0.9319199107530166,0.9630749607684984,0.9873296164171222,0.9773507222510915,0.9689438100028281,0.910556604573637,1.0193611730098129
99,1.1693385239974672,1.1116382388434058,1.0980510044321412,1.083110420850396,1.0588294142215782,1.0476080790811062,1.1030610354080053,1.1120360493247852
100,1.4168436388202381,1.1321095713832665,1.1526853353528002,1.0920730001895127,1.0358500643597779,1.0270312184744603,1.0734791173956233,1.0877704447868426
101,0.6547748492663252,0.6715995126827788,0.7023227245104052,0.7454649530088311,0.7813025024924198,0.7994333424555632,0.8313912218965,1.062554598768253
102,1.0812579328086087,0.9140263906114315,0.9230600065460652,0.8800149369508051,0.860594600648159,0.8561538032583803,0.9115758367089396,0.8935997955166946
103,1.1371955478316937,0.9668030730725352,0.9976996199294959,1.0263229135581442,1.070275535014804,1.0855241920591174,1.10463846884595,1.156017059402122
104,1.2938189054238307,1.0736537520028058,1.061421457343124,1.0439044591389368,1.0171522955424734,1.013711926575719,1.0273500335516017,1.127104843583392
105,1.1858940538906422,1.0850012156875175,1.0907207088280515,1.0634028451276063,1.0188001449593156,1.008464069901448,1.1364995489400656,1.0533030378848856
106,0.5813949460850352,0.6049357874113444,0.6339745189638994,0.6674510970546566,0.7027150404968598,0.7309567230079743,0.847502628123138,0.842363691856102
107,0.3571140517827739,0.40958811509481297,0.44765675722202297,0.5015941029325607,0.5725429926387061,0.604185931133828,0.7899194769855665,0.783957910686416
108,0.3661479198466175,0.40017424223467013,0.44755246212848,0.5304324587133056,0.6460957068638677,0.6698221513654133,0.6167482414985221,0.9159821069791892
109,1.1725467633160054,0.9662152089756024,0.9605009638274339,0.9251857238682165,0.8861761947687747,0.8777924989621227,0.9741162180674928,0.9490737572151292
110,1.0421228936600322,1.0009173865399816,1.0119500596355204,1.009971170691576,0.959362211077086,0.9529746665616726,1.0003439161323011,0.993387085194658
111,0.8989695669174789,0.6503407846823464,0.6580840508328123,0.6138966706697307,0.5887189519741378,0.5830338233907143,0.746401897390212,0.7127284225181661
112,0.9106505252650738,0.716545222764835,0.7512980026882388,0.7396884917213209,0.7384489305725155,0.7377887764002462,0.7962550953350516,0.8001418723423243
113,1.477966926519614,1.0668257453971968,1.0799682930276344,1.0335382403864972,1.0137955372572802,1.0123210277163341,1.014011923351852,1.0419182979884651
114,0.5031913831096523,0.5762453721836526,0.6308278124121528,0.7144914399749049,0.7965408257733295,0.7888524388903687,0.8001824767703494,0.8306362228779608
115,1.2442049972425782,1.1144997696895647,1.0970345759964626,1.0515681174483484,1.0286373224748957,1.029688713168311,1.097769304589869,1.1914371711660463
116,0.7723032433489686,0.5728367653825052,0.5956839370597374,0.5631261752537415,0.5428246784508651,0.5372558204422128,0.6009124567094867,0.6638432791119222
117,0.917575358841074,0.8033752161895218,0.7833895613003152,0.756086553218668,0.72598873860529,0.7219642197591452,0.8248299728094985,0.844865421746149
118,1.1185913046427218,1.0104087450231254,1.0400532008847971,1.0843763025125648,1.0462436981629977,1.057595588385358,1.043759112163465,1.0529973262429604
119,1.048852705157834,0.8288304258849584,0.7954952162768472,0.7527265104204593,0.7358199021921843,0.7292129412606296,0.7764410444166221,0.843956711891581
120,1.072533077103219,0.8054121973137598,0.8141919430297151,0.7753271006566015,0.7552478849784033,0.7502840040658947,0.8268385017083948,0.873497163317854
121,1.202535734224401,1.0471282059813547,1.0565615645641884,1.0253052148177477,0.9926934773908538,0.9830849724174904,1.016677225981658,1.0692191650937917
122,1.2083884037641264,0.9406548160011338,0.9439221353642785,0.8971055220105001,0.8837956893688762,0.8636865090012492,0.9013309228209734,0.9374101293439964
123,1.2892179216354804,1.1311660335088205,1.075640653926109,1.0647505993282493,1.0433266674689043,1.0276484395199283,1.061251933194124,1.0884361136927578
124,0.9734011714688955,0.9882453336723197,1.0110744173133077,1.0123116908551653,0.9708859781465651,0.9721397435967944,0.9696001987331232,1.0994639715164594
125,1.207135481294273,0.9954289410304233,0.962115272693486,0.911349643792959,0.8760029103923328,0.8657571016885786,0.913631299732939,0.9495669639680452
126,1.2030409769820278,1.0799990460084106,1.058948026001677,1.0262846451323755,1.01315182132647,0.9935479880400391,1.0408899492260688,1.0458684105537168
127,1.1703624444110399,1.0910726715395254,1.0669788401270868,1.0285404288121875,0.9980983458845768,1.0017117423626614,1.019052171030176,1.092811540723988
128,0.5479320898386755,0.5872547879256532,0.628825338289853,0.6787857191054951,0.7249113091169637,0.7482316138466393,0.7579508275548783,0.8539636343981486
129,0.5716010114603378,0.615500803587629,0.6769366173079874,0.7585564665842912,0.8353317327341073,0.8602420642798275,0.8378082381155555,1.2013090063318992
130,1.360459170343083,0.9986238362852772,0.9603899997528395,0.9004514472316179,0.8484872675113263,0.8325943431870914,0.914178499518587,0.883190070824601
131,0.777118474726635,0.4897837595519517,0.5101817296049015,0.4705296711735987,0.44028591449872945,0.4393099083603207,0.4906444928308771,0.6220455084542346
132,0.6025214269957646,0.5992142018329205,0.623982246053343,0.6466788314631144,0.713041523270673,0.768041433958398,0.7815496898438765,1.0405667734781696
133,1.3338386763913301,1.1751865797876382,1.1560550593736723,1.1317318884149719,1.107233025303585,1.0934041177554856,1.1216341860973846,1.2098638271510054
134,1.0154574995238124,0.8074808704873319,0.7895883438716914,0.7664377678762594,0.7424936916723033,0.738137067317351,0.8369478431034425,0.9240042890375004
135,0.9795848035453718,0.7946378296070147,0.7562180877871315,0.7218056867728372,0.6921782978062438,0.6842715544156728,0.7425170148825738,0.7502693001362407
136,1.3489505708572935,1.073444009520741,1.051014085957466,1.0131832987196838,0.961366518712112,0.9441104873935848,0.9815005851415411,1.0155586650010089
137,1.4378741183026866,1.1940272701189893,1.1446346198497852,1.0929318526621725,1.0531427223002625,1.040491908451579,1.0862395355241332,1.0951968282764697
138,0.9367740569281857,0.7058322677724062,0.7364166133357333,0.7051050919910032,0.6800892870989982,0.6745372090707933,0.7327812478214174,0.851434568181689
139,0.9134781198886526,0.9391307497043783,0.9354023162672059,0.952977103791926,0.9647277052516736,0.9842409288707807,0.997696956801598,0.9743479615569648
140,0.6803897404915132,0.7015045611661306,0.7336571930021822,0.7788714954387745,0.8334263002087834,0.8260853214761077,0.8477488719356207,0.970309014975134
141,1.16895269112081,0.954362251947505,0.9503764152638008,0.9332238447017964,0.9036731159139925,0.89534069004311,1.001052515079859,1.1199909711152
142,0.2746206943446402,0.33566683368121086,0.38718274881743947,0.4732196798643615,0.6154520463635026,0.6849013400893598,0.6429294585241707,0.8747224919856267
143,1.260978135858066,1.0898798845265953,1.0664072327610297,1.0416675042400825,0.9995825528768977,0.9854321582689946,1.0237235325909244,1.1039036165678997
144,0.7442641947686002,0.7748950810522366,0.8213479041811235,0.8744854262362644,0.9293677491674036,1.0044668242539532,0.852390952892774,0.9731752281526758
145,0.3939315791148925,0.4447551429677301,0.4826509907411418,0.5356269351004118,0.5717496513841108,0.5660261534926537,0.6638873163696243,0.7462410963949098
146,0.8100211783220564,0.6240722844003477,0.6556274246892226,0.6143367550092744,0.5938011694747858,0.5914931459806597,0.6478210299382497,0.6669364843779337
147,1.063321055081866,0.7814640534407155,0.8199463829253326,0.7711391095282184,0.7438202604991249,0.7347526424173532,0.7603280033792262,0.7898026712578243
148,1.011885611314726,0.9645228437438216,0.9343555136449787,0.9242576766963672,0.9383656799048882,0.926256245991013,0.9535220846299504,0.9741937876253016
149,1.1921946908713716,0.9020507073200393,0.8660313895285763,0.8245283351047741,0.8029053859548831,0.7908405413058389,0.8417660282842295,0.825760522524683
150,1.0142802413986751,1.0332882072540464,1.0626890283788741,1.0756609074986887,1.0411440837126302,1.0287692322602577,1.0276827024724593,1.280273225029117
151,1.2862498829354578,1.1160341962816982,1.1041468544947073,1.0467770501644682,1.0164069761967,1.0007317670445395,1.0162205867939098,1.059067258614174
152,1.0321996654993928,0.9394776491363966,0.9421883766084594,0.9757556506040328,0.9671754344074236,0.9819788522976473,0.9945334395783134,1.0692587517131005
153,1.223981746222652,1.096441608251174,1.0745684723384665,1.0290238708040036,1.000693125264126,0.9916329801873919,0.995430800058112,1.0675938622165504
154,0.5821660851040521,0.6660850537967788,0.7219856262536691,0.7785559898226402,0.8033532354861432,0.805937814714074,0.7270947192995638,0.8987647765931531
155,1.150033407392239,1.0071419303537088,1.0009371060082748,0.9696752299447678,0.9376460429042952,0.926893702384783,0.9917562100982222,1.0421315812360428
156,0.7429546293606406,0.7434959391651147,0.7511051862028794,0.7646261269483714,0.7599836725699577,0.757926635663384,0.795346019971415,0.7796762143049881
157,1.596150433360241,1.2543013241040144,1.1814290702240062,1.130432888285043,1.0872970048192818,1.0723638965355147,1.080229781554465,1.1387332319658146
158,1.3384859483146203,1.1052925545487713,1.1103990163199375,1.0727660367415224,1.0346989574969152,1.022815366588574,1.0894563629081877,1.1567820333132912
159,1.1704594279022886,1.0089878539163084,1.0026545895842107,0.9551480990161914,0.9171837529231999,0.9085865994275787,0.960393454618701,1.0299507776471486
160,0.6329699178589658,0.7175026619561603,0.7729205130268971,0.809268401568107,0.8449524792335368,0.8461623394246263,0.8783567995110676,0.9109460162300894
161,1.2629777030025455,1.0604661603814238,1.0213940359503604,0.9935773647022962,0.9609250881406892,0.9490775441222553,1.038527496731393,1.0456590958809726
162,1.307097339806484,1.1523585786598305,1.13301568729285,1.1055809944678467,1.0713719129527932,1.047427053307549,1.115028707262018,1.2009253989009987
163,0.36423259656955576,0.3960800493317029,0.44195855999736583,0.5236398773080324,0.6389811732956471,0.6620997937529421,0.606323944175604,0.9060617103308762
164,1.0810473256944402,0.9732759022631359,0.9334841743795309,0.9378333807222221,0.9211686201873177,0.9029452849015317,0.945910162495286,1.078538268660431
165,1.3963277327327916,1.1580472565769098,1.1236496983108095,1.0685444826361628,1.0088536536076813,1.004086018460626,1.0457363755545708,1.0907903018808751
166,1.091529869206273,0.8403347573619183,0.8260648513336818,0.7845969393452168,0.7742247752115587,0.7617896257599361,0.8289525842409818,0.8949293184068218
167,0.7763308642353146,0.6874401300554451,0.7140552823443568,0.7300069167856419,0.7401044120002575,0.7471878244761802,0.7730698256136024,0.9384106730440916
168,0.7972998324938596,0.5687132470344781,0.6201797461226912,0.6531428526756046,0.716032283506476,0.7311312311180055,0.7385384113817564,0.9357785450446968
169,0.822600348013472,0.8730784084371632,0.905688222331556,0.9477672633760794,0.9400334716239659,0.9787318021233751,0.9441050470456048,1.062458658320046
170,1.150071647563042,0.9996835514665937,1.009592509192935,1.0109445768274676,0.9975314818642099,0.9827999396409905,1.0136220510079357,1.1806966186908163
171,1.0697612436038832,0.8335805572917322,0.815917438531593,0.7664119876338893,0.7296640782991488,0.7231181691072531,0.7952129679436689,0.7948097136281388
172,1.4032515787050814,0.9943961139428921,0.9408887362619569,0.8732925240590971,0.8319948483814673,0.8133193197221654,0.8738923634846705,0.8736904573007503
173,1.0879314162619163,0.7962922442214553,0.8358331225462879,0.7861417325544506,0.7584579869784056,0.7493149710356695,0.7703921221099368,0.8074539708936013
174,1.1831035247631068,1.150008735825899,1.135667110146067,1.1490864229295996,1.0738789114413627,1.0673185367298463,1.0705770436545377,1.156294758572313
175,1.4016882539010023,1.1217476343025221,1.0842334043629676,1.0213957482484142,0.9771997720459111,0.9596513648517286,0.9894863446861234,1.0466536150223755
176,1.325676233159466,1.030303571252213,1.0341483445813469,0.9760809235194894,0.9479063893471571,0.9361764329801315,0.9412785481715112,1.0269830326730351
177,0.5616008975099186,0.5346859722713093,0.5710251059304638,0.6256352808996558,0.7161015925861589,0.7638753405886328,0.8048395497917687,0.8956082352018544
178,1.1270209567617484,1.0605204607006946,1.0444010307911458,1.023599614081624,1.0356406775494487,1.0527660953063338,1.040814330885003,1.064632623301477
179,0.8515358866216823,0.6821662239077977,0.6622241156631987,0.6361114965033762,0.6174651345663306,0.609636478885263,0.6819185752189441,0.6898634340922029
180,1.018753286303129,0.7192110757217205,0.769760542790975,0.7174078046028127,0.6833072350392533,0.678337954491236,0.7253558948425431,0.7498955051114372
181,1.3268756843246947,1.1924253433316758,1.157191948728815,1.1226925513699897,1.0731679376783512,1.0673822936204416,1.103737362047923,1.08134950551571
182,1.3148818908403015,1.0179907477518924,1.0196675942240516,0.9750757612493752,0.9485551367993528,0.9359229231573373,0.9641210837927088,1.1523235484496248
183,1.0184380586238604,0.9183166380280826,0.9260607504369681,0.9174571578813941,0.9038592808358148,0.9038819531156989,0.9556190261592562,1.0001091635663075
184,1.1833700810898282,1.1245025139456823,1.074475372144813,1.0421916030610971,1.0020476429551477,0.9949173639174601,1.007123684707112,1.0384050471592647
185,1.2522463029206257,1.0921308508654208,1.0249947703761577,0.9938121295343333,0.9704092804114045,0.9644240012050425,0.9971931463270592,1.0170813323364003
186,1.1531064529109674,0.8611863763230404,0.820776961454491,0.7814301316737081,0.7437052679958217,0.7302506782435111,0.8184287791250082,0.921545873654948
187,1.243389816780256,1.0990551521342569,1.0708047232324311,1.0287316481286186,0.9894192778755934,0.9826859717781327,1.0140572014558271,0.9899709851839832
188,0.8312231370832279,0.6211280915926526,0.6524660060130894,0.6166700467750782,0.5920350064318862,0.5870167084785608,0.6340802275581562,0.6643017853055168
189,0.5213837617542683,0.5732985089245355,0.601090687256503,0.6079514875612547,0.6273508516064553,0.6553885992948342,0.686663727263009,0.8692774214076517
190,1.4465687397079712,1.1629518090615074,1.103786671356598,1.04982094525288,0.988880443179526,0.9819965269956634,1.0080604503750146,1.0500402141848262
191,1.3046256702656323,1.0407680773248233,1.0722321706396332,1.0491356931146494,1.0556214597160303,1.0330691351476635,1.0668648146366646,1.0688073475626596
192,1.096249239250077,0.8491903150320204,0.8363324687792929,0.7940706015834198,0.7600198060514349,0.7515757202508121,0.7887240219810004,0.8157577708323651
193,1.251644869658796,1.135162863731641,1.1118845742153833,1.0888075666201422,1.045157313158824,1.021515544490652,1.0595502750625716,1.0553400978815113
194,0.8204311661378265,0.8211657036464232,0.8528082740949676,0.8747070464667748,0.9238906069688848,0.9556858796878319,0.9369516902128332,1.0724829521810224
195,1.1333860122746409,1.0824054071497333,1.086011311812032,1.1099849732868774,1.1001681564871535,1.088646172485235,1.0631734917781968,1.1525223189709142
196,0.9274222365268062,0.7813511497166215,0.7488222666357689,0.7199715980068773,0.699949126190381,0.6935388264961466,0.747475791619481,0.8084884748915117
197,1.108294961356059,0.9123465882047362,0.9483124870199073,0.9485219105466781,0.9424186349783787,0.9396553920858944,1.0072235427707716,1.0475877352827758
198,1.0306554612599543,1.0278056804166409,1.0485933930953928,1.0446824722439774,1.0168150765044832,1.0352273359233803,1.0702227099232862,1.2359659691671974
199,0.944511536140973,0.9104288953541695,0.9142662920061636,0.8838570697303354,0.8605898896023418,0.8494265208625589,0.9154521980050032,0.9892361044875312
200,1.0615575565858306,1.0046291994790033,0.9765645979012563,0.9716736665556219,0.9588947758746462,0.9538363585550922,1.0184360297484585,1.0017410349865192
201,1.360716641729796,1.109437177418234,1.1007751218221518,1.0473494771357668,1.0176540937979903,0.9974760158843182,1.0499451073987425,1.0562881669225888
202,1.1540996794264158,0.8725828756353505,0.8623761123416323,0.8105557831987225,0.7719363529292771,0.7620931473399689,0.8306757110728611,0.822554573252105
203,1.0826435874022096,0.7834010863440137,0.7859939085893621,0.7329881814674049,0.7035993756678239,0.6939123818223029,0.814545304174941,0.7948456060701434
204,1.2589670026570863,1.0775631110646033,1.054705375560502,1.0237795959483196,0.9938315885693929,0.9830909386765165,1.0618355755021835,1.0670125988992594
205,0.7048605468302194,0.6910528992623259,0.7317250955891956,0.7796572189073668,0.8584592609117381,0.911418914668176,0.8880179617626597,1.2207812927769617
206,0.2736675187974099,0.3225467401382825,0.3584840058158169,0.4094874286106295,0.5063634773604655,0.5681909999899145,0.6641320209336762,0.9408040546721306
207,0.997506468114749,0.9604581161807544,0.9993816633010767,1.0605434793474349,1.0636710925960817,1.0581520708613723,1.0153496045436414,1.0265746876082018
208,1.1615729282922658,1.019837712302419,0.999531821297045,0.9471777038269831,0.9426075325865391,0.9444849356313578,0.9970682861859996,1.0210578942146804
209,1.3686597945261776,1.1278655053643485,1.0920625349765043,1.0623112119781855,1.04424936335382,1.026845094466387,1.0937793385573715,1.0835165349964535
210,0.22303378445982883,0.281663696201047,0.33493143832823913,0.42624829058473396,0.5884280146703004,0.6927020310251164,0.9015006090311448,1.066733627942318
211,0.9740695998520762,0.662471378109988,0.6941878436820392,0.6722860264141266,0.6496087156884686,0.6478867708273747,0.701864061148041,0.8831347253347558
212,1.1120651048777375,1.0460109900697387,1.0321040317285888,0.9960603083937939,1.026761709435166,1.040562640224001,0.9933417031390798,1.0458826339822702
213,0.8774243393224008,0.8028753203784563,0.8054273060019983,0.8167488638557737,0.8076528290259372,0.7878662812578707,0.9010838751090235,0.8854567897988112
214,1.18701377356286,0.9090810409189104,0.8999348239468112,0.8517905824740676,0.8219059479074616,0.8076144402049913,0.8495731352805255,0.8861251271038288
215,1.228998399131424,1.1447982775288845,1.098504128437642,1.0827711714713573,1.0279303330182818,0.9880217372848837,1.0316345687237922,1.0487515096191231
216,1.3583553182619066,1.1150614413182367,1.0960739026991069,1.024153850516483,0.9673265808878624,0.9560561577355817,0.9848931105131022,0.99690408959322
217,1.0748762405355945,0.8292839806541374,0.8128844165649137,0.7725472100117715,0.7624194228350446,0.7503923473331072,0.8258630090607239,0.8928711314687985
218,1.179003139459005,1.1386735151429346,1.1035162534802532,1.1044451809071054,1.0710875997825717,1.025411157064415,1.082903870919101,1.1231157923250528
219,0.8291986389057732,0.8585775499397692,0.8572071703509606,0.8276211645415757,0.8459618978020488,0.8478301184196756,0.8477217807103621,0.9058105473803042
220,1.1053270760687695,1.0726315375684388,1.0618207715537362,1.0380040991777204,1.0073514423794587,0.9989351642629521,1.0458476175947005,1.0515910517934657
221,0.6864060663828077,0.7542336954468127,0.7857761297566388,0.8074246344017806,0.8310890953656532,0.8176541486459133,0.8152051761097882,0.9177622129075248
222,1.2599255315348783,1.1189754283528095,1.1151779567347837,1.1328390008705933,1.1018472563334103,1.1126042453038327,1.1128071117929093,1.1485524314300433
223,1.5337161804006445,1.1025558287913362,1.0341483434148229,0.9629011106209349,0.920658657108412,0.9033397818967288,0.986394726210071,1.0010498891776742
224,0.9715084849544593,0.6955711271171304,0.6853951452741821,0.6364323769749308,0.608922945137367,0.6005801428254002,0.6620883200114571,0.6773846351674861
225,0.9242243219566756,0.8101817177031856,0.8037773046665813,0.7818050403595053,0.7593159456751507,0.7481750667748563,0.820791025494299,0.8212425332140814
226,1.1642327595686282,1.0199380855871027,1.0008315247003259,0.9492327490758948,0.9431967315830536,0.9426480004602589,0.9917448401301652,1.0002989433995573
227,0.9605262576388828,0.9756089709102443,0.997826165269011,1.0301686404634172,1.0179354643544585,1.0004292504920473,0.9717954218483656,1.0516609920927125
228,0.659377019935241,0.4126409404310981,0.46128416601814104,0.4240650195533333,0.40083866817714736,0.39861526946081766,0.4747198223276313,0.5704243889107208
229,1.3846231108486662,1.1759983404944223,1.1253323083247069,1.0852465551026549,1.047999940682664,1.0302166433119384,1.0859859548890034,1.2292455686127917
230,0.7664245926252109,0.6835093729557886,0.7125980174581054,0.733246370321413,0.743595729707529,0.7525877309845493,0.78623751919803,0.9418963862469588
231,1.124327318322589,1.1156953724657777,1.1204756795162911,1.100365676664322,1.096692377399701,1.11944849866035,1.117766034702472,1.2716231062962438
232,0.9218279920969916,0.7209413252855358,0.7559093851466566,0.7427586970333283,0.741581005170579,0.740419777451348,0.778537669635305,0.7997917074846711
233,1.1754487596965668,1.0033941434256222,0.9998733544083241,0.9670298947792675,0.9648426909413536,0.9934802104648756,0.9902347994221762,1.0182827732888644
234,1.1932279173296478,0.8537027831321032,0.8923993365245051,0.8652009063929267,0.8702342133889162,0.8936456254738734,0.9395234051240338,1.0728306777546583
235,0.5957444642330647,0.595708501675157,0.611302578160229,0.6412148873349456,0.6781004139288529,0.7006080193324221,0.7081924643643225,0.7202799986134987
236,1.2018722689010934,1.0057225643046548,1.0031025005081615,0.9696350846979507,0.9467852839863615,0.9518186422523895,0.9944530008770898,1.129807189157193
237,0.9320033375648316,0.9085674431120679,0.919233197813228,0.9552727434255042,0.9690072465754829,0.981283540237032,0.9811927031719532,1.001865983848062
238,1.0922189523463322,1.000583342247213,1.044657956043241,1.0430784514986977,1.0393498587660241,1.0283451364342144,1.0752767845609672,1.0733077506887578
239,1.120890633717875,1.0616825095296742,1.0588979806265082,1.0480265284582304,1.0612735312533106,1.0423824013140002,1.015369122976002,1.2822132100749926
240,0.27715729803489697,0.3327146005916657,0.38121704079418767,0.4565545325881006,0.5504870147224039,0.5769456230648222,0.5874458982446338,0.8325036199597246
241,0.36565682207074945,0.44609071527338934,0.518246406882141,0.6281918816655865,0.7228601606832621,0.7482900515226566,0.7604020792052744,0.9014559977229136
242,1.3182954409195504,1.1206725871443475,1.0572814961305723,1.0334456719708731,1.002769734657229,0.9980086564076398,1.0192327256409095,1.172991058368605
243,1.1330846006481734,0.9404370382901378,0.9410413564087119,0.8926863037022845,0.8705533157754464,0.8617700312708678,0.951685397606068,0.922659059463432
244,0.9482791285435951,0.9440101468576846,0.9343230342594062,0.8903325143868122,0.8582815130323121,0.8543290055697199,0.9208438089170788,1.0063606895510917
245,1.1413902743974724,0.8371933073697049,0.830663014847459,0.7832117429988428,0.7598126077892662,0.7523158536278771,0.7926282345943831,0.8452796392224995
246,0.5359012055977331,0.6338405220450305,0.7107725348462995,0.8144451591507211,0.9334484244361573,0.9436889310265258,0.7666169972069778,0.9724958436697524
247,0.47667528128382286,0.5372668001105293,0.5713854638136597,0.61258208721956,0.6078157260400572,0.6234339618851563,0.6775261061480105,0.888225627227566
248,1.2536529033047712,1.1082618909722457,1.0883419282934073,1.0747780819043613,1.0130708791565106,1.0081332641185248,1.0320351927947249,1.1454286296370044
249,1.2281423063849841,0.8845246674524819,0.8633409866094205,0.8055978644185884,0.7728725733662308,0.7636215481742672,0.7952176210779888,0.8324377478213918
250,1.386749331498677,0.9985845432245776,0.9857697244935535,0.919876609647386,0.8884166688673877,0.872730771361923,0.8901534949159212,0.9181475968528506
251,1.4043119065511847,1.1838263926963053,1.1501366388952974,1.1123449403501864,1.0786219053324198,1.060108766332799,1.050021788806307,1.1206480345334235
252,0.912599982552967,0.9162710582805499,0.933412313124638,0.9319022642061521,0.9050029960138286,0.9144800445635162,0.9426884872825289,1.0634181084959642
253,1.1423304748993681,0.9830022334891922,0.9556884309289985,0.9351120661851017,0.9077546768284888,0.9020719743483515,0.9713834144367844,0.9429866141134408
254,1.21747612831641,1.1340508032947216,1.0913631529176018,1.0789103087299787,1.0362714248884364,0.9921403517622055,1.008349448416586,1.0326190300010414
255,1.0651214218717175,0.7929967903675779,0.7949061123162011,0.7564664689565466,0.7306176146437681,0.7242135658771991,0.7945225560251856,0.8842732464727368
256,0.6278471530916393,0.7049776042843768,0.7531817730427397,0.790607912943838,0.7783646011905261,0.7616081338821117,0.7865786611392341,0.8182584118452845
257,1.0527323364359507,0.9436027769229833,0.9519493388989321,0.9397556346606636,0.9147400054777718,0.9357736142268702,1.0000153586268026,1.1232925038434605
258,1.0244166490688216,0.9414639545958889,0.9432540003043898,0.9621302606074607,0.9986243556185556,1.00410187099513,1.00788141393022,1.0542024760322417
259,0.4370395708207877,0.5238440704543271,0.5879609208766525,0.6656358908747704,0.7289345729614274,0.773329014828559,0.7225626477217756,0.8206316970819683
260,1.2085330960120884,1.0477627639235763,1.0091107295585209,0.9609039447763775,0.926696042170107,0.9207172749761708,0.9420757455483808,1.0030502532995726
261,1.346651727055349,1.1240313549730094,1.099477357174306,1.0484438388294255,1.023256689606997,1.0068922711026582,1.0561705546558495,1.0810384070287635
262,0.5584526683133857,0.5949381567662431,0.6214825812714211,0.6382110645337267,0.6652303540834816,0.6842059835065434,0.7533108948933314,0.8757747042096622
263,0.3581604585594731,0.41023178232949703,0.4567380345747994,0.5314348599941946,0.6415632136465611,0.7187575343176927,0.7773464912954722,0.8879102644683243
264,0.4068494540144898,0.4634727766833397,0.5110910730685162,0.5725940060193373,0.6544128340384534,0.6908809712700931,0.6959355805614276,0.8349889085693064
265,0.7920751830291106,0.5995374931969559,0.6365680382525356,0.6050156761605632,0.5751811524338512,0.5769063407366906,0.6186847959758086,0.635992488112264
266,1.243721289032241,1.0901905262174412,1.0572225410135934,1.0049586513071347,0.9884526300018993,0.969849722423572,1.0322150696922463,1.1140011782337491
267,1.1106416472588296,0.931630307423142,0.9314612570392748,0.8899049144410824,0.8582164970853033,0.8468133186354261,0.907138696256782,0.927755277587839
268,1.170232543661292,1.0020372421892783,0.9913831083286039,0.9632306186955264,0.9458679969023408,0.9293535492815465,0.9650683684830828,0.9678664481323652
269,1.2006290494271081,1.0079941618048391,0.9778390241340253,0.9407014965629518,0.9137582501176682,0.8983381824988178,0.9505888122255785,0.984453256424123
270,1.179664551819866,1.0101229698230234,0.9568976104584208,0.9185304517495225,0.8965602845642526,0.8814609256567398,0.9116639353463452,0.950312015732268
271,1.1758868053254705,1.066626640622795,1.0573874844612388,1.0279342203876303,0.9939463034338792,0.987380641460046,1.0166645842982127,1.042100859585944
272,0.5344805136716217,0.5579682364634417,0.6005949413080427,0.6620952389037347,0.7355994820107797,0.754132272600168,0.6760940628892839,0.9657769344899616
273,0.40815583600319816,0.4805015740924829,0.538963205854912,0.6139148393974899,0.6889717998016304,0.7115481700742925,0.6836197984891764,0.8079829803633679
274,1.583343373795129,1.247631657601745,1.1733959558645282,1.1212267048543303,1.076775452380351,1.0625963573244361,1.0943298701042103,1.147162183306557
275,1.37942274844537,1.1254610581198219,1.0865657698344826,1.0223021899749438,0.9764479499897287,0.9560783568227772,1.1097364505518974,1.047491411225473
276,1.3375749288537402,0.9448948610929835,0.9413925028780622,0.8674710406147231,0.8250943995112856,0.8131554506842236,0.8268100985161364,0.8272825927468738
277,0.9599715949181298,0.6424269640011397,0.6655456691137203,0.6267048890719553,0.6072705201240514,0.6029118335734986,0.6840830764440939,0.8683001298142144
278,1.201709704686548,1.027947406424887,0.9958597469272708,0.9425162073015851,0.902885026852306,0.9004805510334976,1.0065749809115916,0.9692280696056638
279,1.016982658934946,1.0809862653717628,1.118532461212683,1.097322722919167,1.0444773754592587,1.027271271978822,1.022631457488963,1.0916776134183672
280,0.40624348412064915,0.4626759314847607,0.509245151671633,0.5690918562084556,0.646560685666999,0.679472129394543,0.7103848217737792,0.8322818393710351
281,0.5834306001523695,0.5491493924937769,0.5617964578544008,0.5829223918201725,0.6183896116323989,0.6662667003378335,0.7672083193491288,0.8545172777172325
282,0.23735425927037543,0.2755144782971598,0.3154629676310247,0.3817742610448668,0.4895239989334579,0.549303023107568,0.5852881894316035,0.7230794225067853
283,0.9344836067102602,0.9051724763872475,0.9112243797994688,0.9429314354418914,0.9568840867679345,0.9671776195500439,1.0096108039055656,0.9971679682094102
284,0.6727159379014402,0.740593709043867,0.7912634419258743,0.8450045096548946,0.83400981147775,0.7974334837624903,0.8610923762071893,0.9329148619175416
285,1.2449446390736598,1.1672102319879136,1.1511959532238678,1.1008724608759883,1.069375063242906,1.0539909305124124,1.1293982176919282,1.0915526389940395
286,1.4650026990416363,1.1588812192944828,1.1060514518151212,1.0480520935615791,1.0065933493417776,0.9829351485912131,1.024126215405455,1.006135692473095
287,0.7519857590410569,0.5954063443542891,0.6129718574781786,0.6113586476515827,0.6344208219765559,0.657806576453282,0.8529421590521531,0.8182808837516548
288,0.922820609998091,0.6971701238152882,0.7146937957731893,0.6722126750620542,0.6461880159161033,0.6354147716259739,0.6951256922180774,0.7156721208233663
289,1.2088995246968215,1.1055863692438126,1.1227445008416097,1.103394058660269,1.0856417135637089,1.0906475411480594,1.161593670137953,1.1579512427370724
290,1.318601445670897,1.0238251455453673,0.9947345527480568,0.9543956992908661,0.9600345978007645,0.9498099247066507,1.0452776819170837,1.1441364169584185
291,1.2065142363073238,1.1019067806347427,1.121195979124847,1.1044397631917686,1.086226823618426,1.092044225191442,1.1505351186620745,1.1434642735244969
292,0.750673251056473,0.8144467746918639,0.8577843899103103,0.8981569371967236,0.9420933320316266,0.966064563412455,0.933714385235708,1.0452418395173773
293,1.2406455769912363,1.0175402256270425,1.063257375262703,1.048352256649604,1.0001949441234363,0.9782165023271708,1.00002193683033,1.0687756849863126
294,0.9581246309208197,0.7849160464160906,0.7887349665352394,0.747657664728453,0.7183570506067961,0.713175348540578,0.8194424255216259,0.826939159245973
295,1.094728644650029,0.9192140361801228,0.9296656741956503,0.8840969799946173,0.8656508942700917,0.8610664694871047,0.93786347918645,0.9045254791134107
296,0.9164270877394565,0.7082955136158818,0.7232718897740702,0.6883945585897213,0.6650370920651966,0.656326005346647,0.7207042501596699,0.7020061295354384
297,0.8166121035799899,0.8431350823920338,0.8520614837297537,0.8616658755615657,0.8796851688615107,0.8636523727721537,0.8783914245895257,0.8841453087277437
298,1.2551385754714188,1.046439867773929,1.0195827458484488,1.0007853824086936,0.9669565979729587,0.9560924937171049,1.0221006584793515,1.0120557458944952
299,1.1953836479074387,1.109565512542775,1.1151318005335886,1.1029641262175935,1.0390187716987926,1.033284484922932,1.0785281155281146,1.0994033239801166
300,1.0190291866106373,0.9772715915736923,0.9966870741429218,1.000615602856894,0.9522013956124235,0.9362946047019916,1.003313137415213,1.0347951863563634
301,1.299267290858321,1.0105198678071892,1.0015483232099904,0.953033827737331,0.9249080038924221,0.9074312730736217,0.95625456694736,1.0276680412541142
302,1.23716889052102,1.1030055249158892,1.0952813548552012,1.0728104656025195,1.0331752617927696,1.0279763317281154,1.0326700719655573,1.0839252777228463
303,1.2083707656253384,1.0669958247189648,1.0293612208153622,0.9950236382598237,0.9521737697753786,0.95248842370342,1.009556578226762,1.0088671035362595
304,1.3734170077779755,1.0475355382042035,1.0124620580446468,0.963583439960919,0.9176880603160719,0.9037880503905508,0.9456002272239146,0.9157656876004094
305,1.1422984268998493,0.9385518252247168,0.9173426768518866,0.871807086351361,0.8353322536252353,0.8227287602905472,0.8953045875535119,0.8794962300428567
306,0.5333351438989591,0.5402703199578976,0.5744651816025994,0.6275898024273576,0.7313189718798672,0.7745943317529564,0.688381236255538,1.0337243218381602
307,1.2687045161780168,0.8154269229774507,0.8677610535045281,0.7995403013515539,0.7540974920085919,0.7492771069682763,0.7557329983029321,0.8369670214899877
308,0.8845699628789556,0.9193476806560434,0.9394666983569454,0.9317431700810401,0.9140379889899243,0.8972019609588671,0.9309635015675812,0.9897481873757202
309,0.853870116441449,0.5955353827056468,0.6110048910637857,0.5737420590750981,0.5487861636082577,0.545364096430322,0.6239810744211934,0.7270836013798676
310,1.1629416891789082,0.8423547118887322,0.925405855382763,0.887283183119782,0.8288933410167143,0.8200122416216201,0.8543472790755905,0.8501681797540707
311,1.306950779951219,0.9808570038577148,0.9417911066407968,0.8717300426929151,0.8165116917119398,0.8053641136110071,0.8402704299353618,0.8607312908611325
312,1.014188023143368,0.9542508646259305,0.9282612266787799,0.9117434887246482,0.8865603041809511,0.8809426884356729,0.9760276271249048,0.9044932724744398
313,0.9849604088299428,0.84050134615625,0.8806025961982751,0.8631429352194182,0.8303148302254291,0.8315379998320486,0.9071572877106692,0.92249826528502
314,1.289895094136911,1.1055385296138827,1.0764857759683917,1.041147730883019,1.0099683311298828,0.9952992632325358,1.1067026050318756,1.038664193346973
315,1.4308401988422357,1.2101262183618318,1.1559466084863257,1.1199093647155558,1.0948888619248727,1.0851598410671068,1.0986989989305056,1.1329990065873254
316,0.14259943959269897,0.19032144932671527,0.2354650342390656,0.3101836954794965,0.42055119889610276,0.4710107135270685,0.4846477720930732,0.7044561728508016
317,1.2617255944439258,1.151837707120126,1.136074413194013,1.1057435760247738,1.0595716223285017,1.0422382428217134,1.1132057354421427,1.105899733118037
318,0.9703303796709191,0.9474592847935068,0.9705620274816175,1.0020541911145777,1.0203762565372847,0.9955401238558443,0.971541046601604,1.064035197451732
319,0.22457444402838736,0.2833213868813621,0.33675537015418966,0.42842849547284506,0.591426457844548,0.6965049823208225,0.9278927963166218,1.0555897102081355
320,1.1242759983046582,1.0435600405192538,1.036424691141134,1.0400351486514419,1.0197832749286528,1.029988983466177,1.041571992947801,1.055432717795721
321,0.5930709133368063,0.658537625348913,0.7102911407387491,0.7761522484926974,0.7958570914045379,0.749637780281189,0.7680587248509053,0.8315532724285964
322,1.0300512519758918,1.0247141458854219,1.0455240944897528,1.0236139401939242,0.9557651462482918,0.9687244080070065,0.9354045811138352,0.9944658383599584
323,1.2187734639027283,0.9910963747009319,0.9758830243368962,0.9195154622329074,0.8698412450133994,0.8652299423727763,0.9029814605878412,0.9173291485374768
324,1.1870283187913355,0.9508635336291218,0.9521638703902624,0.9045455635085853,0.8794614906923189,0.8777463417116016,0.9298102707711496,1.036331115810084
325,1.4643869358304196,1.1620046658944232,1.105220763070582,1.0493941711485308,1.0093582775954764,0.9850399893381588,1.0836793846300945,1.0057823201253664
326,1.0371806057803012,0.957595304445354,0.9234110734023725,0.9060952778165706,0.8774170447102349,0.8533292275139495,0.923662982146382,0.9967427519018278
327,0.8992209175265177,0.6590834631594225,0.6815902493695825,0.6375572601356848,0.6081397319152363,0.6015697518822846,0.6468973899256969,0.6929804674612586
328,1.0483282364448914,1.0231156071769878,1.0228447556278826,1.010921238872622,0.9854621536642147,0.9674373454574297,0.9834422409743346,1.0235631200382391
329,0.8458174529985979,0.6154369977468895,0.6084825317024509,0.583366683035935,0.5608830685050905,0.5560956036667783,0.6602527764160349,0.8621470872071295
330,0.841525785257724,0.8597471826534271,0.9208083189292197,0.9511446642154749,0.9527074450499144,0.9537666406713153,0.9292640879616582,1.1721711861431836
331,1.0768601795575794,1.0400688454356486,1.0172600714336373,0.996667443757977,0.9412908101404569,0.920363327723569,0.9558462303599236,1.048538282180295
332,1.1995661213722317,0.9992174666910187,0.9649009281670963,0.913007311762458,0.8781744077176269,0.8685501712686094,0.9605130607628906,0.940998651434906
333,0.8651167309375126,0.6532231865296586,0.6559155331137417,0.6149317771360079,0.5973571186306588,0.5909817285645127,0.6844908826304561,0.749264814874736
334,1.251188694437724,1.115477489898873,1.0969020603696265,1.0986407131704055,1.0868122727754599,1.0429851552191274,1.172799422821995,1.092480971384405
335,0.7686334672211861,0.805060737203399,0.8385988690963712,0.8694802385206715,0.8859330216289715,0.8942237096008092,0.897370354295623,0.9610236536138456
336,1.192609372942224,0.9327398800222533,0.9091875380177676,0.8585509808735037,0.825188892616076,0.8180031188177834,0.8778846841359281,1.0323949702671371
337,1.4159627529324588,1.2327162145957673,1.1514829968167826,1.0654947641466537,1.0387919177137424,1.0276177210781887,1.0689733288014969,1.067857215290844
338,1.2015071159997333,1.1224046453900378,1.1213950885110693,1.0958981858621688,1.0651665932065497,1.0455786070335962,1.0922570349081089,1.0972950453724064
339,1.1461425365619173,0.9606606426841713,0.9417135338336289,0.9007486396684464,0.8697640142012103,0.864712510858126,0.9231974647584268,0.9158513724342464
340,1.240844630040438,1.099533969392727,1.0903250048740447,1.0676136454166654,1.028382663085056,1.0220168744709643,1.0611562675015067,1.0705418877471582
341,1.1685013776854087,1.0028608937609764,0.950948545509205,0.9124802995761181,0.8902195654810924,0.8751281792477701,0.9339000190990404,0.9569111635436756
342,1.506085248025447,0.9271985050792627,0.98680862661011,0.8852134234801322,0.8341514623992273,0.8152843428107469,0.8469989720635577,0.8638397438995113
343,0.8411736749447641,0.8960135314479949,0.9235902890287994,0.9418604032553782,0.9240898342847876,0.9164778084623088,0.9207545526408418,1.060503792921223
344,0.6240318315545025,0.6650626759076259,0.7022947365616388,0.7481727335373333,0.7751543024782747,0.7678766741895602,0.8330720243424706,0.8008106112845104
345,0.8646510261582108,0.6062259787753504,0.6161934703522343,0.5857796541562823,0.5648064795637077,0.559997280165697,0.6884389634578725,0.8524724772675648
346,1.0236806056581536,0.9405052143882882,0.9438543439844377,0.9626241539739653,1.0016969431013079,1.0066010198436104,1.015105179266702,1.051063747570232
347,0.6543614008666805,0.679189984475908,0.7246507404358522,0.7740806863293548,0.790454105491375,0.7844015539904408,0.7540106533005733,0.8443984535032869
348,1.0030553757547567,0.820648059418788,0.8137977914239729,0.7788783221247666,0.7533097016582713,0.742772759872572,0.7963054408547992,0.801419513050608
349,1.372614372641536,1.140153593282303,1.1101917234910235,1.0556983914774796,1.0187630714092353,1.0114112088677396,1.07983938562052,1.044202443796247
350,0.9797543392643516,0.9436197544856922,0.9590527565151887,0.9767071968278305,0.9914415909835061,1.0064917264384323,1.0215308364608688,1.1572543935131392
351,0.7094385864195032,0.7820872387847339,0.8317371632973485,0.8611558238361673,0.9136723833226508,0.9474362179609701,0.8980763253332675,1.0270614725905234
352,1.1486272147118788,1.0232232731972948,0.9932859928417104,0.9450332396254804,0.9135368656012405,0.901933551165918,0.9811788294743052,0.9978666577520702
353,0.871406563607262,0.699699158295915,0.6837754274241269,0.6477872113563452,0.6301241842124666,0.6242660916227533,0.703294385499679,0.7987666895210991
354,0.8379918259151609,0.6184315352327795,0.6589519927839083,0.6209288514418618,0.5874347079896838,0.584887822428329,0.6239560222810866,0.6648856130991705
355,1.0110706150199331,0.9511600843111331,0.9507730069967656,0.9650846227035713,0.9060735135404272,0.889540648354672,0.96561743090123,0.944104709060619
356,0.9364640607705569,0.9375126957531322,0.9579472057739228,0.9838177788442701,0.9505646411333262,0.9510448247377015,1.0134244824061642,1.0051789120406478
357,1.1875986078842762,1.0000264003336259,0.9555925929503634,0.9106560376026008,0.8778783337614935,0.8610221702349959,0.9052034688867766,0.9341340341086756
358,1.129725358889523,0.9712420841218175,0.9701530226830334,0.9532753797522555,0.9495671566322009,0.9504252560147443,1.0225298050559,1.0493062157100606
359,1.2877567129565193,1.133237312496483,1.076661487802897,1.0655707457718155,1.0473985115052915,1.0306720221230528,1.1108212065508918,1.0961710601126875
360,0.9320034764389385,0.9668071102182925,0.9725991588371827,0.9456036960294099,0.9288574623125647,0.9317868473357832,1.005441709278639,1.067433789227305
361,1.4237679789813473,1.0998865869197463,1.097624144751781,1.050436424734245,1.029904494685785,1.0352808898558057,1.0815215872691624,1.045301780574321
362,1.1639278201601049,1.000484986880845,0.9687308831301177,0.9416311061560059,0.917027888209633,0.904785403729311,0.9799291351838808,1.0300041217756688
363,1.082348334852744,1.0146361729292166,1.0197626573947651,1.0177172164284745,0.9883000009373931,0.9664361167774438,1.0251261161783518,1.0863657144286307
364,1.1353536615099573,0.8953407305014498,0.9073284601712266,0.8687774071308051,0.8225657363228652,0.8151431474280993,0.8659105187052712,0.991612079772169
365,1.163654886803071,1.0812655335122532,1.0691886449023502,1.04025599256162,1.0170626856429104,0.9989442421487245,1.035585859662992,1.062220126400343
366,1.1750575334917717,1.0352530077187951,1.0299068162304783,0.9867213650597961,0.9523860785855296,0.9480285889861143,1.0623072201510768,1.0040879604318045
367,1.3020342891345489,1.0463164020988507,1.1027838289417835,1.0808043568222394,1.0524450825643603,1.0369272410160228,1.053367585262885,1.0407318853578746
368,0.9578369702424749,0.624133243580392,0.7058687523169291,0.6550255565108408,0.6082685265006391,0.6108311666559665,0.6284281572456154,0.7006250132578045
369,0.9713815596095985,0.7055447091214836,0.7580303085470386,0.717129354671394,0.6830579838884038,0.6815086154188804,0.7010525894278377,0.763285133149499
370,0.4067523599043494,0.47524150970287726,0.5293729497596674,0.596840449995457,0.6593931257351535,0.6799713630688311,0.6752884416662752,0.7772147037397018
371,1.2675761836538648,1.1797633385000346,1.1412821438333358,1.0819880372136605,1.0452331018202037,1.0286719020441277,1.078963570695351,1.0551134100076442
372,0.8831076156142328,0.904665713443067,0.9260918796192268,0.9354627137320676,0.9435215671288051,0.9937759431868017,0.9128094240461994,1.0432143805437608
373,1.096931753234543,0.6780160048240602,0.784592210908945,0.7191303232714936,0.6643303432842449,0.6698876308058749,0.6775200099103847,0.7233485960142991
374,1.1960778869432256,0.9218032016244386,0.8849578171331081,0.8447245530820028,0.8205142913352761,0.8013950662680771,0.8931479636923422,1.0486612729423177
375,1.1085378399819115,0.945934388433039,0.9294920614350487,0.8928550101781014,0.8644277023917804,0.8537775786997913,0.8783256737607413,0.974788550277507
376,0.5610275446541358,0.5819991366665709,0.6127252659913073,0.6564474699674111,0.6949201370331184,0.732521766078246,0.7471319764683949,0.907253227179594
377,1.4577986149784026,1.150109216025738,1.1136470654280648,1.0460443145835787,0.9956365045595525,0.9868747463937324,1.080124511305106,1.0876782413578805
378,1.346874721855998,1.0517060248762218,1.0377293284861115,0.9862305545076678,0.9496873548474605,0.9349174830288715,0.9961363341491596,0.9867045616795572
379,1.1566669291038165,1.128862670011557,1.125200930417853,1.113673345880215,1.0681069395620453,1.0499341859970701,1.0591970417192982,1.1680299101451672
380,1.3239446896091458,1.0427569363394258,0.9910973265313737,0.9556300129487769,0.9025735511082372,0.8985269819253027,0.941561037929197,0.95339000484766
381,0.6122996048607823,0.67608491249289,0.7395675898139064,0.8187192054798285,0.8899003078656206,0.8734971627368997,0.8216420272567235,1.0631349785719106
382,1.1414591468354016,0.7071585566762338,0.8046522267298354,0.7406273751871291,0.6742473167522538,0.673473022011271,0.7038151552496379,0.7762934075241015
383,0.9604868855316138,0.9645368605803913,0.9845003601873162,0.9890014005176232,0.9925249818518885,0.9818935115159092,0.9670249676850128,1.0432265461881367
384,1.1823478102189675,0.9689757276098836,0.9586892281357967,0.9177834305951502,0.8835391224932159,0.8702905196759904,0.9222555589876024,1.0175928842351332
385,1.1669056060939997,0.8181637356688906,0.8187659841431486,0.7675212331964408,0.7399404304745651,0.7280963910145556,0.7996286381179558,0.8834211784420292
386,1.2138241147363829,0.9993828750105724,0.9910699812130969,0.9523417450742087,0.9255821025613886,0.9205846531379516,0.9445750559869353,1.0188190317245711
387,1.0713931383476065,0.8366011374642064,0.821993495803972,0.7810361691771136,0.7469344736126442,0.7380804335220429,0.8070687883450474,0.8172835678273256
388,1.0896511590487703,1.019862276023766,1.0312257570984065,1.0324916656156518,1.0292159986704312,1.0266137292796413,1.1130057097708497,1.007476756343028
389,0.8452284699904186,0.7592358700265703,0.7636346360786799,0.7617046817171069,0.7573603109705935,0.7524357978376359,0.8618543448028666,0.8524102903062495
390,1.2865344003552697,1.15521126857698,1.1316158249131938,1.1037180378908602,1.056125179322662,1.0282546186909676,1.1519133999585982,1.0989308347643714
391,0.6809419980397864,0.7704586707300983,0.85267666195491,0.9341171836047796,0.9239578698421094,0.9385865652611277,0.8665312689216829,0.9973368270940648
392,1.2863571430263374,1.0185555187355728,1.007328421934845,0.9560257918221677,0.9180328134058378,0.8995928892785247,0.938434198480152,1.0481255190592578
393,1.1468659816024966,0.9467865002222082,0.9517739872868533,0.9079025955365477,0.8884923732426568,0.8724419679619408,0.9213740307735744,1.0632206544579097
394,1.0858219022525157,0.916044275795119,0.9242316043335083,0.8796140587327262,0.8610846381859837,0.8567746713698208,0.912913085638928,0.8947477663847561
395,1.2574489776336233,1.1125883621547776,1.0825764250617456,1.0439614730145272,1.0078354216980416,0.994031475622015,1.0310186702733914,1.0746867981034365
396,0.8382203833563862,0.8680701980999181,0.8783297182555938,0.888903263416023,0.8919635106677799,0.8793556352441381,0.9000183323518608,1.0256747163045932
397,0.9120022156441158,0.7360168043736572,0.7108000842645043,0.674933229528002,0.65072812771713,0.647769606237013,0.7085326150276556,0.7817825231551437
398,1.0100828522153436,1.0041823771037792,1.0018915347034152,1.016530560858623,1.0236873220754674,1.0245060746650176,1.0414659587600732,1.047136696127363
399,1.2984676440840248,1.104047942391086,1.0628226773282643,1.016289588203045,0.9971587845519011,0.9765844316519383,1.0054248280023348,1.028857510160123
