,window_size_1_RMSE,window_size_2_RMSE,window_size_3_RMSE,window_size_5_RMSE,window_size_10_RMSE,window_size_15_RMSE,Plain_w200,Exp_wAll
0,0.781944366859184,0.7283695083477839,0.7140013786834406,0.7187093001245592,0.7361273381610749,0.752845968529583,0.8270962595152771,0.9499155319430036
1,1.1508079053254836,1.024092220216853,1.0629179028926339,1.022991467988679,0.9894280540780437,0.9905019399251492,1.0264039456941427,1.130602940799541
2,0.4655711569405805,0.48754764004575557,0.5231693697249079,0.5733974884620152,0.6516511385790262,0.7000426990710799,0.7836572884936485,1.190872632296213
3,1.1893890600444543,1.0071208777579714,1.0001904892797961,0.9787480029927678,0.9602211744685814,0.9463378190928682,0.9878895623969264,1.150668694533212
4,1.4325417558392741,1.1618950325203106,1.1735878066180312,1.1115689468218444,1.0637199676810605,1.0611998476467097,1.09944405727202,1.197061018752558
5,0.7797191140730785,0.7837776479220955,0.8147683060920475,0.8525784830997188,0.8852757971959371,0.9009077561246883,0.8754352668941308,0.936136729059378
6,0.732040220112448,0.7193302404236306,0.7168910896856698,0.7216460426089125,0.7464780316234448,0.7536265853486099,0.8346640945788173,0.8785780804112432
7,0.4271723405199311,0.33316175792296704,0.3497160601299711,0.33147238045712935,0.323329076037023,0.32040704939937764,0.5017736184250339,0.3397550900995529
8,1.2895256729207705,1.118460877187122,1.1033712698088314,1.0452276128411815,0.9977662432982675,0.9985431287553325,1.0224181593040107,1.076084509270814
9,1.0797999175785438,0.953799695605951,0.9305445743047313,0.9034237972301129,0.8945237536490285,0.8904143283311082,0.970560774555278,1.0470285832548432
10,1.1604504384125833,1.0637471788596213,1.0493743817883985,1.0112734166690738,0.9849811989786104,0.9817258242432376,1.0312915604191346,1.156293773104479
11,1.1494434484412153,1.0087317289499051,0.9952774075716078,0.9938023827245899,0.9632556661877131,0.9640294898970752,1.0442894235983815,1.1037877822056847
12,1.1574829992835673,0.979586813533449,1.0023755594807728,0.9781543943424528,0.9385058714864278,0.9341367787998901,0.9781035013519126,1.0812190227254144
13,1.1301915940777547,0.9345061819801783,0.9608085148341231,0.9509203085128775,0.9331145638614091,0.93030877915741,1.0180548727849053,1.1227853915915729
14,0.7971267578613805,0.8197748722745423,0.82182539537414,0.8202925182907563,0.8195354295716004,0.813227181184324,0.8453559478588681,0.9172711017092088
15,0.9603075666083751,0.8162350759985141,0.8294028839283731,0.8291663175543383,0.8602366219074143,0.8820643419636581,0.9331850784210391,1.0698488122441356
16,0.9284005544344999,0.8518984635251095,0.8481105874085951,0.8493334256340435,0.8396684837773869,0.8261625973961944,0.8931152755552079,1.0112996033797783
17,1.1378626346843073,0.9548441047552801,0.9680611394151837,0.9670055194507802,0.9581513730015611,0.9444493555138904,0.979585096429052,1.0998643954575678
18,1.0672297433262974,0.9610143120349341,0.9596484033039796,0.9409611142733182,0.909139697537337,0.930405855587401,0.995029982468208,1.1590355219945052
19,1.2352425536671103,0.9869826898465179,0.9769475980574082,0.9381197204271191,0.9138394339021001,0.8981781801243163,0.9437270495708664,1.0311392562531765
20,1.195181501141736,1.1956153440928117,1.1628189300847114,1.0902236915514627,1.055231737700189,1.049962157005307,1.0854780568878042,1.193882471725317
21,1.3113736845607067,1.1419967500323598,1.1164625453194845,1.119125467030013,1.0889107468438555,1.085873447308373,1.132197493473227,1.2243775825017378
22,1.1439051684241461,1.1087795337738464,1.0928187730676349,1.0404341500000975,1.0006901773985224,1.0021304886978595,1.0446620155721256,1.2080919171363167
23,1.203526952072877,0.9570676079054183,0.914316699097871,0.8660060710570396,0.8299166767327268,0.8163200863331459,0.8460674033720827,0.9517330046336764
24,1.0995297944112319,1.0252867712411602,1.0208226063287813,1.0122478523402065,0.9850615770945688,0.9622405744800242,1.0181219624625466,1.1297194356396232
25,0.5385079300315873,0.4168271975445152,0.42319733112939373,0.39924959826336714,0.3850409529908642,0.3804322287032622,0.5233258927365229,0.5079426450227957
26,0.7324035432895909,0.5797048177206718,0.5574493189549005,0.5272011522024741,0.5140450840471616,0.5073539960284531,0.6511960210442589,0.6068009366300697
27,0.7361478070145324,0.7455757920207204,0.7503194560100798,0.7583805772105504,0.7545314399706842,0.7338874416433284,0.7792922619805396,0.8691433125264294
28,0.7817525553457727,0.726761695096409,0.7366490967746151,0.7316626453679449,0.7124362330154707,0.7006314887337205,0.81856508955544,0.8800954536588144
29,0.8125555117797296,0.6255790263070071,0.6306506833959393,0.5978850395629527,0.5714506915155415,0.5681302020892921,0.681065923367164,0.650494061053617
30,1.3431069303712762,1.0765360999177216,1.0523075972539255,0.9972000292075662,0.9573158358653198,0.946021665254116,0.9952983510542666,1.1128205606460233
31,1.3836911703713652,1.1851870694013482,1.1157921769895907,1.0826295087658744,1.0440186890813283,1.0338128452876323,1.0524902667418956,1.183684913180511
32,0.5006367598477156,0.5603346221217882,0.5961866457048849,0.6341374661351622,0.6405069332762857,0.6172906620897783,0.6925803852638113,0.6910058733150396
33,1.231328132331186,1.1470086464584184,1.1315135728104613,1.1039890854332093,1.0483374261642775,1.0433620959323935,1.0774155362397952,1.1661547153376164
34,0.7061101728832051,0.6728557800204961,0.6902599678916542,0.7057066142451388,0.6964550706481147,0.6865128574295365,0.7378104243933135,0.8017107901026468
35,0.9314182911642053,0.7942744017678472,0.8155905275515388,0.787426171431901,0.7720722849670298,0.7647283041322718,0.7969414535359709,0.8658347201850255
36,0.6187541682257985,0.6923830768003353,0.7519364086569567,0.8163904229648761,0.8975936644642843,0.8951170961216666,0.916801193261886,0.9817147813485638
37,1.1262583013985366,0.9224687476852178,0.9005406545796869,0.8712298060921329,0.8435351982466607,0.8404911994791564,0.8950694202631766,0.9412431505194911
38,1.1963941555992657,1.0572181701175434,1.0056537621269004,0.949963531396499,0.9153541540748461,0.9084378491974686,0.9472663892480124,1.0249600353029205
39,1.155923884798344,1.0778526931129082,1.0744171834121072,1.0432890955477978,0.9933341937174407,0.9877105253990996,1.0109692258918146,1.1087883908124043
40,1.3507986396689564,1.1527215395292616,1.08926717423494,1.0608621121917121,1.044637021006379,1.0316773497068186,1.0314786958279467,1.2391441956128526
41,1.0508609024935789,0.9081476374733906,0.8731343617129276,0.8768627239777592,0.8641960706010096,0.8456323667775296,0.9095461031629938,1.0140562205252166
42,0.7167726385349201,0.6910268084321827,0.6978567225874975,0.701402449943351,0.6949050942972805,0.711164476864735,0.7689803044827822,0.8609837374530837
43,0.7234608404851658,0.7873055500295072,0.8117750826403779,0.814609579468801,0.8472684393640235,0.8519091141238321,0.8874015822343666,0.9051390398892272
44,0.8777201583839348,0.5611386323970351,0.5048882540874955,0.45271237358583755,0.4373404589892508,0.431415685931605,0.63663437433311,0.5107284478508555
45,1.0176422963441167,0.9276411499379562,0.9515001583140876,0.9695895892379243,0.968612136966577,0.9596795961520985,1.0245239504874788,1.0697253114587095
46,1.0762376053609348,0.9345823844237893,0.9080738574006271,0.9073719781980536,0.9210114932310582,0.9447971575506837,0.9833704282374316,1.0679921971932422
47,1.2618363414357905,1.1184294871362541,1.0906098454978481,1.052733378102747,1.0142500390139608,0.9924481717610653,1.0258233611035208,1.131559516307204
48,0.8737565887278346,0.6026621872212665,0.6488288854217071,0.6025671625660195,0.5731562954633236,0.5659385417402788,0.6230509665391251,0.625488361900831
49,1.1706603316613633,1.0279084173585211,1.0330792418830135,1.0172968762748016,0.9646086820536873,0.9497897960749261,1.0113961030305791,1.1704839331871149
50,1.0457880508969792,0.9475871717340593,0.9312295346198584,0.927087626134772,0.9204161638890782,0.9234277726298735,1.0450297708684255,1.096454375975841
51,1.2167645306504917,1.1033250185697654,1.1101120830316302,1.090380350831696,1.0568235352535054,1.0414838701458062,1.0853813932246694,1.2768327928872822
52,1.1424108244029338,0.9861234027292188,0.9629242083575179,0.9285005287083933,0.90459895784102,0.8778645502401552,0.927964396498125,0.9779805751212184
53,1.0041113597478275,0.9051241251410269,0.8925093197442598,0.8911370481835741,0.8866860010593354,0.8710718698302581,0.9432252667522836,1.151204816536525
54,1.094146318032996,0.9147185585642486,0.9217141409333091,0.9380553571597372,0.9243814148316414,0.9065327001635107,1.0130138439188203,1.090561590696556
55,1.112903200882486,1.089106565803608,1.0608269484253252,1.0500589926144657,1.0411429040759623,1.0052316668293242,1.0959606084666966,1.1668396901669773
56,0.9277694448202914,0.939302664969719,0.9421247927819414,0.9502683682356441,0.9511465991403296,0.9383670243170523,0.9930939948169402,1.0216990575980427
57,1.0149106273565418,0.7938469895718782,0.7702799369317458,0.7330870701559282,0.6988697996220682,0.692830543983359,0.8042106062829366,0.7815680184282557
58,1.0713690222378387,0.8856081831563505,0.8979782481756554,0.8658384226050433,0.8287069458849063,0.8130438749239365,0.857508940498768,0.9462370543450596
59,0.6768754785071561,0.554895341596639,0.5469366673700323,0.5213835780727485,0.5075991910811899,0.5123254806641562,0.704957226795345,0.5740645813190446
60,1.305989974918363,1.0942946142754495,1.0560424782740914,1.0012977503276548,0.9803122138846604,0.9741259773118136,1.020818047111153,1.1306185800217496
61,1.0625136751607847,1.0050975007874612,1.0062442342330442,1.024197325936799,1.0284947353028107,1.0045749281230558,1.027613563520963,1.129915458208914
62,0.9562101003306357,0.8635784010073984,0.8578927949718549,0.8666971607625054,0.8575810806976362,0.8658898690895567,0.8956097146647705,0.9687909180259412
63,0.7786574343522157,0.816829391965016,0.8350843617952085,0.8375343739119895,0.8181252375331922,0.8428226728809082,0.9255583007598008,1.0265705165678067
64,0.6381822915191779,0.6502501909449125,0.6859865890854879,0.7206557675455592,0.7579814312868257,0.7479712687178633,0.801753768259951,0.9315252498696382
65,0.6328075503561247,0.5038173278958545,0.5087059935258614,0.4793230166634942,0.46584772632804855,0.46519992771777957,0.6283941297616944,0.5186865664467453
66,0.34748666661751415,0.38124165236944435,0.4016543898822255,0.4268345259147536,0.4520212349815459,0.47313625687073996,0.5809546211398268,0.5635441458847928
67,1.2101712916537977,1.0268265388944202,1.0067125628314801,0.9645406030554068,0.9350288841297401,0.9208337344289773,0.9528115113647876,1.11222436847506
68,1.2943091810630842,1.0904349032741958,1.0926961957451866,1.0453692250810063,1.0118661006474086,0.999528407764048,1.0704301977251325,1.1885792581024095
69,0.4032576744995515,0.4406847450837056,0.4686415184594041,0.5099596034706083,0.5386076198585138,0.5308735737383155,0.6422594965218434,0.5813436860476039
70,0.9719557930365565,0.8489248542856958,0.8303505440782305,0.8020538380057559,0.7823923340941678,0.7686101726057012,0.8451819259801973,0.8826196910159524
71,0.8002584076313249,0.8255213181199212,0.8301998799779965,0.8296863438350214,0.8291000098793954,0.8224249284724109,0.8625324681023492,0.9251809801383604
72,1.2399900798639112,1.1156072493402056,1.0827132765147716,1.046851340319461,1.0188894476132941,1.0129639303483746,1.074225423967754,1.1327141415226043
73,0.7736868368823198,0.6393295015907302,0.6397736244909066,0.6146543245507359,0.5887332472843045,0.588487066559002,0.720505557107653,0.6863131273116625
74,1.220578793997863,1.0998278335024425,1.0938619878738474,1.0832397955292548,1.0365156354486658,1.0351776734494136,1.119240569234171,1.1632132561953443
75,1.1464088876910348,0.9641560859930738,0.9626265712240012,0.9111384537681686,0.883881463430651,0.8731570359456594,0.9362864635342654,0.9699153243206762
76,0.8032366355474266,0.8222907505958713,0.82738056938888,0.8299188290530314,0.8108343642258655,0.8196552598052179,0.8388797807752398,0.9605593079515158
77,0.9336412594691145,0.9710164172722662,0.974165241076442,0.946848943519271,0.9794685296619356,0.9607378998310158,0.9356238790819092,1.089315165357106
78,1.0983450836088757,1.0494023668383972,1.043394153468955,1.0414364273844827,1.0146515328032903,1.0149780481551007,1.0491316839299152,1.2106223727530545
79,0.8654740295371699,0.8800202658342104,0.8898882948893032,0.883760088606399,0.9060268427325331,0.9254521361317866,0.9949437996861644,1.0293580331224352
80,0.8349980005696437,0.8224936174473677,0.8416113120583322,0.8697353944959328,0.9016144319555821,0.9150419258870003,0.9758633384127096,1.0062037622204318
81,1.1168760781016664,1.0264654329581901,1.021076439784124,1.0213196904749857,0.9960321685763854,0.9598355033900585,0.9843733156922404,1.0913680179395044
82,1.2405241065144506,1.0378126448350498,0.9737240234291866,0.9333451591973326,0.9016783703214236,0.8950010321940293,0.9868415334219572,1.0998374223373275
83,1.1663352688703155,1.0047264878264424,0.9945254683154146,0.9539962118477286,0.9217893725842777,0.9131241048930124,0.9674711401794682,1.0494639983555794
84,1.0178697370514551,0.8789378131160905,0.8201070696647059,0.7872561745204851,0.7511563971553544,0.7401618327351593,0.8143513294046936,0.8738519332569742
85,1.3656684150483056,1.1479248519378686,1.111303129662406,1.0605822790367267,1.0020970088146859,0.9998272939581475,1.03076110288475,1.1659711799166304
86,0.9208242399950844,0.8244230992551623,0.8314300794503895,0.82044619645037,0.8098692085675904,0.80404520311952,0.8839945379532708,0.9994866395745404
87,1.1539556254737657,1.0959248398890364,1.0818582093427516,1.0465089583026277,1.045721130408672,1.0336242604985906,1.0468551213670787,1.1600717557654274
88,0.5389088371656594,0.5148247435572372,0.5235902693769839,0.5541072498164532,0.6021762982840692,0.6241535273807213,0.7122232659996947,0.6778550750134142
89,1.2811946265202985,1.1226552023532843,1.0932478755673523,1.058150749085546,1.0343936890375132,1.0237198852274745,1.03849479300072,1.2009909071075364
90,1.170387085499803,1.0722856486811359,1.0295987156778916,0.9994969268162937,0.949589441281198,0.9460167887604505,0.98211317630436,1.0684606501486495
91,1.234305286292823,1.162707017973861,1.1491175812947678,1.1084825985100477,1.0791446745317193,1.0646222426318561,1.077225819075366,1.2193337948923693
92,1.0813480307970482,0.9817704806277876,0.9689700615257195,0.9426558642485311,0.9343324564564475,0.9399957090597162,1.0107269635767966,1.107479598781076
93,1.0752825069548237,0.87361034112112,0.8283676646620052,0.7800794382863151,0.74736025737644,0.7364756037981018,0.8172820504827303,0.866204068102965
94,0.683966206054339,0.7105981779180602,0.7238661810021839,0.7259875309704553,0.7410759224028012,0.7691583331584416,0.8074522610062348,0.896918927237373
95,1.1082059126265214,0.9889572171108397,0.9596515565403977,0.898466969455569,0.8580520942775536,0.8465770974872325,0.915641159463837,1.031011845808269
96,1.099600195267033,1.0216978966914896,1.0184218987690974,1.0133851409081742,0.9867833905769482,0.9636171251182081,1.0056364824439898,1.13211507473011
97,0.6036951885555346,0.6478172052143978,0.6859110531118374,0.7189145351889051,0.7364235498325806,0.7293887889350769,0.7815393919035069,0.7655764389357769
98,1.0420112567664628,0.9583590708116076,0.9375483590722407,0.9372752992556183,0.9073063227954719,0.882537419280873,0.910556604573637,1.042535358373633
99,1.187816620963503,1.1131591543315271,1.0947277069350307,1.0738161785798874,1.050031564284328,1.0442795565057221,1.1030610354080053,1.1692445745686662
100,1.4382136014027878,1.1470275417081,1.1557909389935854,1.090979432723209,1.0285357380039934,1.0199008454163236,1.0734791173956233,1.1772248555594966
101,0.6940530363679869,0.6715216388579857,0.6899815695614145,0.721272498165745,0.7479765990088539,0.7747653745908283,0.8313912218965,0.8028112281121283
102,1.0954347394633006,0.9267716044606433,0.9299935542607931,0.8822467503826792,0.865363914990905,0.8619060942078752,0.9115758367089396,0.9674675733232216
103,1.1596988712189178,0.9994210989569886,1.021348871137474,1.0287326862100756,1.073234875862221,1.088012463056707,1.10463846884595,1.2584469804263092
104,1.3397692041316989,1.0865560397580576,1.060510316654669,1.0406823653041435,1.0010795740367289,0.9969005495349519,1.0273500335516017,1.1937557322809973
105,1.21147837142019,1.1084697992062988,1.112372991774497,1.08027057414382,1.0234792387864333,1.0135937496352208,1.1364995489400656,1.165060397158712
106,0.6127129260984854,0.6122784138975199,0.6366065294689739,0.6679123644000353,0.692809362823211,0.7151767374187256,0.847502628123138,0.7970843166208799
107,0.3514643022186033,0.39376041474812695,0.42437314172755997,0.4684934678928426,0.5246774002960296,0.547108998807928,0.7899194769855665,0.6181632029362316
108,0.3805864033656066,0.3957467925240115,0.4224736073886153,0.4701453450024032,0.5328143859262289,0.544467735058025,0.6167482414985221,0.6242052811403141
109,1.1527630564371818,0.9613149701863928,0.9599870397742246,0.925331895165074,0.8897318812350944,0.8811125124540007,0.9741162180674928,1.0188735759451242
110,1.0609214527585185,1.00436866587855,1.017981734396696,1.0248632403674691,0.9787759947982259,0.972530381021553,1.0003439161323011,1.1072397694138545
111,0.7701308583286569,0.5862389161134902,0.5654509155940705,0.5288153077298646,0.5142290209668734,0.5054022432991545,0.746401897390212,0.5880878861608991
112,0.9056812244351611,0.7206516508758392,0.7489845485931951,0.7353390978778506,0.7271621165829713,0.7266461026568812,0.7962550953350516,0.8504622296517347
113,1.420141886737546,1.0641118516533477,1.0506025614681873,1.0031253670225313,0.9808666463732282,0.9805302235396743,1.014011923351852,1.0555331156033554
114,0.5065112690782934,0.5618875524683243,0.6028204935291953,0.672368252418753,0.7395106611269194,0.7288420169614203,0.8001824767703494,0.7438289599521071
115,1.3048199593741594,1.1390663065421136,1.12861109296102,1.0695469112437685,1.0382527034587246,1.0382565340058525,1.097769304589869,1.23826169247716
116,0.6754157272231277,0.5338742868763745,0.5478430528962738,0.5213372418060629,0.5041053791881444,0.49743407533297274,0.6009124567094867,0.5395154392129021
117,0.9479089808142008,0.8252720256772808,0.8050939311195457,0.7661759545144037,0.7363506457110329,0.7326009003220877,0.8248299728094985,0.9699636361045793
118,1.1763160628982907,1.0512998449600357,1.055323511138013,1.0478466244454048,0.9915136333588493,0.9857623678313141,1.043759112163465,1.0869391894945748
119,1.0095423707941513,0.8228480941496512,0.784307238647439,0.7391211902013817,0.7207888607435801,0.7148600846539988,0.7764410444166221,0.8613728341550703
120,1.0119542902722676,0.798063062965153,0.7986790418602365,0.7574668993520818,0.7377749044769178,0.7301011999791084,0.8268385017083948,0.8204245748755555
121,1.1946761231259184,1.0500931194641245,1.0546367514894393,1.021512940575352,0.9934540869098666,0.9814636697143401,1.016677225981658,1.1678210833653138
122,1.1757762514067664,0.9387102099069006,0.9367849574519813,0.8907284232935734,0.879862351368431,0.8597988829168984,0.9013309228209734,0.951758093339066
123,1.3313202858297875,1.1415157954639834,1.0791026647649364,1.0609859490091968,1.0386819814618629,1.024789435041789,1.061251933194124,1.1542654158055448
124,0.9971646123163248,0.9835035797548914,0.9993990011931794,0.984494275922406,0.9613925528117222,0.9597924930500111,0.9696001987331232,1.1588510837578938
125,1.162204839698656,0.9972832858069347,0.9592827670653572,0.9090071186078257,0.8735089524634788,0.8647128908731839,0.913631299732939,0.9493515630063024
126,1.199833006775108,1.0761411745026785,1.0559625477817927,1.0256106838313455,1.0127764330685567,0.9941820671943227,1.0408899492260688,1.145090559648394
127,1.1766629111675388,1.1015765301796874,1.0713570794718243,1.041604831631381,1.0041156088601646,1.0054110670861085,1.019052171030176,1.190037790919708
128,0.5629456640655012,0.5839866266245731,0.6123331625576902,0.6444529738316112,0.6645771531985429,0.6862778346876129,0.7579508275548783,0.8230469184993346
129,0.6018288451660793,0.6061532039588483,0.6427179206835145,0.6838021749528346,0.7049472166491445,0.7074100809518694,0.8378082381155555,1.0108814638267425
130,1.2365906387771894,0.9903876708625066,0.9141482212047883,0.869303277537139,0.8159637838337795,0.8013053600166433,0.914178499518587,0.8647182640293439
131,0.6199486559600005,0.43624069788144504,0.44745776553114835,0.4151417339953851,0.39178113487516086,0.38890734918583275,0.4906444928308771,0.420916118091486
132,0.6618596913228282,0.609788298486676,0.6227441450332295,0.6321484186096042,0.674053961802138,0.7083385410474364,0.7815496898438765,0.8125803111010924
133,1.3173430328166944,1.1688530186486554,1.1525302642650115,1.1257753646157773,1.1012780834433415,1.081357093816988,1.1216341860973846,1.1698056498122156
134,0.9796571343490553,0.8213235213996375,0.8086036255637676,0.7840244619818607,0.7567668413296432,0.7498682792976337,0.8369478431034425,0.851821837827083
135,0.9431099954256291,0.787067958621197,0.7402827429506004,0.709176777397275,0.6808753022052538,0.6724264879249789,0.7425170148825738,0.7579849558459817
136,1.3391347344101632,1.077297284590985,1.0386994781589751,1.0047055030762357,0.956875717888593,0.9382032641157914,0.9815005851415411,1.0894098599979076
137,1.4202007440619993,1.186785648776874,1.1351367134322787,1.088346336207261,1.051142408646784,1.036399243106677,1.0862395355241332,1.1731992374717912
138,0.8543038549239234,0.6897535095545597,0.7127135936811907,0.6879139476405691,0.6642333475905401,0.656325979589278,0.7327812478214174,0.7210784491295021
139,0.9367258757068091,0.9449587208423537,0.937572782884066,0.9522093607471094,0.9662952652946734,0.9843036284050742,0.997696956801598,1.0223876458419066
140,0.7555722323297667,0.7082615815318724,0.7013033615425819,0.7103442331278184,0.7292735336507772,0.7160257959986713,0.8477488719356207,0.8649670240970252
141,1.213329525044195,0.9782578564603627,0.959078958316063,0.9402917303918138,0.9015120120922872,0.8920950483559522,1.001052515079859,1.0877709993207292
142,0.2597357181574209,0.30408178742200914,0.338600552871446,0.3990300902123996,0.493124837224101,0.5281220753943916,0.6429294585241707,0.6138683914918918
143,1.244248472315829,1.086427782476725,1.0667581074294739,1.0429479223198463,1.0016352549200556,0.9871632722406573,1.0237235325909244,1.1677651034299006
144,0.7633378213795773,0.7702793964112316,0.7929857410584702,0.800047367243278,0.8239729552086807,0.873453883898411,0.852390952892774,0.9345005803293724
145,0.4030731929056217,0.4422409087161743,0.47169805559153727,0.5145079843829671,0.5433590653083927,0.5354978212104061,0.6638873163696243,0.6015802873631965
146,0.6652484292471584,0.5471148620151384,0.5513331416788895,0.5165565380378756,0.5117298357353487,0.5088282080196928,0.6478210299382497,0.5924218655956586
147,0.9496783919934425,0.7187854783801709,0.7321349169033814,0.6919808305640011,0.6704160872959224,0.6620744575898171,0.7603280033792262,0.6936335325862563
148,1.0074139190629514,0.9536400720398217,0.9306575362109796,0.932310442446443,0.9567418411964094,0.9479316976211585,0.9535220846299504,1.069957687450657
149,1.1431875630425468,0.8829300112375217,0.8431158601472474,0.7970943741569377,0.7807762354218374,0.7685517073005986,0.8417660282842295,0.8304615629404759
150,1.0977489691171194,1.0358176243158181,1.0413604308917623,1.0312959272919522,1.0030973173312643,0.9877516927181738,1.0276827024724593,1.2475112797617656
151,1.2770052203662423,1.1210782540393545,1.1052131372157974,1.0473741293724497,1.0172373861385229,0.9989552311317689,1.0162205867939098,1.147623452870303
152,1.0774558308614524,0.9364467838816773,0.9091536722834217,0.9085195520900267,0.9147870119489023,0.9366308576315492,0.9945334395783134,1.057017615763482
153,1.330236780331475,1.101366360803831,1.073007692549126,1.0122087653807925,0.9896376149935284,0.9783876869721188,0.995430800058112,1.15009558590585
154,0.6069745564160106,0.6481645480069201,0.6631889299454411,0.6679337528284839,0.6555900556104451,0.6593856731105999,0.7270947192995638,0.6917214297205335
155,1.1352298471467324,1.0233608673026042,1.0158873417641903,0.9894360665286257,0.9550337547547033,0.94009108742607,0.9917562100982222,1.1454485989702543
156,0.7615722226358324,0.7539868548883373,0.7610201349286708,0.7701116935731782,0.7627030959560224,0.7614043666485034,0.795346019971415,0.8470794403112533
157,1.601608565388929,1.26103215197591,1.1798959483450409,1.138197517094719,1.095189626588378,1.0801574622552665,1.080229781554465,1.201516008037718
158,1.3181233393592438,1.1464670835305464,1.1254064072814127,1.0780994067682703,1.0388367467467154,1.0256512260050972,1.0894563629081877,1.2233147204914274
159,1.1215875912445825,0.9976497195098365,0.9907044052281161,0.9466995405867515,0.911097328672053,0.9010563708927808,0.960393454618701,1.0202522912886274
160,0.6606395879627123,0.7155598040549324,0.754206244743788,0.7790684999616544,0.7977038209273807,0.7930948057158651,0.8783567995110676,0.8953383173065308
161,1.2491261681619061,1.0676491314344656,1.0272758359180232,0.9937389156663367,0.9690169720576427,0.9551922464588031,1.038527496731393,1.0819723950822806
162,1.324460967961952,1.1688385445072191,1.137857800085084,1.1030601579933965,1.0686549348070158,1.0426242456599428,1.115028707262018,1.2472271754895714
163,0.3834161386137394,0.3980280304232332,0.42386470093553597,0.47185539471787413,0.5378309893296315,0.550744134237547,0.606323944175604,0.628926231096136
164,1.0542394125347163,0.9627096865069751,0.9434543253531409,0.9548743762070947,0.9608970074536246,0.9468084477337773,0.945910162495286,1.1283820180823334
165,1.3646896072120422,1.1543401637515842,1.119603755468056,1.066426632829653,1.006702557160539,1.0031608310420481,1.0457363755545708,1.1594477268234988
166,1.066654733715179,0.8518042468307792,0.8269687149850903,0.788227628133964,0.7747303905857545,0.7629340700238099,0.8289525842409818,0.8592427890441187
167,0.8242383133992697,0.6896107520299223,0.708464979369965,0.7156663004760023,0.7264515056410682,0.7269886922012714,0.7730698256136024,0.8556411743366436
168,0.7999655520989164,0.5904186972085795,0.6233108974656811,0.6253795203773854,0.6445812682295236,0.6452063949863781,0.7385384113817564,0.7830334908980402
169,0.852708138740768,0.8688262163111813,0.8716826463152015,0.8801351635147449,0.8648258150184392,0.89651779666971,0.9441050470456048,1.0800298756410045
170,1.1898816761271225,1.042983101679751,1.0320852540367962,1.0224452220642333,1.0016109599700667,0.9829505450675797,1.0136220510079357,1.1682803013579277
171,0.9591011756638701,0.7995682013135599,0.7660557519335317,0.7117083748722223,0.6832886979018377,0.6804643881858641,0.7952129679436689,0.7720430171834742
172,1.304137212222352,0.9856840974819778,0.9056062070605169,0.8665414409305368,0.8236441894308142,0.8065722810639322,0.8738923634846705,0.9160998476728004
173,0.9463940661958937,0.7143623165104748,0.7241788773050816,0.6853864758513065,0.6643155947330207,0.6560840205659211,0.7703921221099368,0.6805236539576569
174,1.22726216635754,1.1573845543279433,1.1401046785910072,1.1314794790663816,1.0518069037592668,1.0437054766828595,1.0705770436545377,1.2398816053164097
175,1.4125744637941973,1.1355132539700543,1.0959273518351067,1.028217714504432,0.9847666096801359,0.9684241969957802,0.9894863446861234,1.1091275032399786
176,1.2522337747099401,1.01556161260791,1.0128728712141843,0.9551117678989157,0.9305444257694105,0.9179585704579495,0.9412785481715112,0.9674809620812064
177,0.6101313431413476,0.549880630711586,0.564692556443499,0.5868060345741766,0.6274831247232568,0.6500567674606454,0.8048395497917687,0.7058940288592699
178,1.173912532105861,1.0776656137513765,1.0480218952021312,1.028298949557297,1.0148833139334494,1.0242631006435308,1.040814330885003,1.1735160747326896
179,0.782255759669948,0.643525273643924,0.6165776179603699,0.5934724180617765,0.5781384941490562,0.5709509454662615,0.6819185752189441,0.6502134842973271
180,0.8477098176054527,0.6275314090786315,0.6448614878899371,0.5983471519016818,0.5751820848967729,0.5694928426322463,0.7253558948425431,0.6521119608118683
181,1.3138089150152978,1.186799654975368,1.1540282890772686,1.1180825565506856,1.0701855198627976,1.064648781586467,1.103737362047923,1.158037121025938
182,1.3120476126682639,1.0202809357571287,1.0275967104580497,0.9800767829974528,0.9471718165436,0.9372389401614232,0.9641210837927088,1.1365634707569217
183,1.0407124034561304,0.9281087779701859,0.9259568940340369,0.911002348913381,0.8968583778479189,0.8936228264975504,0.9556190261592562,1.05362433498162
184,1.2031069309764517,1.1352635285377892,1.0757978053077364,1.047485737875486,1.0176371869005603,1.0048866680609205,1.007123684707112,1.2253148391195208
185,1.2191765729812334,1.1076481072094677,1.0454650888572703,1.0059018736049528,0.9777967846389752,0.9684852282480111,0.9971931463270592,1.0933192679278372
186,1.1036260621572407,0.8607631620420317,0.821012667344667,0.7864797338338009,0.745824112204654,0.7338844981325672,0.8184287791250082,0.8530877898004942
187,1.2613617343304402,1.1131766896801103,1.0850719915855,1.0346746725805012,0.9935972364375677,0.9889481562791398,1.0140572014558271,1.0688085532224547
188,0.6833318501065309,0.5350127076719973,0.5375071881517604,0.5106811298736261,0.4933110602746826,0.48870250281055694,0.6340802275581562,0.5405300857394484
189,0.5520651311241503,0.5893396266589249,0.6090579580006206,0.6016811495822265,0.5871096034178334,0.5963395462224229,0.686663727263009,0.7622626353690027
190,1.4324288827124572,1.1822220663914424,1.1156495885549154,1.0612423428213655,1.0004846596663926,0.9904356547951751,1.0080604503750146,1.13263457664162
191,1.307791536046029,1.0557733393808044,1.081184942826444,1.0473938234156228,1.0405513485907736,1.0146557163133954,1.0668648146366646,1.1514653312826553
192,1.1041684426842837,0.8477514042753522,0.8364663198767733,0.7932431834494225,0.7572807364918156,0.7478185334992957,0.7887240219810004,0.9003934507921119
193,1.2763822059656442,1.1592798295156757,1.1270977198235634,1.1132643914776497,1.0668820083201802,1.035310296248209,1.0595502750625716,1.1819215326044012
194,0.8599278679832189,0.8386802067444912,0.8539390339649334,0.8506975523136519,0.8802272038275099,0.898388962310857,0.9369516902128332,1.0076982716419902
195,1.163485101947276,1.1112700789203873,1.1194840875391063,1.132379784615151,1.0901235011229489,1.074756223600796,1.0631734917781968,1.1787545431473774
196,0.9140352933910975,0.7830834926636466,0.745867099376399,0.7169696758495929,0.6963369522665358,0.6885365262798279,0.747475791619481,0.8305841717040775
197,1.1404682652430724,0.9297467853442035,0.9570273311991494,0.9451581616585166,0.929119021842294,0.9287424935525839,1.0072235427707716,1.1252077819884232
198,1.070947574679484,1.0191526738375292,1.024458650449525,1.020958120117959,1.0183646923320189,1.0254203223694036,1.0702227099232862,1.164407451557689
199,0.9638244017942521,0.9122032994159802,0.9116306941419502,0.8766857909694239,0.854645235329399,0.8436343649583997,0.9154521980050032,1.103174325683257
200,1.1056828165078907,1.0395256309533514,0.9998525965343773,0.9744036002802398,0.9486354565005815,0.943012225332496,1.0184360297484585,1.0754006539347385
201,1.2924688813868874,1.1412665138230387,1.142154301983982,1.1217770810120313,1.1199390662937383,1.091816236764881,1.0499451073987425,1.2563100971321426
202,1.0804269888828757,0.8514228655089775,0.814911272436994,0.7690973003390892,0.7356979851816973,0.7240733721974509,0.8306757110728611,0.787391735361486
203,1.0442678034757478,0.7891808572699548,0.7729639554004328,0.7265628414643919,0.6956003587036912,0.6864767832945682,0.814545304174941,0.7792445090295491
204,1.2744146841272526,1.0808871159520999,1.0583104761739912,1.0271110685896128,0.998820871967699,0.9875389489997377,1.0618355755021835,1.1397766287075766
205,0.7455207457245657,0.6991873602487075,0.7317131632932667,0.7561585717864564,0.7994607088563942,0.8341839662593492,0.8880179617626597,1.0126952136630127
206,0.258406725781541,0.28906371884231374,0.30856755783898715,0.3331923292479165,0.3890512875910129,0.42658543352056166,0.6641320209336762,0.4783768409703232
207,1.0978188014353298,1.0024648557156919,1.0032336939630881,1.013938665674663,0.9651631959762886,0.9552087989545566,1.0153496045436414,1.1097363913423075
208,1.1210708656335744,1.0080847820755376,0.9971505012749429,0.9518917193177588,0.9546158045181335,0.9578122280717328,0.9970682861859996,1.0682977379542238
209,1.3057855735601827,1.1331610579385072,1.1065340364763594,1.0741043747459502,1.057025112763394,1.03478775264907,1.0937793385573715,1.1433928080415705
210,0.2118338367503778,0.2590876017396214,0.3013115349830521,0.37407598249522805,0.5064699698798177,0.5903943659101576,0.9015006090311448,0.8457386012425337
211,0.8737805701196641,0.6735557332472214,0.7123237878754825,0.6953429269742742,0.6635677292492077,0.6542160896435609,0.701864061148041,0.6970593280003818
212,1.1457369034401166,1.0632778869735324,1.0403289518830383,0.9985470915024751,1.0007835435197152,1.0176048330796494,0.9933417031390798,1.1436754537023424
213,0.9226628090008552,0.8139062072179843,0.8064622772942811,0.8073621320020102,0.7917093912983142,0.7733800634490812,0.9010838751090235,0.9211844626334992
214,1.1206400563339451,0.9000670535519967,0.8788155722138978,0.8315562611586449,0.7989367580793695,0.786372021678957,0.8495731352805255,0.8837905580613941
215,1.237402910877608,1.1447177504037147,1.1006250899626078,1.0769610583329874,1.0118601825803422,0.9775629526264406,1.0316345687237922,1.082318542460082
216,1.368620116077057,1.1232066696445595,1.1064070539724973,1.0292959653269629,0.970509232593084,0.9603492543981166,0.9848931105131022,1.0825180488589696
217,1.0539648541005544,0.8439369908386505,0.821932618568683,0.7823464884211483,0.7688703161271213,0.7569493771008822,0.8258630090607239,0.8571696079482384
218,1.1992302078282795,1.1385298057271604,1.1063656874452927,1.1069214983286308,1.0732355039983956,1.027579725022635,1.082903870919101,1.1916912285771353
219,0.8614549206835791,0.8650059417602332,0.853146708888805,0.8254455955071335,0.8300216581150517,0.826873349707008,0.8477217807103621,0.9406795818475108
220,1.1286382517993252,1.0820979902345276,1.062626936082726,1.0309900049027974,1.0007902742980668,0.996072589893891,1.0458476175947005,1.1793398853946366
221,0.6771546023858726,0.7241006901414309,0.7394464674702468,0.7563629761473796,0.7646552947055035,0.7695532797508466,0.8152051761097882,0.9105457267184246
222,1.3054645265399478,1.1339428212084175,1.113552892887938,1.117640964901098,1.0865441305932817,1.0831419039922914,1.1128071117929093,1.2249580048592257
223,1.5161403423665956,1.1112287540601467,1.0430965256526525,0.9655776705266439,0.9223216155507525,0.9061799958175378,0.986394726210071,1.1252679479522094
224,0.8239420866201626,0.6524669729612766,0.6096403046759654,0.5724560141140459,0.5458305351505393,0.5372102557562909,0.6620883200114571,0.652578560698863
225,0.911211907268646,0.8124492272451697,0.7956644658407203,0.7764632339150568,0.7555235296739863,0.7423869379739557,0.820791025494299,0.8761270786797455
226,1.1352530455048369,1.014163917267386,1.0010716551657404,0.9541620575444184,0.9557175694098963,0.9578749484521092,0.9917448401301652,1.0758484856192423
227,0.9860967376940571,0.9647229111309436,0.9689974752573998,0.9881029521271041,0.9689770665049021,0.9523272189190439,0.9717954218483656,1.1380476775900092
228,0.5501271809971714,0.37864390164565975,0.42373720948985144,0.3927096594622081,0.36645240291532394,0.36364462934927594,0.4747198223276313,0.3875782836135674
229,1.4422033982265683,1.2006014537572252,1.129621505290511,1.0864876737171054,1.0445816473155514,1.0251094484681964,1.0859859548890034,1.2428769280530385
230,0.8371437246709529,0.690307109158728,0.7089205397126065,0.7194991192697203,0.7347608842642186,0.7363917197762408,0.78623751919803,0.8431760159926515
231,1.1601194946144096,1.1324078625917404,1.1315272083143566,1.099770973232995,1.1019579374678665,1.109303428235301,1.117766034702472,1.264903803903016
232,0.9084405924272726,0.7232409506108235,0.7517909907189895,0.7382541911575671,0.732672390080521,0.7324259530699262,0.778537669635305,0.845813671429908
233,1.321045712384041,1.0180342644543285,0.9984148114340953,0.9527261385453881,0.9445182814794604,0.9631159441088311,0.9902347994221762,1.1461067171397226
234,1.1175513389149632,0.8572939466806964,0.8989779759977578,0.8721714578452469,0.8913499865244957,0.9122003335402575,0.9395234051240338,1.0787874574356575
235,0.6211189509922321,0.5968230820295098,0.5998793259822385,0.6141352556154619,0.6343867689277025,0.6495824461832586,0.7081924643643225,0.7223629074015447
236,1.1699604289598564,1.0072695280237192,0.9988535429810161,0.9633976126625181,0.9395363603418555,0.9444702336826973,0.9944530008770898,1.113813100582577
237,0.9876996944995541,0.9324995538232407,0.9226919033966513,0.925675234771094,0.9248708312153971,0.9185419897024117,0.9811927031719532,1.028687159365045
238,1.1464077624515214,1.0131762877336141,1.0385718663217312,1.0246163773964443,1.010115240507157,0.9904349435802472,1.0752767845609672,1.1698559452264612
239,1.136760520710916,1.0605616122580386,1.0528961494014262,1.0242662297913334,0.9932102333029226,0.9781539176802863,1.015369122976002,1.2176383995900906
240,0.24075583773747494,0.2782009952730278,0.30798512264456124,0.3515306303487526,0.40532820639422484,0.421861717656932,0.5874458982446338,0.4697142914666724
241,0.37425078438172155,0.4316497699532358,0.4880490648656316,0.5718984033460167,0.6322818858547348,0.6388825214853389,0.7604020792052744,0.6199066831062217
242,1.318073534055607,1.111253936476497,1.0600291243218938,1.037514350600727,1.0018780773644969,0.9959863326267561,1.0192327256409095,1.2075544229558095
243,1.1162039003303168,0.9604283992413688,0.9542771144004282,0.9067196476254991,0.8829158451678618,0.8762777230523325,0.951685397606068,1.011990199256891
244,0.9988283500942811,0.941694966435759,0.9508155686294684,0.9233336224544696,0.8895799228359276,0.8892784831636882,0.9208438089170788,1.0090075296081464
245,1.0650942519749347,0.8245008873440871,0.8204843210676841,0.7744612451677051,0.7510152621401701,0.7440984181488154,0.7926282345943831,0.8195850311985694
246,0.5512286635561234,0.612378610197225,0.6516649365918636,0.6941030381571212,0.7374968539683832,0.7444250344516052,0.7666169972069778,0.8435548958834141
247,0.48333382507200123,0.5177977070955634,0.5332547150750303,0.5569389068461181,0.5526779145952214,0.5587413087063271,0.6775261061480105,0.7474137717240054
248,1.2773149307979366,1.1323013194783995,1.103805004122319,1.0900596012017285,1.0381126722393765,1.0268612843052898,1.0320351927947249,1.1783025318830231
249,1.0815272279411465,0.8448898606054307,0.7962599225679375,0.7474672088883924,0.720884915691576,0.7076767672199974,0.7952176210779888,0.7716203143381297
250,1.3379096292325572,0.9886399212325396,0.9660442525241755,0.90529293462664,0.8725658577422706,0.8594407892845374,0.8901534949159212,0.92431435632453
251,1.3759890808477577,1.1929372503242774,1.1518325410119938,1.1140096973358498,1.0783648494579379,1.0589620162944318,1.050021788806307,1.1980455239796008
252,0.931203433960081,0.918509888243687,0.9289353552470747,0.920836420499368,0.9037316389652625,0.9121127125892089,0.9426884872825289,1.010119546116358
253,1.11953883894333,0.989843770331579,0.9499730261930295,0.9363125257661121,0.9153128598354006,0.9113547419315724,0.9713834144367844,1.0349730166643287
254,1.2342685235531778,1.1404925325093516,1.1003089646147477,1.0761555755114547,1.008868701294213,0.9759661716423321,1.008349448416586,1.0782895337878016
255,0.9660585153071103,0.7762762194871781,0.7725092041402284,0.7363274737019068,0.7089007505549105,0.7013465528320648,0.7945225560251856,0.7647220246555014
256,0.6239195824348075,0.6871715180963043,0.7246957534249822,0.7462854170525218,0.7278164675716471,0.7218548408015042,0.7865786611392341,0.819855289410569
257,1.068860760152351,0.9568749119939566,0.9558935725152685,0.9382860475234129,0.9109392290077363,0.930722302489122,1.0000153586268026,1.1571919790854133
258,1.0840988618410852,0.9792594702567639,0.9667447698188902,0.948351639380757,0.9521101379683289,0.9506951573615187,1.00788141393022,1.123816368427942
259,0.4296665004682775,0.48559229787332275,0.5218431245319852,0.5623746124030318,0.6033451648863497,0.6327371580114387,0.7225626477217756,0.6275961875475242
260,1.2736945857242803,1.0572751910482607,1.025302987104617,0.9803041603427924,0.9340547340309786,0.9254315643957913,0.9420757455483808,1.1053446444839543
261,1.3226221311466237,1.1364862393000403,1.110569600669335,1.0624897481583722,1.0364313992254925,1.0171133118601345,1.0561705546558495,1.1294185880815233
262,0.5678183066468542,0.5985336104939085,0.630663151501059,0.6543721330846121,0.6845378794209921,0.6978281885715746,0.7533108948933314,0.7801028491380202
263,0.34828608292894553,0.38453201916418706,0.4180122501922825,0.4708975444063204,0.5339470652883602,0.5750394426160357,0.7773464912954722,0.6412975370118366
264,0.40681102803777874,0.4435173481788725,0.47545271933769373,0.5115126595668638,0.5513457221607431,0.5637416621094068,0.6959355805614276,0.5989171266262523
265,0.7424249829284277,0.5736044480823964,0.5999686054345311,0.5696988017335718,0.5416257938970006,0.5421647401136015,0.6186847959758086,0.5908446562450876
266,1.2277560644116678,1.0906276147299419,1.0564519768630674,1.0069333408113503,0.9871464826430886,0.9688436074653354,1.0322150696922463,1.1436263061062173
267,1.0999269735493975,0.9339058253586169,0.925954204589234,0.884656086146462,0.8549452632389144,0.8436480043798384,0.907138696256782,1.0173938355569587
268,1.1706414747542797,1.0131513744928888,0.9961773996108725,0.9660477970109957,0.9469203677333143,0.9315985794152428,0.9650683684830828,1.030776895219974
269,1.150019647664227,1.0265588862664554,0.97801279280046,0.9397947027774445,0.9122022289799427,0.8953742469788054,0.9505888122255785,1.0371155763517026
270,1.1327608537699985,1.0122558297887465,0.9479232561290173,0.9130612594385585,0.890217409337361,0.8732755695691898,0.9116639353463452,1.013199259327658
271,1.1754366190944454,1.070770560410487,1.0581785071535674,1.0317193444561026,0.9940241261378415,0.984756251097666,1.0166645842982127,1.1570161010594435
272,0.5751877054960376,0.566267027684409,0.583852375975969,0.6017791606456543,0.630404793667869,0.6338249563540527,0.6760940628892839,0.8180893553816747
273,0.4153909756481886,0.4685921907967796,0.5121953262636139,0.5665645277805786,0.6051850256777455,0.6070470616530572,0.6836197984891764,0.6007840315486188
274,1.5878408453258688,1.2533124715988444,1.1745389371534802,1.1279972343393188,1.0832195113227017,1.0700356951383796,1.0943298701042103,1.2020351995797771
275,1.3983748287546638,1.1360824776990655,1.0959412132139255,1.0270863542767688,0.981824664556291,0.9636442985898189,1.1097364505518974,1.1294263089211538
276,1.2179405030898305,0.8980661383717485,0.8814818693206483,0.8131689493184264,0.7753713449562543,0.7610202190794468,0.8268100985161364,0.8206315100853891
277,0.7934833473208189,0.6124981975398177,0.6103334707312832,0.5813711616097815,0.5658630399984909,0.5601073301236904,0.6840830764440939,0.6563919993076748
278,1.2183025792590079,1.0388735291914035,1.0076180055806339,0.949348715988451,0.9113430942852,0.9085441038073424,1.0065749809115916,1.0329800131016895
279,1.0597331173527667,1.0612411751564197,1.0718685571649835,1.0383806648494798,0.9792689854055826,0.9666258158677683,1.022631457488963,1.1280072552870366
280,0.4075366590619227,0.4448219588118957,0.47815136807897385,0.517031621554687,0.5646498600659852,0.5810151132256988,0.7103848217737792,0.5984021917329967
281,0.6198673849212398,0.5754282340113749,0.5752953548890204,0.5882959041808612,0.6005106359540421,0.6305728859432999,0.7672083193491288,0.7593338927239369
282,0.23932166013065956,0.2647720972251207,0.2939214550772065,0.3406883465343644,0.4105158670700421,0.4520022541158578,0.5852881894316035,0.5819178064950006
283,0.9822656820597065,0.9305389852505512,0.9230722918538444,0.9320629276100537,0.9345290508535549,0.9288917631866865,1.0096108039055656,1.042725735816881
284,0.6800144122035398,0.7292059509828391,0.7741960299177544,0.8231259303415456,0.8165127669155315,0.7780755538827319,0.8610923762071893,0.8487904832644638
285,1.2809929831099205,1.1838189908027559,1.1690795168771138,1.1232013564457726,1.080559565260323,1.062271501717809,1.1293982176919282,1.216146793134275
286,1.4735899573297944,1.1687427892870814,1.1072111039746033,1.053543611989364,1.0056741993742633,0.980741436067693,1.024126215405455,1.1092348771499632
287,0.7680501671824882,0.6063622816515932,0.619569389717943,0.6149380393273706,0.6278610050618187,0.6490606265192019,0.8529421590521531,0.7484491995951075
288,0.8368342108745823,0.6569135205200126,0.658060278039544,0.6232441794458351,0.6020299627011197,0.5914796651736821,0.6951256922180774,0.6447856513139582
289,1.228299952058212,1.1244886368452645,1.1262871766966571,1.1071488370655425,1.0898505540095467,1.0916449688179837,1.161593670137953,1.264602282648685
290,1.3176860315526822,1.033583542265325,1.0291685715986685,0.9831497649610347,0.9725557440160142,0.9590161293374786,1.0452776819170837,1.1485155311726667
291,1.224532950378918,1.1224196972994622,1.1291171807310372,1.1138914045839556,1.0971669691427537,1.0991369850333153,1.1505351186620745,1.290516441063799
292,0.7634017623770799,0.8119637733560046,0.8474424089130804,0.8795036198667229,0.8970971841771355,0.9135196556926081,0.933714385235708,1.0606998879297584
293,1.2079079500655772,1.0206715261886283,1.042183589398975,1.0304392336820571,0.9783087584733356,0.9607830095381263,1.00002193683033,1.1323472028200523
294,0.91689103707361,0.7827246928805807,0.7795458967542707,0.7434065209494158,0.7171394735764726,0.7125864609648,0.8194424255216259,0.8582965868331511
295,1.106244955986388,0.9349137517824759,0.937569985337843,0.8891868774636713,0.8729603414677604,0.8683027302513376,0.93786347918645,0.9656739877901204
296,0.835678953337334,0.6700030610602321,0.6654262960195294,0.6380921439415403,0.6195493092195886,0.6095975745177917,0.7207042501596699,0.6725946258187454
297,0.8269060754057808,0.8363100549223961,0.8317344337265504,0.8287141961284504,0.8374937404394722,0.8270488368557755,0.8783914245895257,0.9057467058354592
298,1.2408200889773466,1.043548005245589,1.0131974107334847,0.9979456486979764,0.9672548073071783,0.9566659161283454,1.0221006584793515,1.0944330504474489
299,1.2195770336058454,1.1424303953265564,1.1269702810507862,1.101622406318227,1.0489214487877387,1.039281596365369,1.0785281155281146,1.2905031900882045
300,1.051339989676988,0.9854694386943095,0.9902675432574038,0.9841268884687929,0.9475494662296895,0.930831542907928,1.003313137415213,1.1478760924577056
301,1.257614295826727,1.0178611219616616,0.9902008657571632,0.9419738543032371,0.9120490866389671,0.8970067270528918,0.95625456694736,1.0322244352461516
302,1.2915021367216313,1.1175725990230194,1.1007357080178868,1.0752809573833502,1.0354042456945816,1.031894935878126,1.0326700719655573,1.2215300728159542
303,1.2121467440169549,1.0718238032449514,1.037448398808632,1.0047024060494756,0.9628768871440029,0.9645071629944287,1.009556578226762,1.1421196591523204
304,1.423936553365408,1.0851040529781277,1.0378075654428065,0.9880822208598966,0.9399620982205469,0.9232986043779053,0.9456002272239146,1.0022866477603491
305,1.1001241866231188,0.9354096676962999,0.9107854264628003,0.8597069742438759,0.8194848661939781,0.8083376042666279,0.8953045875535119,0.9276664017600312
306,0.5686752301699711,0.5590685680560135,0.567025223865707,0.5770843812623365,0.6003151078817971,0.6115643668774577,0.688381236255538,0.7565766335546853
307,1.203726745935868,0.800098085152478,0.8535663737245882,0.7883490681205659,0.7449035042903186,0.7412603661827893,0.7557329983029321,0.7990260376117919
308,0.8884190613542301,0.9035597283657277,0.9249413500698168,0.9279752302466034,0.9178651244897656,0.894699705655722,0.9309635015675812,1.0708700668514637
309,0.7528719470379736,0.5743987860011619,0.5828947938149251,0.5558429439489773,0.531484759232661,0.5287047128739174,0.6239810744211934,0.5818826077080085
310,0.9989752089728211,0.7847111193032242,0.8378540813771006,0.8159685034569492,0.7610613162854442,0.7510102712624658,0.8543472790755905,0.8307222087456768
311,1.2655609299050061,1.0177848296987235,0.9527118565959001,0.8834139964837088,0.8335734521979437,0.8214378869528158,0.8402704299353618,0.9733592381189836
312,1.0515255406013897,0.9643070058698532,0.9490536020451702,0.9338021492870535,0.9110405020038522,0.8964875380054595,0.9760276271249048,1.0358840608608637
313,0.9337713950997517,0.8375496968881906,0.8649936984882844,0.846795355561694,0.8113393534432786,0.8154112763477542,0.9071572877106692,0.9346723188016974
314,1.3610796824387206,1.1323976773593682,1.106900720611772,1.0714280799724227,1.0269286985678836,1.0119383248124214,1.1067026050318756,1.1335537281570571
315,1.4439551979861784,1.2165746668099955,1.1573859541049856,1.1224184951449272,1.0949248226787045,1.083124411530433,1.0986989989305056,1.197478062645294
316,0.13730455821491191,0.18050390342179515,0.21977551348093685,0.2841254041690209,0.37140295543576696,0.40180539118961967,0.4846477720930732,0.6318507454284341
317,1.2808162938627177,1.1654134711202249,1.1451544960851059,1.111204653549767,1.0614543083327814,1.043922169601713,1.1132057354421427,1.1864686890773155
318,1.0149439034468788,0.9493601295793919,0.9558214533403745,0.964688269021629,0.9588444690385216,0.9419001902893062,0.971541046601604,1.0719053461646093
319,0.21390039894257692,0.2618788765559377,0.3048538345116047,0.3788778368892769,0.5136523505476295,0.5994403399449051,0.9278927963166218,0.8570603643759411
320,1.151027709003254,1.0669185138897102,1.0519985265918095,1.0355400622970936,1.0301416563957406,1.0507779874748968,1.041571992947801,1.1891706528518864
321,0.6024084603509356,0.6422893560512425,0.6834136887678038,0.735633100136945,0.7387913054847303,0.6980769609784995,0.7680587248509053,0.7886348826285229
322,1.0615297275259115,1.0290993961302826,1.0213024586221917,0.9748405158262428,0.9257060500976869,0.9264754380469005,0.9354045811138352,1.0617598469493532
323,1.2110728824918078,1.0000242518142601,0.9756279722852865,0.9219230375919207,0.8709023481680049,0.866389439251232,0.9029814605878412,0.9888706632306848
324,1.131941854139942,0.9449952875460361,0.9367351202897906,0.8986492522128718,0.8761130918832615,0.8732203700879341,0.9298102707711496,1.008099392717283
325,1.494226654991738,1.1818244846568757,1.114660110512717,1.0619888967420226,1.0115419478685672,0.9880673542729079,1.0836793846300945,1.1028376024525648
326,1.0524290592057322,0.9436490122242954,0.9217909188570631,0.9006074362788832,0.8699804516067063,0.8495118786202189,0.923662982146382,1.0424584754740636
327,0.766637561714882,0.621328431863749,0.5983882538016729,0.5672671787891975,0.5420838793921607,0.5364598764649668,0.6468973899256969,0.6313271507100141
328,1.0670503769097435,1.0243420010408166,1.0125741695625528,0.9905602656875905,0.9696929547278337,0.9468042004787222,0.9834422409743346,1.108273952304318
329,0.7910533353210464,0.6227693805827429,0.6249681661201192,0.5993066608455139,0.5718724002277382,0.5682144300669618,0.6602527764160349,0.6602671488190888
330,0.8636762096904271,0.843270040502139,0.8615963005484066,0.850526937791229,0.8445565459651309,0.8324118019862494,0.9292640879616582,0.9542593038397404
331,1.0750442249205783,1.035671890652627,1.0123278650499894,0.9938557012974378,0.9412329112698078,0.9184290418184137,0.9558462303599236,1.1330770560282892
332,1.166103105551728,1.0001065322817257,0.962263860429446,0.9096768006602953,0.8737300191779264,0.865326703924617,0.9605130607628906,0.9540613354880706
333,0.8217495474572418,0.6480002670805748,0.6477946719576776,0.6081919984566113,0.5897123638799722,0.5845161245326517,0.6844908826304561,0.7744559632787759
334,1.263813575967598,1.1222217303665019,1.10218111722101,1.1112014100664152,1.0889467621588165,1.0471431643786633,1.172799422821995,1.209925441436082
335,0.8016047682655656,0.8111142681804502,0.8259364396358609,0.8332859883070484,0.8242514555055023,0.8252720562621462,0.897370354295623,0.9184112398126604
336,1.1655558399060988,0.9513228188659122,0.9307920873525961,0.8784380883311811,0.8384168371705019,0.8305102080389875,0.8778846841359281,0.953957872418265
337,1.443657989316532,1.2371463175840283,1.149737561834525,1.0545835404233679,1.0249625933259505,1.0197161732497073,1.0689733288014969,1.1964093807888276
338,1.2465381103403375,1.1326184911529122,1.1198706732568877,1.0828842841333486,1.0584442724259713,1.0369938959425622,1.0922570349081089,1.151235395701867
339,1.0878865385810244,0.9495386242798408,0.9200882817174355,0.8862740666937771,0.8589756338782666,0.8541119162122782,0.9231974647584268,0.9581727093566595
340,1.2887976440639886,1.1151362015532946,1.1000132163695246,1.0733139662153481,1.0343281193193965,1.0308863381977915,1.0611562675015067,1.2015518317131997
341,1.115097090414705,1.000688011199974,0.9373855975235413,0.9029319537023319,0.8803835606411999,0.8637571497712339,0.9339000190990404,0.9816859487805526
342,1.305443390103376,0.8908251782281724,0.9177301654945725,0.8408691076325318,0.7981855836653353,0.7877104375908889,0.8469989720635577,0.8400665532762168
343,0.8640579049601362,0.8936745365401706,0.9092614738252542,0.9096404592094862,0.8829932715825347,0.8791628743512436,0.9207545526408418,0.992147400101018
344,0.641151088463836,0.6692208728779959,0.7184366468116926,0.7853556258189714,0.8221172395744996,0.8094105385474486,0.8330720243424706,0.8160028535721784
345,0.7301172465464255,0.5892118057303378,0.5882738451988854,0.5650574197210918,0.546237621167789,0.5412420803018825,0.6884389634578725,0.6121613292148688
346,1.0861001675360487,0.982957998494734,0.972668963313539,0.9565135396438266,0.9591981353196081,0.9572132627662149,1.015105179266702,1.1273960433731114
347,0.6966294486033683,0.6758485821841315,0.6966802619152799,0.7177551009329698,0.7063951901726327,0.6954982760077256,0.7540106533005733,0.8141246934501649
348,0.9743336591407967,0.8058454851742552,0.7974068275313333,0.7668537637891278,0.7432528927307225,0.7319607365898286,0.7963054408547992,0.8187320534315035
349,1.3504594188363956,1.140449655328725,1.108234200915638,1.0488188965680165,1.014475718591359,1.0082272910837908,1.07983938562052,1.1012860357033265
350,0.9872117578038448,0.9394543611783225,0.9517879541344976,0.9693543055101389,0.9821383213690804,0.9957718976174025,1.0215308364608688,1.1186675809536757
351,0.7303674285881455,0.7541300666236764,0.7791385067321709,0.7928880088825189,0.8295674658003238,0.8521853339834937,0.8980763253332675,0.9284695277442204
352,1.1468303471912247,1.0359000144739117,1.000217541925062,0.948953469416485,0.9115533905476931,0.9001523638319568,0.9811788294743052,1.0269906433670857
353,0.8119191532365153,0.686781334988997,0.6675378879331016,0.6343681655159639,0.6174829011359328,0.6123533920158449,0.703294385499679,0.788381625355709
354,0.6470950023664449,0.5101174856723295,0.5171720925373544,0.48980206078321675,0.4701904871805173,0.4674270275167773,0.6239560222810866,0.5270391089778578
355,1.0540338481292895,0.9593854648114234,0.9451716176247106,0.9466904129773778,0.8874855575204575,0.8759186444285625,0.96561743090123,1.1300698656257788
356,0.9879801763324443,0.9523913108497195,0.9530881405040522,0.9568277939337791,0.9205129518179567,0.9134672081584819,1.0134244824061642,1.0617493140498386
357,1.1611673421709154,0.9980087385132406,0.9494209430379212,0.9036132007983139,0.8715569300811022,0.8530035836724242,0.9052034688867766,0.9620711390655592
358,1.1301019035939752,0.966739908018603,0.96781210738374,0.950576151677471,0.9442508202325254,0.9467613014301434,1.0225298050559,1.137022345249703
359,1.3334407411098603,1.1452100844041029,1.0829733299136368,1.064441692083359,1.0471349677057802,1.0312494875517866,1.1108212065508918,1.156313806770256
360,0.9570107434705634,0.9724291969586055,0.9762849259245302,0.9473840254669419,0.9283744771795636,0.9300161702990756,1.005441709278639,1.0763554625252991
361,1.3648011569421368,1.0984009968663395,1.096548378932471,1.0581439643098065,1.0287935562372093,1.0303718232706243,1.0815215872691624,1.123908240318507
362,1.138103327602831,1.0089555337458107,0.9695379110205183,0.940861905347249,0.9224165083432471,0.9121928299799259,0.9799291351838808,1.1151044509994916
363,1.1051865773925766,1.025735574832881,1.0220710972376357,1.0141976054344368,0.9885096470168683,0.9655292644473237,1.0251261161783518,1.1335607982209637
364,1.1269572485786672,0.8955688011054151,0.8976802426250214,0.8650864843651979,0.811271139189704,0.8055884846733175,0.8659105187052712,0.9958882431447132
365,1.2080193577588652,1.0998475179238152,1.0776899882414885,1.0411991296898366,1.0139676387271852,0.9992284184812614,1.035585859662992,1.1638840520338585
366,1.1427351684113947,1.0447418863537263,1.0235235188743015,0.98009685874617,0.9446332792724856,0.9417219680335424,1.0623072201510768,1.0637332763354583
367,1.298663463269205,1.0673254661904608,1.1080155745846696,1.0835381135279125,1.0518383496544716,1.0393183092917755,1.053367585262885,1.0993790476200682
368,0.6650881784157215,0.4506857042923219,0.486435443988404,0.4533739899923877,0.42513463597501333,0.43050023073788174,0.6284281572456154,0.4677411123065489
369,0.732710356337788,0.566098024691167,0.5818917697759008,0.5579747472054059,0.5323116007202272,0.5321632962082602,0.7010525894278377,0.5685515987185306
370,0.4144959842402778,0.46732868632779734,0.5098318739668259,0.5608419063990734,0.5948529695063064,0.5972301283034853,0.6752884416662752,0.5972155938291634
371,1.278711083154905,1.1915083643029365,1.1508565374657649,1.091609004238593,1.06002944569185,1.0399072376926273,1.078963570695351,1.1927593318913516
372,0.941751279994175,0.9273742309097117,0.9131485100123025,0.8849567729117105,0.8697806110864089,0.8839474859453679,0.9128094240461994,1.0062250101851034
373,0.7307486775853236,0.44450561674616723,0.48044389322202896,0.4402714564802614,0.41803321726638043,0.41742424171168585,0.6775200099103847,0.4479068626005034
374,1.2196849472715128,0.9313990199269482,0.9257416273603865,0.8768383250875141,0.847763353716277,0.8311213721244444,0.8931479636923422,0.9849021162650032
375,1.0826841410505952,0.956258724750397,0.9255818412652773,0.8862492804296999,0.85346297020207,0.8400093311155066,0.8783256737607413,0.9358544454288006
376,0.6247094080831208,0.6061318256337082,0.6123042528356485,0.6441736446341867,0.6515455973138891,0.6325005945680123,0.7471319764683949,0.7660484498541242
377,1.4295574406217482,1.1681842862011087,1.1286954895207102,1.0562191188029761,1.024793737342502,1.015699404267959,1.080124511305106,1.1399296081187196
378,1.322814729573369,1.0736067473600022,1.0528033349707384,1.0009336087633849,0.958631461131345,0.9477946378626521,0.9961363341491596,1.1557244749365594
379,1.1875139922188347,1.116624648027632,1.0928771881016686,1.0661254019735535,1.0291646297446297,1.013522504996597,1.0591970417192982,1.170140227891501
380,1.2751402243771985,1.0673600590583379,0.9882198282214655,0.9714837961951945,0.9114910952803433,0.9133102629435911,0.941561037929197,1.0313784139170286
381,0.6362017514024495,0.6497169071780262,0.6889484907220995,0.7281720836298698,0.7683759232750544,0.7589053005042791,0.8216420272567235,0.9621435609099788
382,0.8985671833689681,0.6114613968017114,0.6589778014358852,0.6177438236592346,0.5766960480783329,0.5711051570949052,0.7038151552496379,0.6174500166790873
383,1.0421491730435875,0.9878707628478784,0.9664646248505485,0.9379225694988693,0.9347150010255403,0.9316577817326048,0.9670249676850128,1.0802573692240889
384,1.1943456999785325,0.98135448448507,0.9702953004011519,0.9241722588974064,0.8903724889639971,0.8771627078455305,0.9222555589876024,1.0806431855007008
385,1.0468419806430034,0.807265542062419,0.7909439662428644,0.743017202089718,0.7172006691005347,0.7043531427024784,0.7996286381179558,0.7789786610223363
386,1.1753176640715066,0.9927941343823269,0.9778527406416291,0.9418305966352836,0.9150594067653584,0.9102880276462988,0.9445750559869353,1.0091430282661815
387,1.0796800459092402,0.8362743401208014,0.8247217126425135,0.7815921736898147,0.7457100146196748,0.735241690434549,0.8070687883450474,0.8879094702149338
388,1.094839637671833,1.0270467559745917,1.049252657055211,1.0624832662789416,1.063381831801331,1.0616871425939174,1.1130057097708497,1.1144578966031542
389,0.8410218685344262,0.7589007429166765,0.7644973826138141,0.7615959582008028,0.7582075067453913,0.7525241825885748,0.8618543448028666,0.9215971325884952
390,1.307371114379475,1.187517374222201,1.1560114210352543,1.1382104230083205,1.0796933524868835,1.0521318144365683,1.1519133999585982,1.250685719790283
391,0.7255327501914145,0.7613463180058978,0.8011209582587961,0.828897164618461,0.789886835402849,0.7829737974446357,0.8665312689216829,0.8827118597134849
392,1.3093742404039221,1.0245402877241685,1.0201744286140126,0.9670661818638958,0.9233332006795006,0.9058818291366,0.938434198480152,1.0812833838868166
393,1.1052437829070951,0.9494869523009546,0.9534570854493012,0.909215430638946,0.8899127739077669,0.8772540139373735,0.9213740307735744,1.0047228605158771
394,1.0994001394495312,0.930418137543284,0.932384483716032,0.8850275328308194,0.8686902581329125,0.8640579984114284,0.912913085638928,0.9745313290016244
395,1.2664686976592425,1.1208600189964415,1.0839791954740812,1.043522235454484,1.005597300445296,0.9922014844165422,1.0310186702733914,1.1910235327152523
396,0.8693444864209285,0.8557611170870714,0.8595667930520344,0.8652890697560404,0.8528578193097655,0.847369497179771,0.9000183323518608,0.9483149248380764
397,0.834416997229483,0.7225434145552899,0.6979700968057247,0.6648394438251416,0.6390959097216695,0.6340816422512989,0.7085326150276556,0.757705061131193
398,1.0502485625279412,1.00786265384828,0.9787472321419537,0.9718380871313343,0.9760555987769968,0.9763455827750253,1.0414659587600732,1.1018091425299934
399,1.321672842045792,1.1260893273873271,1.0791733190295278,1.0421620884608789,1.0227303732032984,1.0009219889349825,1.0054248280023348,1.1746653810860432
